{"type": "FeatureCollection", "name": "facilities_v2", "meta": {"built": "2026-09-22", "tiers": "identity=1 (IAEA NFCFDB, RRDB); coordinates=3 (Wikidata via crosswalk, r=reviewed)"}, "features": [{"type": "Feature", "geometry": null, "properties": {"id": "NFCFDB:albania:rwsf radioactive waste storage", "name": "RWSF - Radioactive Waste Storage Facility", "country": "Albania", "stage": "waste", "subtype": "LLW, ILW, DSRS Storage", "fuel_type": null, "status": "In Operation", "scale": "Laboratory", "capacity": "300 m3", "start": 2000, "end": null, "prov": [{"tier": 1, "source": "IAEA NFCFDB facility list export", "record": "RWSF - Radioactive Waste Storage Facility", "url": "https://infcis.iaea.org/NFCFDB/Facilities", "retrieved": "2026-09-22"}], "coord_tier": null, "coord_source": null}}, {"type": "Feature", "geometry": null, "properties": {"id": "NFCFDB:argentina:los colorados2", "name": "Los Colorados2", "country": "Argentina", "stage": "mining", "subtype": "Uranium Ore Processing", "fuel_type": null, "status": "Shutdown", "scale": "Commercial", "capacity": "30 t U/year", "start": 1993, "end": 1995, "prov": [{"tier": 1, "source": "IAEA NFCFDB facility list export", "record": "Los Colorados2", "url": "https://infcis.iaea.org/NFCFDB/Facilities", "retrieved": "2026-09-22"}], "coord_tier": null, "coord_source": null}}, {"type": "Feature", "geometry": null, "properties": {"id": "NFCFDB:argentina:arroyito hw production", "name": "Arroyito HW Production Facility", "country": "Argentina", "stage": "heavy-water", "subtype": "Heavy Water Production", "fuel_type": null, "status": "In Operation", "scale": "Commercial", "capacity": "200 t/year", "start": 1993, "end": null, "prov": [{"tier": 1, "source": "IAEA NFCFDB facility list export", "record": "Arroyito HW Production Facility", "url": "https://infcis.iaea.org/NFCFDB/Facilities", "retrieved": "2026-09-22"}], "coord_tier": null, "coord_source": null}}, {"type": "Feature", "geometry": null, "properties": {"id": "NFCFDB:argentina:atucha hw production", "name": "Atucha HW Production Facility", "country": "Argentina", "stage": "heavy-water", "subtype": "Heavy Water Production", "fuel_type": null, "status": "Shutdown", "scale": "Pilot plant", "capacity": "2 t/year", "start": 1988, "end": null, "prov": [{"tier": 1, "source": "IAEA NFCFDB facility list export", "record": "Atucha HW Production Facility", "url": "https://infcis.iaea.org/NFCFDB/Facilities", "retrieved": "2026-09-22"}], "coord_tier": null, "coord_source": null}}, {"type": "Feature", "geometry": null, "properties": {"id": "NFCFDB:argentina:cordoba conversion", "name": "Cordoba Conversion Facility", "country": "Argentina", "stage": "conversion", "subtype": "Conversion to UO2", "fuel_type": null, "status": "In Operation", "scale": "Commercial", "capacity": "175 t HM/year", "start": 1982, "end": null, "prov": [{"tier": 1, "source": "IAEA NFCFDB facility list export", "record": "Cordoba Conversion Facility", "url": "https://infcis.iaea.org/NFCFDB/Facilities", "retrieved": "2026-09-22"}], "coord_tier": null, "coord_source": null}}, {"type": "Feature", "geometry": null, "properties": {"id": "NFCFDB:argentina:ezeiza fuel manufacture", "name": "Ezeiza - Nuclear Fuel Manufacture Plant", "country": "Argentina", "stage": "fabrication", "subtype": "Fuel Fabrication (U Pellet, Pin, FA)", "fuel_type": "Nat U for PHWR", "status": "In Operation", "scale": "Commercial", "capacity": "240 t HM/year", "start": 1982, "end": null, "prov": [{"tier": 1, "source": "IAEA NFCFDB facility list export", "record": "Ezeiza - Nuclear Fuel Manufacture Plant", "url": "https://infcis.iaea.org/NFCFDB/Facilities", "retrieved": "2026-09-22"}], "coord_tier": null, "coord_source": null}}, {"type": "Feature", "geometry": null, "properties": {"id": "NFCFDB:argentina:ezeiza special alloy fabrication", "name": "Ezeiza - Special Alloy Fabrication", "country": "Argentina", "stage": "materials", "subtype": "Zirconium Alloy Production", "fuel_type": null, "status": "In Operation", "scale": "Commercial", "capacity": "10 t/year", "start": 1987, "end": null, "prov": [{"tier": 1, "source": "IAEA NFCFDB facility list export", "record": "Ezeiza - Special Alloy Fabrication", "url": "https://infcis.iaea.org/NFCFDB/Facilities", "retrieved": "2026-09-22"}], "coord_tier": null, "coord_source": null}}, {"type": "Feature", "geometry": null, "properties": {"id": "NFCFDB:argentina:ezeiza sf reprocessing", "name": "Ezeiza - SF Reprocessing Facility", "country": "Argentina", "stage": "reprocessing", "subtype": "Spent Fuel Reprocessing - aqueous route", "fuel_type": null, "status": "Others", "scale": "Pilot plant", "capacity": "5 t HM/year", "start": null, "end": null, "prov": [{"tier": 1, "source": "IAEA NFCFDB facility list export", "record": "Ezeiza - SF Reprocessing Facility", "url": "https://infcis.iaea.org/NFCFDB/Facilities", "retrieved": "2026-09-22"}], "coord_tier": null, "coord_source": null}}, {"type": "Feature", "geometry": null, "properties": {"id": "NFCFDB:argentina:la estela", "name": "La Estela", "country": "Argentina", "stage": "mining", "subtype": "Uranium Ore Processing", "fuel_type": null, "status": "Shutdown", "scale": "Commercial", "capacity": "20 t U/year", "start": 1985, "end": 1990, "prov": [{"tier": 1, "source": "IAEA NFCFDB facility list export", "record": "La Estela", "url": "https://infcis.iaea.org/NFCFDB/Facilities", "retrieved": "2026-09-22"}], "coord_tier": null, "coord_source": null}}, {"type": "Feature", "geometry": null, "properties": {"id": "NFCFDB:argentina:los gigantes", "name": "Los Gigantes", "country": "Argentina", "stage": "mining", "subtype": "Uranium Ore Processing", "fuel_type": null, "status": "Decommissioned", "scale": "Commercial", "capacity": "45 t U/year", "start": 1982, "end": 1989, "prov": [{"tier": 1, "source": "IAEA NFCFDB facility list export", "record": "Los Gigantes", "url": "https://infcis.iaea.org/NFCFDB/Facilities", "retrieved": "2026-09-22"}], "coord_tier": null, "coord_source": null}}, {"type": "Feature", "geometry": null, "properties": {"id": "NFCFDB:argentina:malargue", "name": "Malargue", "country": "Argentina", "stage": "mining", "subtype": "Uranium Ore Processing", "fuel_type": null, "status": "Shutdown", "scale": "Commercial", "capacity": "85 t U/year", "start": 1954, "end": 1988, "prov": [{"tier": 1, "source": "IAEA NFCFDB facility list export", "record": "Malargue", "url": "https://infcis.iaea.org/NFCFDB/Facilities", "retrieved": "2026-09-22"}], "coord_tier": null, "coord_source": null}}, {"type": "Feature", "geometry": null, "properties": {"id": "NFCFDB:argentina:pilcaniyeu enrichment", "name": "Pilcaniyeu Enrichment Facility", "country": "Argentina", "stage": "enrichment", "subtype": "Uranium Enrichment", "fuel_type": null, "status": "In Operation", "scale": "Pilot plant", "capacity": "20 MTSWU/year", "start": 1990, "end": null, "prov": [{"tier": 1, "source": "IAEA NFCFDB facility list export", "record": "Pilcaniyeu Enrichment Facility", "url": "https://infcis.iaea.org/NFCFDB/Facilities", "retrieved": "2026-09-22"}], "coord_tier": null, "coord_source": null}}, {"type": "Feature", "geometry": null, "properties": {"id": "NFCFDB:argentina:ezeiza special alloy fabrication", "name": "Ezeiza - Special Alloy Fabrication", "country": "Argentina", "stage": "materials", "subtype": "Zirconium Alloy Tubing", "fuel_type": null, "status": "In Operation", "scale": "Commercial", "capacity": "300 km/year", "start": 1987, "end": null, "prov": [{"tier": 1, "source": "IAEA NFCFDB facility list export", "record": "Ezeiza - Special Alloy Fabrication", "url": "https://infcis.iaea.org/NFCFDB/Facilities", "retrieved": "2026-09-22"}], "coord_tier": null, "coord_source": null}}, {"type": "Feature", "geometry": null, "properties": {"id": "NFCFDB:argentina:san rafael", "name": "San Rafael", "country": "Argentina", "stage": "mining", "subtype": "Uranium Ore Processing", "fuel_type": null, "status": "Stand By", "scale": "Commercial", "capacity": "120 t U/year", "start": 1979, "end": null, "prov": [{"tier": 1, "source": "IAEA NFCFDB facility list export", "record": "San Rafael", "url": "https://infcis.iaea.org/NFCFDB/Facilities", "retrieved": "2026-09-22"}], "coord_tier": null, "coord_source": null}}, {"type": "Feature", "geometry": null, "properties": {"id": "NFCFDB:argentina:pilcaniyeu conversion", "name": "Pilcaniyeu Conversion Facility", "country": "Argentina", "stage": "conversion", "subtype": "Conversion to UF6", "fuel_type": null, "status": "In Operation", "scale": "Commercial", "capacity": "62 t HM/year", "start": 1984, "end": null, "prov": [{"tier": 1, "source": "IAEA NFCFDB facility list export", "record": "Pilcaniyeu Conversion Facility", "url": "https://infcis.iaea.org/NFCFDB/Facilities", "retrieved": "2026-09-22"}], "coord_tier": null, "coord_source": null}}, {"type": "Feature", "geometry": null, "properties": {"id": "NFCFDB:argentina:don otto", "name": "Don Otto", "country": "Argentina", "stage": "mining", "subtype": "Uranium Ore Processing", "fuel_type": null, "status": "Stand By", "scale": "Commercial", "capacity": "40 t U/year", "start": 1964, "end": 1981, "prov": [{"tier": 1, "source": "IAEA NFCFDB facility list export", "record": "Don Otto", "url": "https://infcis.iaea.org/NFCFDB/Facilities", "retrieved": "2026-09-22"}], "coord_tier": null, "coord_source": null}}, {"type": "Feature", "geometry": null, "properties": {"id": "NFCFDB:argentina:los adobes", "name": "Los Adobes", "country": "Argentina", "stage": "mining", "subtype": "Uranium Ore Processing", "fuel_type": null, "status": "Shutdown", "scale": "Commercial", "capacity": "55 t U/year", "start": 1977, "end": 1985, "prov": [{"tier": 1, "source": "IAEA NFCFDB facility list export", "record": "Los Adobes", "url": "https://infcis.iaea.org/NFCFDB/Facilities", "retrieved": "2026-09-22"}], "coord_tier": null, "coord_source": null}}, {"type": "Feature", "geometry": null, "properties": {"id": "NFCFDB:argentina:atucha sf storage", "name": "Atucha SF Storage Facility", "country": "Argentina", "stage": "waste", "subtype": "AFR Wet Spent Fuel Storage (Pool)", "fuel_type": null, "status": "In Operation", "scale": "Commercial", "capacity": "986 t HM", "start": 1988, "end": null, "prov": [{"tier": 1, "source": "IAEA NFCFDB facility list export", "record": "Atucha SF Storage Facility", "url": "https://infcis.iaea.org/NFCFDB/Facilities", "retrieved": "2026-09-22"}], "coord_tier": null, "coord_source": null}}, {"type": "Feature", "geometry": null, "properties": {"id": "NFCFDB:argentina:embalse sf storage", "name": "Embalse SF Storage Facility", "country": "Argentina", "stage": "waste", "subtype": "AFR Dry Spent Fuel Storage", "fuel_type": null, "status": "In Operation", "scale": "Commercial", "capacity": "2000 t HM", "start": 1993, "end": null, "prov": [{"tier": 1, "source": "IAEA NFCFDB facility list export", "record": "Embalse SF Storage Facility", "url": "https://infcis.iaea.org/NFCFDB/Facilities", "retrieved": "2026-09-22"}], "coord_tier": null, "coord_source": null}}, {"type": "Feature", "geometry": null, "properties": {"id": "NFCFDB:argentina:ctp low level radioactive waste deposit", "name": "CTP Low-level Radioactive Waste Deposit.", "country": "Argentina", "stage": "waste", "subtype": "Predisposal (LLW)", "fuel_type": null, "status": "In Operation", "scale": "Commercial", "capacity": " ", "start": null, "end": null, "prov": [{"tier": 1, "source": "IAEA NFCFDB facility list export", "record": "CTP Low-level Radioactive Waste Deposit.", "url": "https://infcis.iaea.org/NFCFDB/Facilities", "retrieved": "2026-09-22"}], "coord_tier": null, "coord_source": null}}, {"type": "Feature", "geometry": null, "properties": {"id": "NFCFDB:argentina:reactors irradiated fuel storage faciri", "name": "Research Reactors Irradiated Fuel Storage Facility (FACIRI)", "country": "Argentina", "stage": "waste", "subtype": "AFR Wet Spent Fuel Storage (Pool)", "fuel_type": null, "status": "In Operation", "scale": "Commercial", "capacity": " ", "start": null, "end": null, "prov": [{"tier": 1, "source": "IAEA NFCFDB facility list export", "record": "Research Reactors Irradiated Fuel Storage Facility (FACIRI)", "url": "https://infcis.iaea.org/NFCFDB/Facilities", "retrieved": "2026-09-22"}], "coord_tier": null, "coord_source": null}}, {"type": "Feature", "geometry": null, "properties": {"id": "NFCFDB:armenia:dry storage spent fuel assemblies", "name": "Dry Storage of Spent Nuclear Fuel Assemblies", "country": "Armenia", "stage": "waste", "subtype": "AFR Dry Spent Fuel Storage", "fuel_type": "UOX for VVER", "status": "In Operation", "scale": "Commercial", "capacity": "74 t HM", "start": 2000, "end": 2050, "prov": [{"tier": 1, "source": "IAEA NFCFDB facility list export", "record": "Dry Storage of Spent Nuclear Fuel Assemblies", "url": "https://infcis.iaea.org/NFCFDB/Facilities", "retrieved": "2026-09-22"}], "coord_tier": null, "coord_source": null}}, {"type": "Feature", "geometry": null, "properties": {"id": "NFCFDB:armenia:dry storage spent fuel assemblies metzamor site", "name": "Dry storage of Spent Nuclear Fuel Assemblies-Metzamor NPP Site", "country": "Armenia", "stage": "waste", "subtype": "AFR Dry Spent Fuel Storage", "fuel_type": "UOX for VVER", "status": "In Operation", "scale": "Commercial", "capacity": "161.28 t HM", "start": 2008, "end": 2058, "prov": [{"tier": 1, "source": "IAEA NFCFDB facility list export", "record": "Dry storage of Spent Nuclear Fuel Assemblies-Metzamor NPP Site", "url": "https://infcis.iaea.org/NFCFDB/Facilities", "retrieved": "2026-09-22"}], "coord_tier": null, "coord_source": null}}, {"type": "Feature", "geometry": null, "properties": {"id": "NFCFDB:armenia:solid llw storage", "name": "Solid LLW storage facility", "country": "Armenia", "stage": "waste", "subtype": "Predisposal (LLW)", "fuel_type": null, "status": "In Operation", "scale": "Commercial", "capacity": "17051 m3", "start": null, "end": null, "prov": [{"tier": 1, "source": "IAEA NFCFDB facility list export", "record": "Solid LLW storage facility", "url": "https://infcis.iaea.org/NFCFDB/Facilities", "retrieved": "2026-09-22"}], "coord_tier": null, "coord_source": null}}, {"type": "Feature", "geometry": null, "properties": {"id": "NFCFDB:armenia:solid illw storage", "name": "Solid ILLW storage facility", "country": "Armenia", "stage": "waste", "subtype": "Predisposal (ILW)", "fuel_type": null, "status": "In Operation", "scale": "Commercial", "capacity": "1001 m3", "start": null, "end": null, "prov": [{"tier": 1, "source": "IAEA NFCFDB facility list export", "record": "Solid ILLW storage facility", "url": "https://infcis.iaea.org/NFCFDB/Facilities", "retrieved": "2026-09-22"}], "coord_tier": null, "coord_source": null}}, {"type": "Feature", "geometry": null, "properties": {"id": "NFCFDB:armenia:def containers temporary storage site", "name": "DEF containers temporary storage site", "country": "Armenia", "stage": "waste", "subtype": "Other-Waste Management Facilities", "fuel_type": null, "status": "In Operation", "scale": "Commercial", "capacity": " ", "start": null, "end": null, "prov": [{"tier": 1, "source": "IAEA NFCFDB facility list export", "record": "DEF containers temporary storage site", "url": "https://infcis.iaea.org/NFCFDB/Facilities", "retrieved": "2026-09-22"}], "coord_tier": null, "coord_source": null}}, {"type": "Feature", "geometry": null, "properties": {"id": "NFCFDB:armenia:solid hllw storage", "name": "Solid HLLW storage facility", "country": "Armenia", "stage": "waste", "subtype": "Predisposal (HLW)", "fuel_type": null, "status": "In Operation", "scale": "Commercial", "capacity": "78 m3", "start": null, "end": null, "prov": [{"tier": 1, "source": "IAEA NFCFDB facility list export", "record": "Solid HLLW storage facility", "url": "https://infcis.iaea.org/NFCFDB/Facilities", "retrieved": "2026-09-22"}], "coord_tier": null, "coord_source": null}}, {"type": "Feature", "geometry": null, "properties": {"id": "NFCFDB:armenia:liquid rw storage facilities ect and hlst 1", "name": "Liquid RW storage facilities (ECT and HLST-1)", "country": "Armenia", "stage": "waste", "subtype": "Liquid RW storage facility", "fuel_type": null, "status": "In Operation", "scale": "Commercial", "capacity": "3170 m3", "start": null, "end": null, "prov": [{"tier": 1, "source": "IAEA NFCFDB facility list export", "record": "Liquid RW storage facilities (ECT and HLST-1)", "url": "https://infcis.iaea.org/NFCFDB/Facilities", "retrieved": "2026-09-22"}], "coord_tier": null, "coord_source": null}}, {"type": "Feature", "geometry": null, "properties": {"id": "NFCFDB:armenia:liquid rw storage hlst 2", "name": "Liquid RW storage facility (HLST-2)", "country": "Armenia", "stage": "waste", "subtype": "Liquid RW storage facility", "fuel_type": null, "status": "In Operation", "scale": "Commercial", "capacity": "350 ", "start": null, "end": null, "prov": [{"tier": 1, "source": "IAEA NFCFDB facility list export", "record": "Liquid RW storage facility (HLST-2)", "url": "https://infcis.iaea.org/NFCFDB/Facilities", "retrieved": "2026-09-22"}], "coord_tier": null, "coord_source": null}}, {"type": "Feature", "geometry": null, "properties": {"id": "NFCFDB:australia:ben lomond", "name": "Ben Lomond", "country": "Australia", "stage": "mining", "subtype": "Uranium Ore Processing", "fuel_type": null, "status": "Others", "scale": "Commercial", "capacity": "424 t U/year", "start": null, "end": null, "prov": [{"tier": 1, "source": "IAEA NFCFDB facility list export", "record": "Ben Lomond", "url": "https://infcis.iaea.org/NFCFDB/Facilities", "retrieved": "2026-09-22"}], "coord_tier": null, "coord_source": null}}, {"type": "Feature", "geometry": null, "properties": {"id": "NFCFDB:australia:beverley", "name": "Beverley", "country": "Australia", "stage": "mining", "subtype": "Uranium Ore Processing", "fuel_type": null, "status": "In Operation", "scale": "Commercial", "capacity": "1100 t U/year", "start": 2001, "end": null, "prov": [{"tier": 1, "source": "IAEA NFCFDB facility list export", "record": "Beverley", "url": "https://infcis.iaea.org/NFCFDB/Facilities", "retrieved": "2026-09-22"}], "coord_tier": null, "coord_source": null}}, {"type": "Feature", "geometry": null, "properties": {"id": "NFCFDB:australia:honeymoon", "name": "Honeymoon", "country": "Australia", "stage": "mining", "subtype": "Uranium Ore Processing", "fuel_type": null, "status": "In Operation", "scale": "Commercial", "capacity": "1272 t U/year", "start": 2011, "end": null, "prov": [{"tier": 1, "source": "IAEA NFCFDB facility list export", "record": "Honeymoon", "url": "https://infcis.iaea.org/NFCFDB/Facilities", "retrieved": "2026-09-22"}], "coord_tier": null, "coord_source": null}}, {"type": "Feature", "geometry": null, "properties": {"id": "NFCFDB:australia:kintyre", "name": "Kintyre", "country": "Australia", "stage": "mining", "subtype": "Uranium Ore Processing", "fuel_type": null, "status": "Others", "scale": "Commercial", "capacity": "4400 t U/year", "start": null, "end": null, "prov": [{"tier": 1, "source": "IAEA NFCFDB facility list export", "record": "Kintyre", "url": "https://infcis.iaea.org/NFCFDB/Facilities", "retrieved": "2026-09-22"}], "coord_tier": null, "coord_source": null}}, {"type": "Feature", "geometry": null, "properties": {"id": "NFCFDB:australia:koongarra", "name": "Koongarra", "country": "Australia", "stage": "mining", "subtype": "Uranium Ore Processing", "fuel_type": null, "status": "Others", "scale": "Commercial", "capacity": "1100 t U/year", "start": null, "end": null, "prov": [{"tier": 1, "source": "IAEA NFCFDB facility list export", "record": "Koongarra", "url": "https://infcis.iaea.org/NFCFDB/Facilities", "retrieved": "2026-09-22"}], "coord_tier": null, "coord_source": null}}, {"type": "Feature", "geometry": null, "properties": {"id": "NFCFDB:australia:lake way", "name": "Lake Way", "country": "Australia", "stage": "mining", "subtype": "Uranium Ore Processing", "fuel_type": null, "status": "Others", "scale": "Commercial", "capacity": "424 t U/year", "start": null, "end": null, "prov": [{"tier": 1, "source": "IAEA NFCFDB facility list export", "record": "Lake Way", "url": "https://infcis.iaea.org/NFCFDB/Facilities", "retrieved": "2026-09-22"}], "coord_tier": null, "coord_source": null}}, {"type": "Feature", "geometry": null, "properties": {"id": "NFCFDB:australia:nabarlek", "name": "Nabarlek", "country": "Australia", "stage": "mining", "subtype": "Uranium Ore Processing", "fuel_type": null, "status": "Decommissioned", "scale": "Commercial", "capacity": "1145 t U/year", "start": 1980, "end": 1988, "prov": [{"tier": 1, "source": "IAEA NFCFDB facility list export", "record": "Nabarlek", "url": "https://infcis.iaea.org/NFCFDB/Facilities", "retrieved": "2026-09-22"}], "coord_tier": null, "coord_source": null}}, {"type": "Feature", "geometry": null, "properties": {"id": "NFCFDB:australia:olympic dam", "name": "Olympic Dam", "country": "Australia", "stage": "mining", "subtype": "Uranium Ore Processing", "fuel_type": null, "status": "In Operation", "scale": "Commercial", "capacity": "4500 t U/year", "start": 1988, "end": null, "prov": [{"tier": 1, "source": "IAEA NFCFDB facility list export", "record": "Olympic Dam", "url": "https://infcis.iaea.org/NFCFDB/Facilities", "retrieved": "2026-09-22"}], "coord_tier": null, "coord_source": null}}, {"type": "Feature", "geometry": null, "properties": {"id": "NFCFDB:australia:ranger", "name": "Ranger", "country": "Australia", "stage": "mining", "subtype": "Uranium Ore Processing", "fuel_type": null, "status": "Decommissioning", "scale": "Commercial", "capacity": "6000 ", "start": 1981, "end": 2021, "prov": [{"tier": 1, "source": "IAEA NFCFDB facility list export", "record": "Ranger", "url": "https://infcis.iaea.org/NFCFDB/Facilities", "retrieved": "2026-09-22"}], "coord_tier": null, "coord_source": null}}, {"type": "Feature", "geometry": null, "properties": {"id": "NFCFDB:australia:rum jungle", "name": "Rum Jungle", "country": "Australia", "stage": "mining", "subtype": "Uranium Ore Processing", "fuel_type": null, "status": "Decommissioned", "scale": "Commercial", "capacity": "3500 t U/year", "start": 1954, "end": 1971, "prov": [{"tier": 1, "source": "IAEA NFCFDB facility list export", "record": "Rum Jungle", "url": "https://infcis.iaea.org/NFCFDB/Facilities", "retrieved": "2026-09-22"}], "coord_tier": null, "coord_source": null}}, {"type": "Feature", "geometry": null, "properties": {"id": "NFCFDB:australia:silex", "name": "Silex", "country": "Australia", "stage": "enrichment", "subtype": "Uranium Enrichment", "fuel_type": null, "status": "Decommissioned", "scale": "Laboratory", "capacity": "0 MTSWU/year", "start": 1992, "end": 2007, "prov": [{"tier": 1, "source": "IAEA NFCFDB facility list export", "record": "Silex", "url": "https://infcis.iaea.org/NFCFDB/Facilities", "retrieved": "2026-09-22"}], "coord_tier": null, "coord_source": null}}, {"type": "Feature", "geometry": null, "properties": {"id": "NFCFDB:australia:four mile", "name": "Four Mile", "country": "Australia", "stage": "mining", "subtype": "Uranium Mining", "fuel_type": null, "status": "In Operation", "scale": "Commercial", "capacity": "2307 t U/year", "start": 2014, "end": null, "prov": [{"tier": 1, "source": "IAEA NFCFDB facility list export", "record": "Four Mile", "url": "https://infcis.iaea.org/NFCFDB/Facilities", "retrieved": "2026-09-22"}], "coord_tier": null, "coord_source": null}}, {"type": "Feature", "geometry": null, "properties": {"id": "NFCFDB:australia:oban", "name": "Oban", "country": "Australia", "stage": "mining", "subtype": "Uranium Ore Processing", "fuel_type": null, "status": "Others", "scale": "Pilot plant", "capacity": " ", "start": null, "end": null, "prov": [{"tier": 1, "source": "IAEA NFCFDB facility list export", "record": "Oban", "url": "https://infcis.iaea.org/NFCFDB/Facilities", "retrieved": "2026-09-22"}], "coord_tier": null, "coord_source": null}}, {"type": "Feature", "geometry": null, "properties": {"id": "NFCFDB:australia:crocker well", "name": "Crocker Well", "country": "Australia", "stage": "mining", "subtype": "Uranium Ore Processing", "fuel_type": null, "status": "Others", "scale": "Commercial", "capacity": " ", "start": null, "end": null, "prov": [{"tier": 1, "source": "IAEA NFCFDB facility list export", "record": "Crocker Well", "url": "https://infcis.iaea.org/NFCFDB/Facilities", "retrieved": "2026-09-22"}], "coord_tier": null, "coord_source": null}}, {"type": "Feature", "geometry": null, "properties": {"id": "NFCFDB:australia:lake maitland", "name": "Lake Maitland", "country": "Australia", "stage": "mining", "subtype": "Uranium Ore Processing", "fuel_type": null, "status": "Others", "scale": "Commercial", "capacity": "750 t U/year", "start": 2013, "end": 2023, "prov": [{"tier": 1, "source": "IAEA NFCFDB facility list export", "record": "Lake Maitland", "url": "https://infcis.iaea.org/NFCFDB/Facilities", "retrieved": "2026-09-22"}], "coord_tier": null, "coord_source": null}}, {"type": "Feature", "geometry": null, "properties": {"id": "NFCFDB:australia:wiluna yeeline", "name": "Wiluna/Yeeline", "country": "Australia", "stage": "mining", "subtype": "Uranium Ore Processing", "fuel_type": null, "status": "Others", "scale": "Commercial", "capacity": "6360 t U/year", "start": null, "end": null, "prov": [{"tier": 1, "source": "IAEA NFCFDB facility list export", "record": "Wiluna/Yeeline", "url": "https://infcis.iaea.org/NFCFDB/Facilities", "retrieved": "2026-09-22"}], "coord_tier": null, "coord_source": null}}, {"type": "Feature", "geometry": null, "properties": {"id": "NFCFDB:australia:mulga rock", "name": "Mulga Rock", "country": "Australia", "stage": "mining", "subtype": "Uranium Ore Processing", "fuel_type": null, "status": "Others", "scale": "Commercial", "capacity": "1360 t/year", "start": 2020, "end": 2036, "prov": [{"tier": 1, "source": "IAEA NFCFDB facility list export", "record": "Mulga Rock", "url": "https://infcis.iaea.org/NFCFDB/Facilities", "retrieved": "2026-09-22"}], "coord_tier": null, "coord_source": null}}, {"type": "Feature", "geometry": null, "properties": {"id": "NFCFDB:australia:ubaryon", "name": "Ubaryon", "country": "Australia", "stage": "other", "subtype": "Other-Fuel Cycle R&D facilities", "fuel_type": null, "status": "In Operation", "scale": "Laboratory", "capacity": " ", "start": 2024, "end": null, "prov": [{"tier": 1, "source": "IAEA NFCFDB facility list export", "record": "Ubaryon", "url": "https://infcis.iaea.org/NFCFDB/Facilities", "retrieved": "2026-09-22"}], "coord_tier": null, "coord_source": null}}, {"type": "Feature", "geometry": null, "properties": {"id": "NFCFDB:austria:seibersdorf nes", "name": "Seibersdorf NES", "country": "Austria", "stage": "waste", "subtype": "Predisposal (LLW)", "fuel_type": null, "status": "In Operation", "scale": "Commercial", "capacity": " ", "start": null, "end": null, "prov": [{"tier": 1, "source": "IAEA NFCFDB facility list export", "record": "Seibersdorf NES", "url": "https://infcis.iaea.org/NFCFDB/Facilities", "retrieved": "2026-09-22"}], "coord_tier": null, "coord_source": null}}, {"type": "Feature", "geometry": null, "properties": {"id": "NFCFDB:belarus:specialized enterprise for radioactive waste management ue ekores", "name": "Specialized Enterprise for Radioactive Waste Management UE “Ekores”", "country": "Belarus", "stage": "waste", "subtype": "Other-Waste Management Facilities", "fuel_type": null, "status": "In Operation", "scale": "Commercial", "capacity": " ", "start": 1963, "end": null, "prov": [{"tier": 1, "source": "IAEA NFCFDB facility list export", "record": "Specialized Enterprise for Radioactive Waste Management UE “Ekores”", "url": "https://infcis.iaea.org/NFCFDB/Facilities", "retrieved": "2026-09-22"}], "coord_tier": null, "coord_source": null}}, {"type": "Feature", "geometry": null, "properties": {"id": "NFCFDB:belgium:belgonucleaire po", "name": "Belgonucleaire PO Plant", "country": "Belgium", "stage": "fabrication", "subtype": "MOX fuel fabrication (Mox Powder, Pellet, Pin, FA)", "fuel_type": "MOX for PWR, MOX for BWR", "status": "Decommissioned", "scale": "Commercial", "capacity": "40 t HM/year", "start": 1973, "end": 2006, "prov": [{"tier": 1, "source": "IAEA NFCFDB facility list export", "record": "Belgonucleaire PO Plant", "url": "https://infcis.iaea.org/NFCFDB/Facilities", "retrieved": "2026-09-22"}], "coord_tier": null, "coord_source": null}}, {"type": "Feature", "geometry": null, "properties": {"id": "NFCFDB:belgium:fbfc international lwr fuel fabrication", "name": "FBFC International - LWR Fuel Fabrication Plant", "country": "Belgium", "stage": "fabrication", "subtype": "Fuel Fabrication (U Pellet, Pin, FA)", "fuel_type": "UOX for PWR, UOX for BWR", "status": "Decommissioned", "scale": "Commercial", "capacity": "500 t HM/year", "start": 1961, "end": 2012, "prov": [{"tier": 1, "source": "IAEA NFCFDB facility list export", "record": "FBFC International - LWR Fuel Fabrication Plant", "url": "https://infcis.iaea.org/NFCFDB/Facilities", "retrieved": "2026-09-22"}], "coord_tier": null, "coord_source": null}}, {"type": "Feature", "geometry": null, "properties": {"id": "NFCFDB:belgium:b102 belgoprocess site", "name": "B102 (Belgoprocess Site)", "country": "Belgium", "stage": "waste", "subtype": "AFR Wet Spent Fuel Storage (Pool)", "fuel_type": "UOX for PWR, Fuel for Research Reactor", "status": "Decommissioning", "scale": "Commercial", "capacity": "370 t HM", "start": 1965, "end": 1975, "prov": [{"tier": 1, "source": "IAEA NFCFDB facility list export", "record": "B102 (Belgoprocess Site)", "url": "https://infcis.iaea.org/NFCFDB/Facilities", "retrieved": "2026-09-22"}], "coord_tier": null, "coord_source": null}}, {"type": "Feature", "geometry": null, "properties": {"id": "NFCFDB:belgium:prayon", "name": "Prayon", "country": "Belgium", "stage": "other", "subtype": "Uranium Recovery from Phosphates", "fuel_type": null, "status": "Decommissioned", "scale": "Commercial", "capacity": "45 t U/year", "start": 1980, "end": 1998, "prov": [{"tier": 1, "source": "IAEA NFCFDB facility list export", "record": "Prayon", "url": "https://infcis.iaea.org/NFCFDB/Facilities", "retrieved": "2026-09-22"}], "coord_tier": null, "coord_source": null}}, {"type": "Feature", "geometry": null, "properties": {"id": "NFCFDB:belgium:eurochemic belgoprocess site", "name": "Eurochemic (Belgoprocess Site)", "country": "Belgium", "stage": "reprocessing", "subtype": "Spent Fuel Reprocessing - aqueous route", "fuel_type": null, "status": "Decommissioning", "scale": "Pilot plant", "capacity": "60 t HM/year", "start": 1966, "end": 1975, "prov": [{"tier": 1, "source": "IAEA NFCFDB facility list export", "record": "Eurochemic (Belgoprocess Site)", "url": "https://infcis.iaea.org/NFCFDB/Facilities", "retrieved": "2026-09-22"}], "coord_tier": null, "coord_source": null}}, {"type": "Feature", "geometry": null, "properties": {"id": "NFCFDB:belgium:doel site", "name": "Doel NPP Site", "country": "Belgium", "stage": "waste", "subtype": "AFR Dry Spent Fuel Storage", "fuel_type": "UOX for PWR", "status": "In Operation", "scale": "Commercial", "capacity": "2100 t HM", "start": 1995, "end": null, "prov": [{"tier": 1, "source": "IAEA NFCFDB facility list export", "record": "Doel NPP Site", "url": "https://infcis.iaea.org/NFCFDB/Facilities", "retrieved": "2026-09-22"}], "coord_tier": null, "coord_source": null}}, {"type": "Feature", "geometry": null, "properties": {"id": "NFCFDB:belgium:tihange site", "name": "Tihange NPP Site", "country": "Belgium", "stage": "waste", "subtype": "AFR Wet Spent Fuel Storage (Pool)", "fuel_type": "UOX for PWR", "status": "In Operation", "scale": "Commercial", "capacity": "1860 t HM", "start": 1997, "end": null, "prov": [{"tier": 1, "source": "IAEA NFCFDB facility list export", "record": "Tihange NPP Site", "url": "https://infcis.iaea.org/NFCFDB/Facilities", "retrieved": "2026-09-22"}], "coord_tier": null, "coord_source": null}}, {"type": "Feature", "geometry": null, "properties": {"id": "NFCFDB:belgium:fbfc international mox", "name": "FBFC International - MOX", "country": "Belgium", "stage": "fabrication", "subtype": "MOX fuel fabrication (Mox Powder, Pellet, Pin, FA)", "fuel_type": "MOX for PWR, MOX for BWR", "status": "Decommissioned", "scale": "Commercial", "capacity": "100 t HM/year", "start": 1997, "end": 2015, "prov": [{"tier": 1, "source": "IAEA NFCFDB facility list export", "record": "FBFC International - MOX", "url": "https://infcis.iaea.org/NFCFDB/Facilities", "retrieved": "2026-09-22"}], "coord_tier": null, "coord_source": null}}, {"type": "Feature", "geometry": null, "properties": {"id": "NFCFDB:belgium:belgian 3", "name": "Belgian Reactor 3", "country": "Belgium", "stage": "waste", "subtype": "AR Spent Fuel Storage", "fuel_type": "UOX for PWR", "status": "Decommissioning", "scale": "Pilot plant", "capacity": " ", "start": 1962, "end": 1987, "prov": [{"tier": 1, "source": "IAEA NFCFDB facility list export", "record": "Belgian Reactor 3", "url": "https://infcis.iaea.org/NFCFDB/Facilities", "retrieved": "2026-09-22"}], "coord_tier": null, "coord_source": null}}, {"type": "Feature", "geometry": null, "properties": {"id": "NFCFDB:belgium:spent fuel storage doel", "name": "Spent Fuel Storage Facility Doel", "country": "Belgium", "stage": "waste", "subtype": "AFR Dry Spent Fuel Storage", "fuel_type": null, "status": "Under Construction", "scale": "Commercial", "capacity": " ", "start": null, "end": null, "prov": [{"tier": 1, "source": "IAEA NFCFDB facility list export", "record": "Spent Fuel Storage Facility Doel", "url": "https://infcis.iaea.org/NFCFDB/Facilities", "retrieved": "2026-09-22"}], "coord_tier": null, "coord_source": null}}, {"type": "Feature", "geometry": null, "properties": {"id": "NFCFDB:belgium:spent fuel storage tihange", "name": "Spent Fuel Storage Facility Tihange", "country": "Belgium", "stage": "waste", "subtype": "AFR Dry Spent Fuel Storage", "fuel_type": "UOX for PWR", "status": "In Operation", "scale": "Commercial", "capacity": "1400 t HM", "start": 2024, "end": null, "prov": [{"tier": 1, "source": "IAEA NFCFDB facility list export", "record": "Spent Fuel Storage Facility Tihange", "url": "https://infcis.iaea.org/NFCFDB/Facilities", "retrieved": "2026-09-22"}], "coord_tier": null, "coord_source": null}}, {"type": "Feature", "geometry": null, "properties": {"id": "NFCFDB:belgium:b129 belgoprocess site", "name": "B129 (Belgoprocess Site)", "country": "Belgium", "stage": "waste", "subtype": "Other-Spent Fuel Storage", "fuel_type": null, "status": "In Operation", "scale": "Commercial", "capacity": "215 m3", "start": 1985, "end": null, "prov": [{"tier": 1, "source": "IAEA NFCFDB facility list export", "record": "B129 (Belgoprocess Site)", "url": "https://infcis.iaea.org/NFCFDB/Facilities", "retrieved": "2026-09-22"}], "coord_tier": null, "coord_source": null}}, {"type": "Feature", "geometry": null, "properties": {"id": "NFCFDB:bosnia and herzegovina:rakovica central temporary storage", "name": "Rakovica Central temporary storage facility", "country": "Bosnia and Herzegovina", "stage": "waste", "subtype": "Predisposal (LLW)", "fuel_type": null, "status": "In Operation", "scale": "Commercial", "capacity": " ", "start": null, "end": null, "prov": [{"tier": 1, "source": "IAEA NFCFDB facility list export", "record": "Rakovica Central temporary storage facility", "url": "https://infcis.iaea.org/NFCFDB/Facilities", "retrieved": "2026-09-22"}], "coord_tier": null, "coord_source": null}}, {"type": "Feature", "geometry": null, "properties": {"id": "NFCFDB:brazil:inb santa quiteria mining and ore", "name": "INB-Santa Quiteria Mining and Ore Plant", "country": "Brazil", "stage": "other", "subtype": "Uranium Recovery from Phosphates", "fuel_type": null, "status": "Others", "scale": "Commercial", "capacity": "2300 t U/year", "start": 2020, "end": null, "prov": [{"tier": 1, "source": "IAEA NFCFDB facility list export", "record": "INB-Santa Quiteria Mining and Ore Plant", "url": "https://infcis.iaea.org/NFCFDB/Facilities", "retrieved": "2026-09-22"}], "coord_tier": null, "coord_source": null}}, {"type": "Feature", "geometry": null, "properties": {"id": "NFCFDB:brazil:ura caetite uranium mining and milling", "name": "URA-Caetite Uranium Mining and Milling facility", "country": "Brazil", "stage": "mining", "subtype": "Uranium Ore Processing", "fuel_type": null, "status": "In Operation", "scale": "Commercial", "capacity": "400 t U/year", "start": 1999, "end": null, "prov": [{"tier": 1, "source": "IAEA NFCFDB facility list export", "record": "URA-Caetite Uranium Mining and Milling facility", "url": "https://infcis.iaea.org/NFCFDB/Facilities", "retrieved": "2026-09-22"}], "coord_tier": null, "coord_source": null}}, {"type": "Feature", "geometry": null, "properties": {"id": "NFCFDB:brazil:udc caldas decommissioning unit", "name": "UDC-Caldas Decommissioning Unit", "country": "Brazil", "stage": "mining", "subtype": "Uranium Ore Processing", "fuel_type": null, "status": "Shutdown", "scale": "Commercial", "capacity": "360 t U/year", "start": 1981, "end": 1995, "prov": [{"tier": 1, "source": "IAEA NFCFDB facility list export", "record": "UDC-Caldas Decommissioning Unit", "url": "https://infcis.iaea.org/NFCFDB/Facilities", "retrieved": "2026-09-22"}], "coord_tier": null, "coord_source": null}}, {"type": "Feature", "geometry": null, "properties": {"id": "NFCFDB:brazil:fcn components and assembly", "name": "FCN components and Assembly", "country": "Brazil", "stage": "fabrication", "subtype": "Fuel Fabrication (U Pellet, Pin, FA)", "fuel_type": "UOX for PWR", "status": "In Operation", "scale": "Commercial", "capacity": "240 t HM/year", "start": 1982, "end": null, "prov": [{"tier": 1, "source": "IAEA NFCFDB facility list export", "record": "FCN components and Assembly", "url": "https://infcis.iaea.org/NFCFDB/Facilities", "retrieved": "2026-09-22"}], "coord_tier": null, "coord_source": null}}, {"type": "Feature", "geometry": null, "properties": {"id": "NFCFDB:brazil:fcn pilot", "name": "FCN Pilot Plant", "country": "Brazil", "stage": "enrichment", "subtype": "Uranium Enrichment", "fuel_type": null, "status": "Decommissioned", "scale": "Pilot plant", "capacity": "500 MTSWU/year", "start": null, "end": 1989, "prov": [{"tier": 1, "source": "IAEA NFCFDB facility list export", "record": "FCN Pilot Plant", "url": "https://infcis.iaea.org/NFCFDB/Facilities", "retrieved": "2026-09-22"}], "coord_tier": null, "coord_source": null}}, {"type": "Feature", "geometry": null, "properties": {"id": "NFCFDB:brazil:ipen conversion unit", "name": "IPEN - Conversion Unit", "country": "Brazil", "stage": "conversion", "subtype": "Conversion to UF6", "fuel_type": null, "status": "Shutdown", "scale": "Pilot plant", "capacity": "90 t HM/year", "start": 1984, "end": 1993, "prov": [{"tier": 1, "source": "IAEA NFCFDB facility list export", "record": "IPEN - Conversion Unit", "url": "https://infcis.iaea.org/NFCFDB/Facilities", "retrieved": "2026-09-22"}], "coord_tier": null, "coord_source": null}}, {"type": "Feature", "geometry": null, "properties": {"id": "NFCFDB:brazil:ipen reprocessing", "name": "IPEN - Reprocessing", "country": "Brazil", "stage": "reprocessing", "subtype": "Spent Fuel Reprocessing - aqueous route", "fuel_type": null, "status": "Shutdown", "scale": "Laboratory", "capacity": "0 t HM/year", "start": 1982, "end": 1993, "prov": [{"tier": 1, "source": "IAEA NFCFDB facility list export", "record": "IPEN - Reprocessing", "url": "https://infcis.iaea.org/NFCFDB/Facilities", "retrieved": "2026-09-22"}], "coord_tier": null, "coord_source": null}}, {"type": "Feature", "geometry": null, "properties": {"id": "NFCFDB:brazil:ipen zirconium metal", "name": "IPEN - Zirconium Metal", "country": "Brazil", "stage": "materials", "subtype": "Zirconium Alloy Production", "fuel_type": null, "status": "Shutdown", "scale": "Pilot plant", "capacity": "5 t/year", "start": 1988, "end": 1992, "prov": [{"tier": 1, "source": "IAEA NFCFDB facility list export", "record": "IPEN - Zirconium Metal", "url": "https://infcis.iaea.org/NFCFDB/Facilities", "retrieved": "2026-09-22"}], "coord_tier": null, "coord_source": null}}, {"type": "Feature", "geometry": null, "properties": {"id": "NFCFDB:brazil:ipen u reduction unit", "name": "IPEN - U Reduction Unit", "country": "Brazil", "stage": "conversion", "subtype": "Conversion to U Metal", "fuel_type": null, "status": "Shutdown", "scale": "Pilot plant", "capacity": "30 t HM/year", "start": 1986, "end": 1990, "prov": [{"tier": 1, "source": "IAEA NFCFDB facility list export", "record": "IPEN - U Reduction Unit", "url": "https://infcis.iaea.org/NFCFDB/Facilities", "retrieved": "2026-09-22"}], "coord_tier": null, "coord_source": null}}, {"type": "Feature", "geometry": null, "properties": {"id": "NFCFDB:brazil:ipen zirconium oxide", "name": "IPEN - Zirconium Oxide", "country": "Brazil", "stage": "materials", "subtype": "Zirconium Alloy Production", "fuel_type": null, "status": "Shutdown", "scale": "Pilot plant", "capacity": "1 t HM/year", "start": 1988, "end": 1992, "prov": [{"tier": 1, "source": "IAEA NFCFDB facility list export", "record": "IPEN - Zirconium Oxide", "url": "https://infcis.iaea.org/NFCFDB/Facilities", "retrieved": "2026-09-22"}], "coord_tier": null, "coord_source": null}}, {"type": "Feature", "geometry": null, "properties": {"id": "NFCFDB:brazil:uranium enrichment industrial demonstration pilot", "name": "Uranium  Enrichment Industrial Demonstration Pilot Plant", "country": "Brazil", "stage": "enrichment", "subtype": "Uranium Enrichment", "fuel_type": null, "status": "Stand By", "scale": "Pilot plant", "capacity": "4 MTSWU/year", "start": 1998, "end": 2016, "prov": [{"tier": 1, "source": "IAEA NFCFDB facility list export", "record": "Uranium  Enrichment Industrial Demonstration Pilot Plant", "url": "https://infcis.iaea.org/NFCFDB/Facilities", "retrieved": "2026-09-22"}], "coord_tier": null, "coord_source": null}}, {"type": "Feature", "geometry": null, "properties": {"id": "NFCFDB:brazil:fcn enrichment", "name": "FCN Enrichment Plant", "country": "Brazil", "stage": "enrichment", "subtype": "Uranium Enrichment", "fuel_type": null, "status": "In Operation", "scale": "Commercial", "capacity": "120 MTSWU/year", "start": 2005, "end": null, "prov": [{"tier": 1, "source": "IAEA NFCFDB facility list export", "record": "FCN Enrichment Plant", "url": "https://infcis.iaea.org/NFCFDB/Facilities", "retrieved": "2026-09-22"}], "coord_tier": null, "coord_source": null}}, {"type": "Feature", "geometry": null, "properties": {"id": "NFCFDB:brazil:aerospace technical center", "name": "Aerospace Technical Center", "country": "Brazil", "stage": "enrichment", "subtype": "Uranium Enrichment", "fuel_type": null, "status": "Shutdown", "scale": "Laboratory", "capacity": "0 MTSWU/year", "start": 1981, "end": null, "prov": [{"tier": 1, "source": "IAEA NFCFDB facility list export", "record": "Aerospace Technical Center", "url": "https://infcis.iaea.org/NFCFDB/Facilities", "retrieved": "2026-09-22"}], "coord_tier": null, "coord_source": null}}, {"type": "Feature", "geometry": null, "properties": {"id": "NFCFDB:brazil:pilot uranium enrichment", "name": "Pilot Uranium Enrichment Plant", "country": "Brazil", "stage": "enrichment", "subtype": "Uranium Enrichment", "fuel_type": null, "status": "Decommissioned", "scale": "Pilot plant", "capacity": "0 MTSWU/year", "start": 1979, "end": 1989, "prov": [{"tier": 1, "source": "IAEA NFCFDB facility list export", "record": "Pilot Uranium Enrichment Plant", "url": "https://infcis.iaea.org/NFCFDB/Facilities", "retrieved": "2026-09-22"}], "coord_tier": null, "coord_source": null}}, {"type": "Feature", "geometry": null, "properties": {"id": "NFCFDB:brazil:fcn reconversion and pellets", "name": "FCN Reconversion and Pellets", "country": "Brazil", "stage": "conversion", "subtype": "Re-conversion to UO2 Powder", "fuel_type": "UOX for PWR", "status": "In Operation", "scale": "Commercial", "capacity": "120 t HM/year", "start": 2000, "end": null, "prov": [{"tier": 1, "source": "IAEA NFCFDB facility list export", "record": "FCN Reconversion and Pellets", "url": "https://infcis.iaea.org/NFCFDB/Facilities", "retrieved": "2026-09-22"}], "coord_tier": null, "coord_source": null}}, {"type": "Feature", "geometry": null, "properties": {"id": "NFCFDB:brazil:isotopic enrichment laboratory", "name": "Isotopic  Enrichment Laboratory", "country": "Brazil", "stage": "enrichment", "subtype": "Uranium Enrichment", "fuel_type": null, "status": "In Operation", "scale": "Laboratory", "capacity": "5 MTSWU/year", "start": 1988, "end": null, "prov": [{"tier": 1, "source": "IAEA NFCFDB facility list export", "record": "Isotopic  Enrichment Laboratory", "url": "https://infcis.iaea.org/NFCFDB/Facilities", "retrieved": "2026-09-22"}], "coord_tier": null, "coord_source": null}}, {"type": "Feature", "geometry": null, "properties": {"id": "NFCFDB:brazil:conversion", "name": "Conversion Facility", "country": "Brazil", "stage": "conversion", "subtype": "Conversion to UF6", "fuel_type": null, "status": "Commissioning", "scale": "Pilot plant", "capacity": "40 t HM/year", "start": null, "end": null, "prov": [{"tier": 1, "source": "IAEA NFCFDB facility list export", "record": "Conversion Facility", "url": "https://infcis.iaea.org/NFCFDB/Facilities", "retrieved": "2026-09-22"}], "coord_tier": null, "coord_source": null}}, {"type": "Feature", "geometry": null, "properties": {"id": "NFCFDB:brazil:materials laboratory", "name": "Nuclear Materials laboratory", "country": "Brazil", "stage": "conversion", "subtype": "Re-conversion to UO2 Powder", "fuel_type": null, "status": "Stand By", "scale": "Laboratory", "capacity": "2.55 t HM/year", "start": 1993, "end": null, "prov": [{"tier": 1, "source": "IAEA NFCFDB facility list export", "record": "Nuclear Materials laboratory", "url": "https://infcis.iaea.org/NFCFDB/Facilities", "retrieved": "2026-09-22"}], "coord_tier": null, "coord_source": null}}, {"type": "Feature", "geometry": null, "properties": {"id": "NFCFDB:brazil:instrumentation and fuel development laboratory", "name": "Instrumentation and Nuclear  Fuel Development laboratory", "country": "Brazil", "stage": "fabrication", "subtype": "Fuel Assembly Component Manufacturing (hardware)", "fuel_type": null, "status": "In Operation", "scale": "Laboratory", "capacity": "21 Elements/year", "start": 1985, "end": null, "prov": [{"tier": 1, "source": "IAEA NFCFDB facility list export", "record": "Instrumentation and Nuclear  Fuel Development laboratory", "url": "https://infcis.iaea.org/NFCFDB/Facilities", "retrieved": "2026-09-22"}], "coord_tier": null, "coord_source": null}}, {"type": "Feature", "geometry": null, "properties": {"id": "NFCFDB:brazil:ipen fuel center", "name": "IPEN-Fuel Center", "country": "Brazil", "stage": "fabrication", "subtype": "Fuel Fabrication (Research Reactors)", "fuel_type": null, "status": "Stand By", "scale": "Laboratory", "capacity": "30 Elements/year", "start": 2004, "end": null, "prov": [{"tier": 1, "source": "IAEA NFCFDB facility list export", "record": "IPEN-Fuel Center", "url": "https://infcis.iaea.org/NFCFDB/Facilities", "retrieved": "2026-09-22"}], "coord_tier": null, "coord_source": null}}, {"type": "Feature", "geometry": null, "properties": {"id": "NFCFDB:brazil:irradiated fuel dry complementary storage unit", "name": "Irradiated fuel dry complementary Storage unit", "country": "Brazil", "stage": "waste", "subtype": "AFR Dry Spent Fuel Storage", "fuel_type": "UOX for PWR", "status": "In Operation", "scale": "Commercial", "capacity": " ", "start": 2021, "end": null, "prov": [{"tier": 1, "source": "IAEA NFCFDB facility list export", "record": "Irradiated fuel dry complementary Storage unit", "url": "https://infcis.iaea.org/NFCFDB/Facilities", "retrieved": "2026-09-22"}], "coord_tier": null, "coord_source": null}}, {"type": "Feature", "geometry": null, "properties": {"id": "NFCFDB:brazil:materials laboratory", "name": "Nuclear materials Laboratory", "country": "Brazil", "stage": "fabrication", "subtype": "Fuel Fabrication (U Pellet, Pin, FA)", "fuel_type": null, "status": "Under Construction", "scale": "Laboratory", "capacity": " ", "start": 2013, "end": null, "prov": [{"tier": 1, "source": "IAEA NFCFDB facility list export", "record": "Nuclear materials Laboratory", "url": "https://infcis.iaea.org/NFCFDB/Facilities", "retrieved": "2026-09-22"}], "coord_tier": null, "coord_source": null}}, {"type": "Feature", "geometry": null, "properties": {"id": "NFCFDB:brazil:fuel laboratory", "name": "Nuclear Fuel Laboratory", "country": "Brazil", "stage": "fabrication", "subtype": "Fuel Fabrication (U Pellet, Pin, FA)", "fuel_type": null, "status": "Shutdown", "scale": "Laboratory", "capacity": "0 t HM/year", "start": 1978, "end": null, "prov": [{"tier": 1, "source": "IAEA NFCFDB facility list export", "record": "Nuclear Fuel Laboratory", "url": "https://infcis.iaea.org/NFCFDB/Facilities", "retrieved": "2026-09-22"}], "coord_tier": null, "coord_source": null}}, {"type": "Feature", "geometry": null, "properties": {"id": "NFCFDB:brazil:isotopic separation element development laboratory", "name": "Isotopic Separation Element Development Laboratory", "country": "Brazil", "stage": "other", "subtype": "Other-Related Industrial Activities", "fuel_type": null, "status": "In Operation", "scale": "Laboratory", "capacity": "0 t HM/year", "start": 1980, "end": null, "prov": [{"tier": 1, "source": "IAEA NFCFDB facility list export", "record": "Isotopic Separation Element Development Laboratory", "url": "https://infcis.iaea.org/NFCFDB/Facilities", "retrieved": "2026-09-22"}], "coord_tier": null, "coord_source": null}}, {"type": "Feature", "geometry": null, "properties": {"id": "NFCFDB:brazil:old steam generators storage angra 1", "name": "OLD STEAM GENERATORS STORAGE FACILITY (ANGRA-1)", "country": "Brazil", "stage": "waste", "subtype": "Other-Waste Management Facilities", "fuel_type": null, "status": "In Operation", "scale": "Commercial", "capacity": " ", "start": null, "end": null, "prov": [{"tier": 1, "source": "IAEA NFCFDB facility list export", "record": "OLD STEAM GENERATORS STORAGE FACILITY (ANGRA-1)", "url": "https://infcis.iaea.org/NFCFDB/Facilities", "retrieved": "2026-09-22"}], "coord_tier": null, "coord_source": null}}, {"type": "Feature", "geometry": null, "properties": {"id": "NFCFDB:brazil:internal storage kpe located in uka building angra 2", "name": "internal storage facility (KPE located in UKA Building ANGRA-2)", "country": "Brazil", "stage": "waste", "subtype": "AFR Wet Spent Fuel Storage (Pool)", "fuel_type": null, "status": "In Operation", "scale": "Commercial", "capacity": "1644 t HM", "start": 2001, "end": null, "prov": [{"tier": 1, "source": "IAEA NFCFDB facility list export", "record": "internal storage facility (KPE located in UKA Building ANGRA-2)", "url": "https://infcis.iaea.org/NFCFDB/Facilities", "retrieved": "2026-09-22"}], "coord_tier": null, "coord_source": null}}, {"type": "Feature", "geometry": null, "properties": {"id": "NFCFDB:bulgaria:bukhovo", "name": "Bukhovo", "country": "Bulgaria", "stage": "mining", "subtype": "Uranium Ore Processing", "fuel_type": null, "status": "Shutdown", "scale": "Commercial", "capacity": "300 t U/year", "start": null, "end": 1994, "prov": [{"tier": 1, "source": "IAEA NFCFDB facility list export", "record": "Bukhovo", "url": "https://infcis.iaea.org/NFCFDB/Facilities", "retrieved": "2026-09-22"}], "coord_tier": null, "coord_source": null}}, {"type": "Feature", "geometry": null, "properties": {"id": "NFCFDB:bulgaria:kozloduy site wet storage", "name": "Kozloduy NPP Site - Wet Storage", "country": "Bulgaria", "stage": "waste", "subtype": "AFR Wet Spent Fuel Storage (Pool)", "fuel_type": null, "status": "In Operation", "scale": "Commercial", "capacity": "600 t HM", "start": 2004, "end": null, "prov": [{"tier": 1, "source": "IAEA NFCFDB facility list export", "record": "Kozloduy NPP Site - Wet Storage", "url": "https://infcis.iaea.org/NFCFDB/Facilities", "retrieved": "2026-09-22"}], "coord_tier": null, "coord_source": null}}, {"type": "Feature", "geometry": null, "properties": {"id": "NFCFDB:bulgaria:eleshnitza", "name": "Eleshnitza", "country": "Bulgaria", "stage": "mining", "subtype": "Uranium Ore Processing", "fuel_type": null, "status": "Shutdown", "scale": "Commercial", "capacity": "200 t U/year", "start": null, "end": 1994, "prov": [{"tier": 1, "source": "IAEA NFCFDB facility list export", "record": "Eleshnitza", "url": "https://infcis.iaea.org/NFCFDB/Facilities", "retrieved": "2026-09-22"}], "coord_tier": null, "coord_source": null}}, {"type": "Feature", "geometry": null, "properties": {"id": "NFCFDB:bulgaria:plovdiv rosen", "name": "Plovdiv (Rosen)", "country": "Bulgaria", "stage": "mining", "subtype": "Uranium Ore Processing", "fuel_type": null, "status": "Shutdown", "scale": "Commercial", "capacity": "100 t U/year", "start": null, "end": 1995, "prov": [{"tier": 1, "source": "IAEA NFCFDB facility list export", "record": "Plovdiv (Rosen)", "url": "https://infcis.iaea.org/NFCFDB/Facilities", "retrieved": "2026-09-22"}], "coord_tier": null, "coord_source": null}}, {"type": "Feature", "geometry": null, "properties": {"id": "NFCFDB:bulgaria:kozloduy site dry storage", "name": "Kozloduy NPP Site - Dry Storage", "country": "Bulgaria", "stage": "waste", "subtype": "AFR Dry Spent Fuel Storage", "fuel_type": "UOX for VVER", "status": "In Operation", "scale": "Commercial", "capacity": "300 t HM", "start": 2012, "end": null, "prov": [{"tier": 1, "source": "IAEA NFCFDB facility list export", "record": "Kozloduy NPP Site - Dry Storage", "url": "https://infcis.iaea.org/NFCFDB/Facilities", "retrieved": "2026-09-22"}], "coord_tier": null, "coord_source": null}}, {"type": "Feature", "geometry": null, "properties": {"id": "NFCFDB:burkina faso:arsn", "name": "ARSN", "country": "Burkina Faso", "stage": "waste", "subtype": "Disposal (LILW)", "fuel_type": null, "status": "In Operation", "scale": "Commercial", "capacity": "1.5 m3", "start": 2019, "end": 2030, "prov": [{"tier": 1, "source": "IAEA NFCFDB facility list export", "record": "ARSN", "url": "https://infcis.iaea.org/NFCFDB/Facilities", "retrieved": "2026-09-22"}], "coord_tier": null, "coord_source": null}}, {"type": "Feature", "geometry": null, "properties": {"id": "NFCFDB:burkina faso:agricultural and environmental centre", "name": "agricultural and environmental research centre", "country": "Burkina Faso", "stage": "waste", "subtype": "Disposal (LLW)", "fuel_type": null, "status": "Commissioning", "scale": "Commercial", "capacity": " ", "start": 2020, "end": 2030, "prov": [{"tier": 1, "source": "IAEA NFCFDB facility list export", "record": "agricultural and environmental research centre", "url": "https://infcis.iaea.org/NFCFDB/Facilities", "retrieved": "2026-09-22"}], "coord_tier": null, "coord_source": null}}, {"type": "Feature", "geometry": null, "properties": {"id": "NFCFDB:burkina faso:taparko", "name": "TAPARKO", "country": "Burkina Faso", "stage": "waste", "subtype": "Disposal (LILW)", "fuel_type": null, "status": "Commissioning", "scale": "Commercial", "capacity": "3 m3", "start": 2020, "end": 2030, "prov": [{"tier": 1, "source": "IAEA NFCFDB facility list export", "record": "TAPARKO", "url": "https://infcis.iaea.org/NFCFDB/Facilities", "retrieved": "2026-09-22"}], "coord_tier": null, "coord_source": null}}, {"type": "Feature", "geometry": null, "properties": {"id": "NFCFDB:canada:bhwp a", "name": "BHWP - A", "country": "Canada", "stage": "heavy-water", "subtype": "Heavy Water Production", "fuel_type": null, "status": "Decommissioned", "scale": "Commercial", "capacity": "800 t/year", "start": 1973, "end": 1984, "prov": [{"tier": 1, "source": "IAEA NFCFDB facility list export", "record": "BHWP - A", "url": "https://infcis.iaea.org/NFCFDB/Facilities", "retrieved": "2026-09-22"}], "coord_tier": null, "coord_source": null}}, {"type": "Feature", "geometry": null, "properties": {"id": "NFCFDB:canada:bhwp b", "name": "BHWP - B", "country": "Canada", "stage": "heavy-water", "subtype": "Heavy Water Production", "fuel_type": null, "status": "Decommissioning", "scale": "Commercial", "capacity": "800 t/year", "start": 1979, "end": 1997, "prov": [{"tier": 1, "source": "IAEA NFCFDB facility list export", "record": "BHWP - B", "url": "https://infcis.iaea.org/NFCFDB/Facilities", "retrieved": "2026-09-22"}], "coord_tier": null, "coord_source": null}}, {"type": "Feature", "geometry": null, "properties": {"id": "NFCFDB:canada:bhwp d", "name": "BHWP - D", "country": "Canada", "stage": "heavy-water", "subtype": "Heavy Water Production", "fuel_type": null, "status": "Others", "scale": "Commercial", "capacity": "800 t/year", "start": null, "end": null, "prov": [{"tier": 1, "source": "IAEA NFCFDB facility list export", "record": "BHWP - D", "url": "https://infcis.iaea.org/NFCFDB/Facilities", "retrieved": "2026-09-22"}], "coord_tier": null, "coord_source": null}}, {"type": "Feature", "geometry": null, "properties": {"id": "NFCFDB:canada:calgary", "name": "Calgary", "country": "Canada", "stage": "other", "subtype": "Uranium Recovery from Phosphates", "fuel_type": null, "status": "Decommissioned", "scale": "Commercial", "capacity": "70 t U/year", "start": 1980, "end": 1987, "prov": [{"tier": 1, "source": "IAEA NFCFDB facility list export", "record": "Calgary", "url": "https://infcis.iaea.org/NFCFDB/Facilities", "retrieved": "2026-09-22"}], "coord_tier": null, "coord_source": null}}, {"type": "Feature", "geometry": null, "properties": {"id": "NFCFDB:canada:cluff lake", "name": "Cluff Lake", "country": "Canada", "stage": "mining", "subtype": "Uranium Ore Processing", "fuel_type": null, "status": "Decommissioning", "scale": "Commercial", "capacity": "0 t U/year", "start": 1980, "end": 2002, "prov": [{"tier": 1, "source": "IAEA NFCFDB facility list export", "record": "Cluff Lake", "url": "https://infcis.iaea.org/NFCFDB/Facilities", "retrieved": "2026-09-22"}], "coord_tier": null, "coord_source": null}}, {"type": "Feature", "geometry": null, "properties": {"id": "NFCFDB:canada:denison", "name": "Denison", "country": "Canada", "stage": "mining", "subtype": "Uranium Ore Processing", "fuel_type": null, "status": "Decommissioned", "scale": "Commercial", "capacity": "0 t U/year", "start": 1957, "end": 1992, "prov": [{"tier": 1, "source": "IAEA NFCFDB facility list export", "record": "Denison", "url": "https://infcis.iaea.org/NFCFDB/Facilities", "retrieved": "2026-09-22"}], "coord_tier": null, "coord_source": null}}, {"type": "Feature", "geometry": null, "properties": {"id": "NFCFDB:canada:rabbit lake", "name": "Rabbit Lake", "country": "Canada", "stage": "mining", "subtype": "Uranium Ore Processing", "fuel_type": null, "status": "Stand By", "scale": "Commercial", "capacity": "6500 t U/year", "start": 1975, "end": null, "prov": [{"tier": 1, "source": "IAEA NFCFDB facility list export", "record": "Rabbit Lake", "url": "https://infcis.iaea.org/NFCFDB/Facilities", "retrieved": "2026-09-22"}], "coord_tier": null, "coord_source": null}}, {"type": "Feature", "geometry": null, "properties": {"id": "NFCFDB:canada:cameco blind river uo3", "name": "Cameco - Blind River (UO3)", "country": "Canada", "stage": "conversion", "subtype": "Conversion to UO3", "fuel_type": null, "status": "In Operation", "scale": "Commercial", "capacity": "18000 t U/year", "start": 1983, "end": null, "prov": [{"tier": 1, "source": "IAEA NFCFDB facility list export", "record": "Cameco - Blind River (UO3)", "url": "https://infcis.iaea.org/NFCFDB/Facilities", "retrieved": "2026-09-22"}], "coord_tier": null, "coord_source": null}}, {"type": "Feature", "geometry": null, "properties": {"id": "NFCFDB:canada:cameco port hope u", "name": "Cameco - Port Hope (U)", "country": "Canada", "stage": "conversion", "subtype": "Conversion to U Metal", "fuel_type": null, "status": "Shutdown", "scale": "Commercial", "capacity": " ", "start": 1985, "end": 2001, "prov": [{"tier": 1, "source": "IAEA NFCFDB facility list export", "record": "Cameco - Port Hope (U)", "url": "https://infcis.iaea.org/NFCFDB/Facilities", "retrieved": "2026-09-22"}], "coord_tier": null, "coord_source": null}}, {"type": "Feature", "geometry": null, "properties": {"id": "NFCFDB:canada:cameco port hope uf6", "name": "Cameco - Port Hope (UF6)", "country": "Canada", "stage": "conversion", "subtype": "Conversion to UF6", "fuel_type": null, "status": "In Operation", "scale": "Commercial", "capacity": "12500 t U/year", "start": 1984, "end": null, "prov": [{"tier": 1, "source": "IAEA NFCFDB facility list export", "record": "Cameco - Port Hope (UF6)", "url": "https://infcis.iaea.org/NFCFDB/Facilities", "retrieved": "2026-09-22"}], "coord_tier": null, "coord_source": null}}, {"type": "Feature", "geometry": null, "properties": {"id": "NFCFDB:canada:cameco port hope uo2", "name": "Cameco - Port Hope (UO2)", "country": "Canada", "stage": "conversion", "subtype": "Conversion to UO2", "fuel_type": null, "status": "In Operation", "scale": "Commercial", "capacity": "2800 t U/year", "start": 1980, "end": null, "prov": [{"tier": 1, "source": "IAEA NFCFDB facility list export", "record": "Cameco - Port Hope (UO2)", "url": "https://infcis.iaea.org/NFCFDB/Facilities", "retrieved": "2026-09-22"}], "coord_tier": null, "coord_source": null}}, {"type": "Feature", "geometry": null, "properties": {"id": "NFCFDB:canada:general electric canada inc arnprior", "name": "General Electric Canada Inc. - Arnprior", "country": "Canada", "stage": "materials", "subtype": "Zirconium Alloy Tubing", "fuel_type": null, "status": "In Operation", "scale": "Commercial", "capacity": "1350 km/year", "start": 1981, "end": null, "prov": [{"tier": 1, "source": "IAEA NFCFDB facility list export", "record": "General Electric Canada Inc. - Arnprior", "url": "https://infcis.iaea.org/NFCFDB/Facilities", "retrieved": "2026-09-22"}], "coord_tier": null, "coord_source": null}}, {"type": "Feature", "geometry": null, "properties": {"id": "NFCFDB:canada:key lake mcarthur river", "name": "Key Lake/McArthur River", "country": "Canada", "stage": "mining", "subtype": "Uranium Ore Processing", "fuel_type": null, "status": "In Operation", "scale": "Commercial", "capacity": "9600 t U/year", "start": 1983, "end": null, "prov": [{"tier": 1, "source": "IAEA NFCFDB facility list export", "record": "Key Lake/McArthur River", "url": "https://infcis.iaea.org/NFCFDB/Facilities", "retrieved": "2026-09-22"}], "coord_tier": null, "coord_source": null}}, {"type": "Feature", "geometry": null, "properties": {"id": "NFCFDB:canada:moncton", "name": "Moncton", "country": "Canada", "stage": "fabrication", "subtype": "Fuel Fabrication (U Pellet, Pin, FA)", "fuel_type": "Nat U for PHWR", "status": "Decommissioned", "scale": "Commercial", "capacity": "250 t HM/year", "start": null, "end": 1986, "prov": [{"tier": 1, "source": "IAEA NFCFDB facility list export", "record": "Moncton", "url": "https://infcis.iaea.org/NFCFDB/Facilities", "retrieved": "2026-09-22"}], "coord_tier": null, "coord_source": null}}, {"type": "Feature", "geometry": null, "properties": {"id": "NFCFDB:canada:bwxt energy canada toronto", "name": "BWXT Nuclear Energy Canada - Toronto", "country": "Canada", "stage": "fabrication", "subtype": "Fuel Fabrication (U Pellet, Pin, FA)", "fuel_type": null, "status": "In Operation", "scale": "Commercial", "capacity": "1800 t U/year", "start": 1955, "end": null, "prov": [{"tier": 1, "source": "IAEA NFCFDB facility list export", "record": "BWXT Nuclear Energy Canada - Toronto", "url": "https://infcis.iaea.org/NFCFDB/Facilities", "retrieved": "2026-09-22"}], "coord_tier": null, "coord_source": null}}, {"type": "Feature", "geometry": null, "properties": {"id": "NFCFDB:canada:cameco fuel manufacturing inc cobourgh", "name": "Cameco Fuel Manufacturing Inc. - Cobourgh", "country": "Canada", "stage": "materials", "subtype": "Zirconium Alloy Tubing", "fuel_type": null, "status": "In Operation", "scale": "Commercial", "capacity": "1350 km/year", "start": 1976, "end": null, "prov": [{"tier": 1, "source": "IAEA NFCFDB facility list export", "record": "Cameco Fuel Manufacturing Inc. - Cobourgh", "url": "https://infcis.iaea.org/NFCFDB/Facilities", "retrieved": "2026-09-22"}], "coord_tier": null, "coord_source": null}}, {"type": "Feature", "geometry": null, "properties": {"id": "NFCFDB:canada:cameco fuel manufacturing inc port hope", "name": "Cameco Fuel Manufacturing Inc. - Port Hope", "country": "Canada", "stage": "fabrication", "subtype": "Fuel Fabrication (U Pellet, Pin, FA)", "fuel_type": "Nat U for PHWR", "status": "In Operation", "scale": "Commercial", "capacity": "1650 t U/year", "start": 1957, "end": null, "prov": [{"tier": 1, "source": "IAEA NFCFDB facility list export", "record": "Cameco Fuel Manufacturing Inc. - Port Hope", "url": "https://infcis.iaea.org/NFCFDB/Facilities", "retrieved": "2026-09-22"}], "coord_tier": null, "coord_source": null}}, {"type": "Feature", "geometry": null, "properties": {"id": "NFCFDB:canada:panel", "name": "Panel", "country": "Canada", "stage": "mining", "subtype": "Uranium Ore Processing", "fuel_type": null, "status": "Decommissioned", "scale": "Commercial", "capacity": "800 t U/year", "start": 1979, "end": 1990, "prov": [{"tier": 1, "source": "IAEA NFCFDB facility list export", "record": "Panel", "url": "https://infcis.iaea.org/NFCFDB/Facilities", "retrieved": "2026-09-22"}], "coord_tier": null, "coord_source": null}}, {"type": "Feature", "geometry": null, "properties": {"id": "NFCFDB:canada:bwxt energy canada peterborough", "name": "BWXT Nuclear Energy Canada - Peterborough", "country": "Canada", "stage": "fabrication", "subtype": "Fuel Fabrication (U Pellet, Pin, FA)", "fuel_type": "Nat U for PHWR", "status": "In Operation", "scale": "Commercial", "capacity": "1800 t U/year", "start": 1955, "end": null, "prov": [{"tier": 1, "source": "IAEA NFCFDB facility list export", "record": "BWXT Nuclear Energy Canada - Peterborough", "url": "https://infcis.iaea.org/NFCFDB/Facilities", "retrieved": "2026-09-22"}], "coord_tier": null, "coord_source": null}}, {"type": "Feature", "geometry": null, "properties": {"id": "NFCFDB:canada:port hawkesbury point tupper", "name": "Port Hawkesbury, Point Tupper", "country": "Canada", "stage": "heavy-water", "subtype": "Heavy Water Production", "fuel_type": null, "status": "Decommissioned", "scale": "Commercial", "capacity": "400 t/year", "start": 1967, "end": 1986, "prov": [{"tier": 1, "source": "IAEA NFCFDB facility list export", "record": "Port Hawkesbury, Point Tupper", "url": "https://infcis.iaea.org/NFCFDB/Facilities", "retrieved": "2026-09-22"}], "coord_tier": null, "coord_source": null}}, {"type": "Feature", "geometry": null, "properties": {"id": "NFCFDB:canada:quirke", "name": "Quirke", "country": "Canada", "stage": "mining", "subtype": "Uranium Ore Processing", "fuel_type": null, "status": "Decommissioned", "scale": "Commercial", "capacity": "0 t U/year", "start": 1956, "end": 1990, "prov": [{"tier": 1, "source": "IAEA NFCFDB facility list export", "record": "Quirke", "url": "https://infcis.iaea.org/NFCFDB/Facilities", "retrieved": "2026-09-22"}], "coord_tier": null, "coord_source": null}}, {"type": "Feature", "geometry": null, "properties": {"id": "NFCFDB:canada:stanleigh", "name": "Stanleigh", "country": "Canada", "stage": "mining", "subtype": "Uranium Ore Processing", "fuel_type": null, "status": "Decommissioned", "scale": "Commercial", "capacity": "0 t U/year", "start": 1983, "end": 1996, "prov": [{"tier": 1, "source": "IAEA NFCFDB facility list export", "record": "Stanleigh", "url": "https://infcis.iaea.org/NFCFDB/Facilities", "retrieved": "2026-09-22"}], "coord_tier": null, "coord_source": null}}, {"type": "Feature", "geometry": null, "properties": {"id": "NFCFDB:canada:point lepreau site", "name": "Point Lepreau NPP Site", "country": "Canada", "stage": "waste", "subtype": "AFR Dry Spent Fuel Storage", "fuel_type": null, "status": "In Operation", "scale": "Commercial", "capacity": "300 Cask-Bund.", "start": 1991, "end": null, "prov": [{"tier": 1, "source": "IAEA NFCFDB facility list export", "record": "Point Lepreau NPP Site", "url": "https://infcis.iaea.org/NFCFDB/Facilities", "retrieved": "2026-09-22"}], "coord_tier": null, "coord_source": null}}, {"type": "Feature", "geometry": null, "properties": {"id": "NFCFDB:canada:beaverlodge", "name": "Beaverlodge", "country": "Canada", "stage": "mining", "subtype": "Uranium Ore Processing", "fuel_type": null, "status": "Decommissioned", "scale": "Commercial", "capacity": "0 t U/year", "start": 1952, "end": 1982, "prov": [{"tier": 1, "source": "IAEA NFCFDB facility list export", "record": "Beaverlodge", "url": "https://infcis.iaea.org/NFCFDB/Facilities", "retrieved": "2026-09-22"}], "coord_tier": null, "coord_source": null}}, {"type": "Feature", "geometry": null, "properties": {"id": "NFCFDB:canada:agnew lake", "name": "Agnew Lake", "country": "Canada", "stage": "mining", "subtype": "Uranium Ore Processing", "fuel_type": null, "status": "Decommissioned", "scale": "Commercial", "capacity": "0 t U/year", "start": 1977, "end": 1983, "prov": [{"tier": 1, "source": "IAEA NFCFDB facility list export", "record": "Agnew Lake", "url": "https://infcis.iaea.org/NFCFDB/Facilities", "retrieved": "2026-09-22"}], "coord_tier": null, "coord_source": null}}, {"type": "Feature", "geometry": null, "properties": {"id": "NFCFDB:canada:madawaska faraday", "name": "Madawaska (Faraday)", "country": "Canada", "stage": "mining", "subtype": "Uranium Ore Processing", "fuel_type": null, "status": "Decommissioned", "scale": "Commercial", "capacity": "0 t U/year", "start": 1957, "end": 1982, "prov": [{"tier": 1, "source": "IAEA NFCFDB facility list export", "record": "Madawaska (Faraday)", "url": "https://infcis.iaea.org/NFCFDB/Facilities", "retrieved": "2026-09-22"}], "coord_tier": null, "coord_source": null}}, {"type": "Feature", "geometry": null, "properties": {"id": "NFCFDB:canada:stanrock", "name": "Stanrock", "country": "Canada", "stage": "mining", "subtype": "Uranium Ore Processing", "fuel_type": null, "status": "Decommissioned", "scale": "Commercial", "capacity": "0 t U/year", "start": 1958, "end": 1970, "prov": [{"tier": 1, "source": "IAEA NFCFDB facility list export", "record": "Stanrock", "url": "https://infcis.iaea.org/NFCFDB/Facilities", "retrieved": "2026-09-22"}], "coord_tier": null, "coord_source": null}}, {"type": "Feature", "geometry": null, "properties": {"id": "NFCFDB:canada:mcclean lake", "name": "McClean Lake", "country": "Canada", "stage": "mining", "subtype": "Uranium Ore Processing", "fuel_type": null, "status": "In Operation", "scale": "Commercial", "capacity": "10886 t U/year", "start": 1999, "end": null, "prov": [{"tier": 1, "source": "IAEA NFCFDB facility list export", "record": "McClean Lake", "url": "https://infcis.iaea.org/NFCFDB/Facilities", "retrieved": "2026-09-22"}], "coord_tier": null, "coord_source": null}}, {"type": "Feature", "geometry": null, "properties": {"id": "NFCFDB:canada:gentilly 1 site", "name": "Gentilly 1 NPP Site", "country": "Canada", "stage": "waste", "subtype": "AFR Dry Spent Fuel Storage", "fuel_type": null, "status": "Shutdown", "scale": "Commercial", "capacity": "0 t HM", "start": 1985, "end": 2025, "prov": [{"tier": 1, "source": "IAEA NFCFDB facility list export", "record": "Gentilly 1 NPP Site", "url": "https://infcis.iaea.org/NFCFDB/Facilities", "retrieved": "2026-09-22"}], "coord_tier": null, "coord_source": null}}, {"type": "Feature", "geometry": null, "properties": {"id": "NFCFDB:canada:douglas point site", "name": "Douglas Point NPP Site", "country": "Canada", "stage": "waste", "subtype": "AFR Dry Spent Fuel Storage", "fuel_type": null, "status": "In Operation", "scale": "Commercial", "capacity": "0 t HM", "start": 1987, "end": null, "prov": [{"tier": 1, "source": "IAEA NFCFDB facility list export", "record": "Douglas Point NPP Site", "url": "https://infcis.iaea.org/NFCFDB/Facilities", "retrieved": "2026-09-22"}], "coord_tier": null, "coord_source": null}}, {"type": "Feature", "geometry": null, "properties": {"id": "NFCFDB:canada:whiteshell laboratories", "name": "Whiteshell Laboratories", "country": "Canada", "stage": "waste", "subtype": "AFR Dry Spent Fuel Storage", "fuel_type": null, "status": "In Operation", "scale": "Commercial", "capacity": "0 t HM", "start": 1977, "end": null, "prov": [{"tier": 1, "source": "IAEA NFCFDB facility list export", "record": "Whiteshell Laboratories", "url": "https://infcis.iaea.org/NFCFDB/Facilities", "retrieved": "2026-09-22"}], "coord_tier": null, "coord_source": null}}, {"type": "Feature", "geometry": null, "properties": {"id": "NFCFDB:canada:npd spent fuel storage", "name": "NPD Spent Fuel Storage", "country": "Canada", "stage": "waste", "subtype": "AFR Dry Spent Fuel Storage", "fuel_type": null, "status": "In Operation", "scale": "Commercial", "capacity": "75 t HM", "start": 1987, "end": null, "prov": [{"tier": 1, "source": "IAEA NFCFDB facility list export", "record": "NPD Spent Fuel Storage", "url": "https://infcis.iaea.org/NFCFDB/Facilities", "retrieved": "2026-09-22"}], "coord_tier": null, "coord_source": null}}, {"type": "Feature", "geometry": null, "properties": {"id": "NFCFDB:canada:pickering waste management", "name": "Pickering Waste Management Facility", "country": "Canada", "stage": "waste", "subtype": "AFR Dry Spent Fuel Storage", "fuel_type": null, "status": "In Operation", "scale": "Commercial", "capacity": "1758 Cask-Bund.", "start": 1996, "end": null, "prov": [{"tier": 1, "source": "IAEA NFCFDB facility list export", "record": "Pickering Waste Management Facility", "url": "https://infcis.iaea.org/NFCFDB/Facilities", "retrieved": "2026-09-22"}], "coord_tier": null, "coord_source": null}}, {"type": "Feature", "geometry": null, "properties": {"id": "NFCFDB:canada:bhwp c", "name": "BHWP - C", "country": "Canada", "stage": "heavy-water", "subtype": "Heavy Water Production", "fuel_type": null, "status": "Others", "scale": "Commercial", "capacity": "800 t/year", "start": null, "end": null, "prov": [{"tier": 1, "source": "IAEA NFCFDB facility list export", "record": "BHWP - C", "url": "https://infcis.iaea.org/NFCFDB/Facilities", "retrieved": "2026-09-22"}], "coord_tier": null, "coord_source": null}}, {"type": "Feature", "geometry": null, "properties": {"id": "NFCFDB:canada:chalk river laboratories nfff", "name": "Chalk River Laboratories, NFFF", "country": "Canada", "stage": "fabrication", "subtype": "Fuel Fabrication (Research Reactors)", "fuel_type": null, "status": "Stand By", "scale": "Commercial", "capacity": " t HM/year", "start": 1990, "end": 2018, "prov": [{"tier": 1, "source": "IAEA NFCFDB facility list export", "record": "Chalk River Laboratories, NFFF", "url": "https://infcis.iaea.org/NFCFDB/Facilities", "retrieved": "2026-09-22"}], "coord_tier": null, "coord_source": null}}, {"type": "Feature", "geometry": null, "properties": {"id": "NFCFDB:canada:port hope eldorado", "name": "Port Hope Eldorado", "country": "Canada", "stage": "materials", "subtype": "Zirconium Alloy Production", "fuel_type": null, "status": "Decommissioned", "scale": "Commercial", "capacity": "300 t/year", "start": 1968, "end": 1970, "prov": [{"tier": 1, "source": "IAEA NFCFDB facility list export", "record": "Port Hope Eldorado", "url": "https://infcis.iaea.org/NFCFDB/Facilities", "retrieved": "2026-09-22"}], "coord_tier": null, "coord_source": null}}, {"type": "Feature", "geometry": null, "properties": {"id": "NFCFDB:canada:gentilly 2 site", "name": "Gentilly 2 NPP Site", "country": "Canada", "stage": "waste", "subtype": "AFR Dry Spent Fuel Storage", "fuel_type": null, "status": "In Operation", "scale": "Commercial", "capacity": "2518 t HM", "start": 1995, "end": null, "prov": [{"tier": 1, "source": "IAEA NFCFDB facility list export", "record": "Gentilly 2 NPP Site", "url": "https://infcis.iaea.org/NFCFDB/Facilities", "retrieved": "2026-09-22"}], "coord_tier": null, "coord_source": null}}, {"type": "Feature", "geometry": null, "properties": {"id": "NFCFDB:canada:western waste management", "name": "Western Waste Management Facility", "country": "Canada", "stage": "waste", "subtype": "AFR Dry Spent Fuel Storage", "fuel_type": null, "status": "In Operation", "scale": "Commercial", "capacity": "3000 Cask-Bund.", "start": 2003, "end": null, "prov": [{"tier": 1, "source": "IAEA NFCFDB facility list export", "record": "Western Waste Management Facility", "url": "https://infcis.iaea.org/NFCFDB/Facilities", "retrieved": "2026-09-22"}], "coord_tier": null, "coord_source": null}}, {"type": "Feature", "geometry": null, "properties": {"id": "NFCFDB:canada:glace bay", "name": "Glace Bay", "country": "Canada", "stage": "heavy-water", "subtype": "Heavy Water Production", "fuel_type": null, "status": "Decommissioned", "scale": "Commercial", "capacity": "250 t/year", "start": 1964, "end": 1985, "prov": [{"tier": 1, "source": "IAEA NFCFDB facility list export", "record": "Glace Bay", "url": "https://infcis.iaea.org/NFCFDB/Facilities", "retrieved": "2026-09-22"}], "coord_tier": null, "coord_source": null}}, {"type": "Feature", "geometry": null, "properties": {"id": "NFCFDB:canada:recycle fuel fabr lab rffl", "name": "Recycle Fuel Fabr. Lab. (RFFL)", "country": "Canada", "stage": "fabrication", "subtype": "MOX fuel fabrication (Mox Powder, Pellet, Pin, FA)", "fuel_type": null, "status": "Stand By", "scale": "Laboratory", "capacity": "0 t HM/year", "start": 1979, "end": 2018, "prov": [{"tier": 1, "source": "IAEA NFCFDB facility list export", "record": "Recycle Fuel Fabr. Lab. (RFFL)", "url": "https://infcis.iaea.org/NFCFDB/Facilities", "retrieved": "2026-09-22"}], "coord_tier": null, "coord_source": null}}, {"type": "Feature", "geometry": null, "properties": {"id": "NFCFDB:canada:pu and thorium processing", "name": "Pu and Thorium Processing Facility", "country": "Canada", "stage": "fabrication", "subtype": "MOX fuel fabrication (Mox Powder, Pellet, Pin, FA)", "fuel_type": null, "status": "Decommissioning", "scale": "Laboratory", "capacity": "0 t HM/year", "start": 1952, "end": 1957, "prov": [{"tier": 1, "source": "IAEA NFCFDB facility list export", "record": "Pu and Thorium Processing Facility", "url": "https://infcis.iaea.org/NFCFDB/Facilities", "retrieved": "2026-09-22"}], "coord_tier": null, "coord_source": null}}, {"type": "Feature", "geometry": null, "properties": {"id": "NFCFDB:canada:darlington waste management", "name": "Darlington Waste Management Facility", "country": "Canada", "stage": "waste", "subtype": "AFR Dry Spent Fuel Storage", "fuel_type": null, "status": "In Operation", "scale": "Commercial", "capacity": "1000 Cask-Bund.", "start": 2008, "end": null, "prov": [{"tier": 1, "source": "IAEA NFCFDB facility list export", "record": "Darlington Waste Management Facility", "url": "https://infcis.iaea.org/NFCFDB/Facilities", "retrieved": "2026-09-22"}], "coord_tier": null, "coord_source": null}}, {"type": "Feature", "geometry": null, "properties": {"id": "NFCFDB:canada:cigar lake mine", "name": "Cigar lake Mine", "country": "Canada", "stage": "mining", "subtype": "Uranium Ore Processing", "fuel_type": null, "status": "In Operation", "scale": "Commercial", "capacity": "9250 t/year", "start": 2014, "end": null, "prov": [{"tier": 1, "source": "IAEA NFCFDB facility list export", "record": "Cigar lake Mine", "url": "https://infcis.iaea.org/NFCFDB/Facilities", "retrieved": "2026-09-22"}], "coord_tier": null, "coord_source": null}}, {"type": "Feature", "geometry": null, "properties": {"id": "NFCFDB:canada:waste management area a", "name": "Waste Management Area A", "country": "Canada", "stage": "waste", "subtype": "Other-Waste Management Facilities", "fuel_type": null, "status": "Shutdown", "scale": "Commercial", "capacity": " ", "start": 1946, "end": 1955, "prov": [{"tier": 1, "source": "IAEA NFCFDB facility list export", "record": "Waste Management Area A", "url": "https://infcis.iaea.org/NFCFDB/Facilities", "retrieved": "2026-09-22"}], "coord_tier": null, "coord_source": null}}, {"type": "Feature", "geometry": null, "properties": {"id": "NFCFDB:canada:waste management area b fuel package and storage fps", "name": "Waste Management Area B / Fuel Package and Storage, FPS", "country": "Canada", "stage": "waste", "subtype": "Other-Waste Management Facilities", "fuel_type": null, "status": "In Operation", "scale": "Commercial", "capacity": " ", "start": 1953, "end": null, "prov": [{"tier": 1, "source": "IAEA NFCFDB facility list export", "record": "Waste Management Area B / Fuel Package and Storage, FPS", "url": "https://infcis.iaea.org/NFCFDB/Facilities", "retrieved": "2026-09-22"}], "coord_tier": null, "coord_source": null}}, {"type": "Feature", "geometry": null, "properties": {"id": "NFCFDB:canada:waste management area c", "name": "Waste Management Area C", "country": "Canada", "stage": "waste", "subtype": "Other-Waste Management Facilities", "fuel_type": null, "status": "In Operation", "scale": "Commercial", "capacity": "129000 m3", "start": 1963, "end": null, "prov": [{"tier": 1, "source": "IAEA NFCFDB facility list export", "record": "Waste Management Area C", "url": "https://infcis.iaea.org/NFCFDB/Facilities", "retrieved": "2026-09-22"}], "coord_tier": null, "coord_source": null}}, {"type": "Feature", "geometry": null, "properties": {"id": "NFCFDB:canada:waste management area d", "name": "Waste Management Area D", "country": "Canada", "stage": "waste", "subtype": "Other-Waste Management Facilities", "fuel_type": null, "status": "In Operation", "scale": "Commercial", "capacity": "35000 m3", "start": 1974, "end": null, "prov": [{"tier": 1, "source": "IAEA NFCFDB facility list export", "record": "Waste Management Area D", "url": "https://infcis.iaea.org/NFCFDB/Facilities", "retrieved": "2026-09-22"}], "coord_tier": null, "coord_source": null}}, {"type": "Feature", "geometry": null, "properties": {"id": "NFCFDB:canada:waste management area e", "name": "Waste Management Area E", "country": "Canada", "stage": "waste", "subtype": "Other-Waste Management Facilities", "fuel_type": null, "status": "Shutdown", "scale": "Commercial", "capacity": "22000 m3", "start": 1976, "end": 1984, "prov": [{"tier": 1, "source": "IAEA NFCFDB facility list export", "record": "Waste Management Area E", "url": "https://infcis.iaea.org/NFCFDB/Facilities", "retrieved": "2026-09-22"}], "coord_tier": null, "coord_source": null}}, {"type": "Feature", "geometry": null, "properties": {"id": "NFCFDB:canada:waste management area g", "name": "Waste Management Area G", "country": "Canada", "stage": "waste", "subtype": "AFR Dry Spent Fuel Storage", "fuel_type": null, "status": "In Operation", "scale": "Commercial", "capacity": " ", "start": 1988, "end": null, "prov": [{"tier": 1, "source": "IAEA NFCFDB facility list export", "record": "Waste Management Area G", "url": "https://infcis.iaea.org/NFCFDB/Facilities", "retrieved": "2026-09-22"}], "coord_tier": null, "coord_source": null}}, {"type": "Feature", "geometry": null, "properties": {"id": "NFCFDB:canada:waste management area h", "name": "Waste Management Area H", "country": "Canada", "stage": "waste", "subtype": "Other-Waste Management Facilities", "fuel_type": null, "status": "In Operation", "scale": "Commercial", "capacity": "53100 m3", "start": 2002, "end": null, "prov": [{"tier": 1, "source": "IAEA NFCFDB facility list export", "record": "Waste Management Area H", "url": "https://infcis.iaea.org/NFCFDB/Facilities", "retrieved": "2026-09-22"}], "coord_tier": null, "coord_source": null}}, {"type": "Feature", "geometry": null, "properties": {"id": "NFCFDB:canada:waste management area j", "name": "Waste Management Area J", "country": "Canada", "stage": "waste", "subtype": "Other-Waste Management Facilities", "fuel_type": null, "status": "In Operation", "scale": "Commercial", "capacity": "28500 m3", "start": 2010, "end": null, "prov": [{"tier": 1, "source": "IAEA NFCFDB facility list export", "record": "Waste Management Area J", "url": "https://infcis.iaea.org/NFCFDB/Facilities", "retrieved": "2026-09-22"}], "coord_tier": null, "coord_source": null}}, {"type": "Feature", "geometry": null, "properties": {"id": "NFCFDB:canada:waste management area f", "name": "Waste Management Area F", "country": "Canada", "stage": "waste", "subtype": "Other-Waste Management Facilities", "fuel_type": null, "status": "Shutdown", "scale": "Commercial", "capacity": " ", "start": 1976, "end": 1980, "prov": [{"tier": 1, "source": "IAEA NFCFDB facility list export", "record": "Waste Management Area F", "url": "https://infcis.iaea.org/NFCFDB/Facilities", "retrieved": "2026-09-22"}], "coord_tier": null, "coord_source": null}}, {"type": "Feature", "geometry": null, "properties": {"id": "NFCFDB:chile:radioactive waste la reina storage room", "name": "Radioactive Waste Facility-La Reina (Storage Room)", "country": "Chile", "stage": "waste", "subtype": "Disposal (LILW)", "fuel_type": null, "status": "In Operation", "scale": "Commercial", "capacity": " ", "start": 1998, "end": null, "prov": [{"tier": 1, "source": "IAEA NFCFDB facility list export", "record": "Radioactive Waste Facility-La Reina (Storage Room)", "url": "https://infcis.iaea.org/NFCFDB/Facilities", "retrieved": "2026-09-22"}], "coord_tier": null, "coord_source": null}}, {"type": "Feature", "geometry": null, "properties": {"id": "NFCFDB:chile:radioactive waste la reina modular storage", "name": "Radioactive Waste Facility-La Reina (Modular Storage)", "country": "Chile", "stage": "waste", "subtype": "Disposal (LILW)", "fuel_type": null, "status": "In Operation", "scale": "Commercial", "capacity": " ", "start": 2012, "end": null, "prov": [{"tier": 1, "source": "IAEA NFCFDB facility list export", "record": "Radioactive Waste Facility-La Reina (Modular Storage)", "url": "https://infcis.iaea.org/NFCFDB/Facilities", "retrieved": "2026-09-22"}], "coord_tier": null, "coord_source": null}}, {"type": "Feature", "geometry": null, "properties": {"id": "NFCFDB:chile:radioactive waste la reina storage pit", "name": "Radioactive Waste Facility-La Reina (Storage Pit)", "country": "Chile", "stage": "waste", "subtype": "Disposal (LILW)", "fuel_type": null, "status": "In Operation", "scale": "Commercial", "capacity": " ", "start": 1978, "end": null, "prov": [{"tier": 1, "source": "IAEA NFCFDB facility list export", "record": "Radioactive Waste Facility-La Reina (Storage Pit)", "url": "https://infcis.iaea.org/NFCFDB/Facilities", "retrieved": "2026-09-22"}], "coord_tier": null, "coord_source": null}}, {"type": "Feature", "geometry": null, "properties": {"id": "NFCFDB:chile:rech 1", "name": "RECH-1", "country": "Chile", "stage": "waste", "subtype": "AFR Wet Spent Fuel Storage (Pool)", "fuel_type": null, "status": "In Operation", "scale": "Laboratory", "capacity": " ", "start": 1974, "end": null, "prov": [{"tier": 1, "source": "IAEA NFCFDB facility list export", "record": "RECH-1", "url": "https://infcis.iaea.org/NFCFDB/Facilities", "retrieved": "2026-09-22"}], "coord_tier": null, "coord_source": null}}, {"type": "Feature", "geometry": null, "properties": {"id": "NFCFDB:chile:radioactive waste lo aguirre treatment", "name": "Radioactive Waste Facility-Lo Aguirre (Treatment Plant)", "country": "Chile", "stage": "waste", "subtype": "Disposal (LILW)", "fuel_type": null, "status": "Commissioning", "scale": "Commercial", "capacity": " ", "start": 1992, "end": null, "prov": [{"tier": 1, "source": "IAEA NFCFDB facility list export", "record": "Radioactive Waste Facility-Lo Aguirre (Treatment Plant)", "url": "https://infcis.iaea.org/NFCFDB/Facilities", "retrieved": "2026-09-22"}], "coord_tier": null, "coord_source": null}}, {"type": "Feature", "geometry": null, "properties": {"id": "NFCFDB:chile:conditioning storage", "name": "Conditioning Storage Facility", "country": "Chile", "stage": "waste", "subtype": "Disposal (LILW)", "fuel_type": null, "status": "In Operation", "scale": "Commercial", "capacity": "48 m3", "start": 1992, "end": null, "prov": [{"tier": 1, "source": "IAEA NFCFDB facility list export", "record": "Conditioning Storage Facility", "url": "https://infcis.iaea.org/NFCFDB/Facilities", "retrieved": "2026-09-22"}], "coord_tier": null, "coord_source": null}}, {"type": "Feature", "geometry": null, "properties": {"id": "NFCFDB:chile:radioactive waste lo aguirre treatment", "name": "Radioactive Waste Facility-Lo Aguirre (Treatment Plant)", "country": "Chile", "stage": "waste", "subtype": "Disposal (LILW)", "fuel_type": null, "status": "In Operation", "scale": "Commercial", "capacity": " ", "start": 1992, "end": null, "prov": [{"tier": 1, "source": "IAEA NFCFDB facility list export", "record": "Radioactive Waste Facility-Lo Aguirre (Treatment Plant)", "url": "https://infcis.iaea.org/NFCFDB/Facilities", "retrieved": "2026-09-22"}], "coord_tier": null, "coord_source": null}}, {"type": "Feature", "geometry": null, "properties": {"id": "NFCFDB:chile:radioactive waste lo aguirre temporary container", "name": "Radioactive Waste Facility-Lo Aguirre (Temporary Container)", "country": "Chile", "stage": "waste", "subtype": "Disposal (LILW)", "fuel_type": null, "status": "In Operation", "scale": "Commercial", "capacity": " ", "start": 2016, "end": null, "prov": [{"tier": 1, "source": "IAEA NFCFDB facility list export", "record": "Radioactive Waste Facility-Lo Aguirre (Temporary Container)", "url": "https://infcis.iaea.org/NFCFDB/Facilities", "retrieved": "2026-09-22"}], "coord_tier": null, "coord_source": null}}, {"type": "Feature", "geometry": null, "properties": {"id": "NFCFDB:chile:radioactive waste lo aguirre operative storage dsrs", "name": "Radioactive Waste Facility-Lo Aguirre (Operative Storage) DSRS", "country": "Chile", "stage": "waste", "subtype": "Disposal (LLW)", "fuel_type": null, "status": "In Operation", "scale": "Commercial", "capacity": " ", "start": 2024, "end": null, "prov": [{"tier": 1, "source": "IAEA NFCFDB facility list export", "record": "Radioactive Waste Facility-Lo Aguirre (Operative Storage) DSRS", "url": "https://infcis.iaea.org/NFCFDB/Facilities", "retrieved": "2026-09-22"}], "coord_tier": null, "coord_source": null}}, {"type": "Feature", "geometry": null, "properties": {"id": "NFCFDB:chile:radioactive waste lo aguirre operative storage", "name": "Radioactive Waste Facility-Lo Aguirre (Operative Storage)", "country": "Chile", "stage": "waste", "subtype": "Disposal (LILW)", "fuel_type": null, "status": "In Operation", "scale": "Commercial", "capacity": " ", "start": 2007, "end": null, "prov": [{"tier": 1, "source": "IAEA NFCFDB facility list export", "record": "Radioactive Waste Facility-Lo Aguirre (Operative Storage)", "url": "https://infcis.iaea.org/NFCFDB/Facilities", "retrieved": "2026-09-22"}], "coord_tier": null, "coord_source": null}}, {"type": "Feature", "geometry": null, "properties": {"id": "NFCFDB:chile:radioactive waste lo aguirre shipping container", "name": "Radioactive Waste Facility-Lo Aguirre (Shipping Container)", "country": "Chile", "stage": "waste", "subtype": "Disposal (LILW)", "fuel_type": null, "status": "In Operation", "scale": "Commercial", "capacity": " ", "start": 2014, "end": null, "prov": [{"tier": 1, "source": "IAEA NFCFDB facility list export", "record": "Radioactive Waste Facility-Lo Aguirre (Shipping Container)", "url": "https://infcis.iaea.org/NFCFDB/Facilities", "retrieved": "2026-09-22"}], "coord_tier": null, "coord_source": null}}, {"type": "Feature", "geometry": null, "properties": {"id": "NFCFDB:chile:conditioning storage dsrs", "name": "Conditioning Storage Facility (DSRS)", "country": "Chile", "stage": "waste", "subtype": "Disposal (LILW)", "fuel_type": null, "status": "In Operation", "scale": "Commercial", "capacity": "48 m3", "start": 1992, "end": null, "prov": [{"tier": 1, "source": "IAEA NFCFDB facility list export", "record": "Conditioning Storage Facility (DSRS)", "url": "https://infcis.iaea.org/NFCFDB/Facilities", "retrieved": "2026-09-22"}], "coord_tier": null, "coord_source": null}}, {"type": "Feature", "geometry": null, "properties": {"id": "NFCFDB:chile:radioactive waste lo aguirre liquid storage", "name": "Radioactive Waste Facility-Lo Aguirre (Liquid Storage)", "country": "Chile", "stage": "waste", "subtype": "Disposal (LILW)", "fuel_type": null, "status": "In Operation", "scale": "Commercial", "capacity": " ", "start": 2000, "end": null, "prov": [{"tier": 1, "source": "IAEA NFCFDB facility list export", "record": "Radioactive Waste Facility-Lo Aguirre (Liquid Storage)", "url": "https://infcis.iaea.org/NFCFDB/Facilities", "retrieved": "2026-09-22"}], "coord_tier": null, "coord_source": null}}, {"type": "Feature", "geometry": null, "properties": {"id": "NFCFDB:chile:radioactive waste lo aguirre seacl treatment liquid", "name": "Radioactive Waste Facility-Lo Aguirre (SEACL-Treatment Liquid Plant)", "country": "Chile", "stage": "waste", "subtype": "Disposal (LILW)", "fuel_type": null, "status": "In Operation", "scale": "Commercial", "capacity": " ", "start": 2015, "end": null, "prov": [{"tier": 1, "source": "IAEA NFCFDB facility list export", "record": "Radioactive Waste Facility-Lo Aguirre (SEACL-Treatment Liquid Plant)", "url": "https://infcis.iaea.org/NFCFDB/Facilities", "retrieved": "2026-09-22"}], "coord_tier": null, "coord_source": null}}, {"type": "Feature", "geometry": null, "properties": {"id": "NFCFDB:china:hengyang", "name": "Hengyang", "country": "China", "stage": "mining", "subtype": "Uranium Ore Processing", "fuel_type": null, "status": "Stand By", "scale": "Commercial", "capacity": "1000 t U/year", "start": 1963, "end": 1996, "prov": [{"tier": 1, "source": "IAEA NFCFDB facility list export", "record": "Hengyang", "url": "https://infcis.iaea.org/NFCFDB/Facilities", "retrieved": "2026-09-22"}], "coord_tier": null, "coord_source": null}}, {"type": "Feature", "geometry": null, "properties": {"id": "NFCFDB:china:lanzhou fuel complex lnfc gansu", "name": "Lanzhou Nuclear Fuel Complex(LNFC,Gansu)", "country": "China", "stage": "conversion", "subtype": "Conversion to UF6", "fuel_type": null, "status": "In Operation", "scale": "Commercial", "capacity": "3000 t HM/year", "start": 1980, "end": null, "prov": [{"tier": 1, "source": "IAEA NFCFDB facility list export", "record": "Lanzhou Nuclear Fuel Complex(LNFC,Gansu)", "url": "https://infcis.iaea.org/NFCFDB/Facilities", "retrieved": "2026-09-22"}], "coord_tier": null, "coord_source": null}}, {"type": "Feature", "geometry": null, "properties": {"id": "NFCFDB:china:jianzhong fuel sichuan", "name": "Jianzhong Nuclear Fuel, Sichuan", "country": "China", "stage": "fabrication", "subtype": "Fuel Fabrication (U Pellet, Pin, FA)", "fuel_type": "UOX for VVER, MOX for PWR", "status": "In Operation", "scale": "Commercial", "capacity": "800 t U/year", "start": 1998, "end": null, "prov": [{"tier": 1, "source": "IAEA NFCFDB facility list export", "record": "Jianzhong Nuclear Fuel, Sichuan", "url": "https://infcis.iaea.org/NFCFDB/Facilities", "retrieved": "2026-09-22"}], "coord_tier": null, "coord_source": null}}, {"type": "Feature", "geometry": null, "properties": {"id": "NFCFDB:china:fuzhou", "name": "Fuzhou", "country": "China", "stage": "mining", "subtype": "Uranium Ore Processing", "fuel_type": null, "status": "In Operation", "scale": "Commercial", "capacity": "350 t U/year", "start": 1966, "end": null, "prov": [{"tier": 1, "source": "IAEA NFCFDB facility list export", "record": "Fuzhou", "url": "https://infcis.iaea.org/NFCFDB/Facilities", "retrieved": "2026-09-22"}], "coord_tier": null, "coord_source": null}}, {"type": "Feature", "geometry": null, "properties": {"id": "NFCFDB:china:baimadong", "name": "Baimadong", "country": "China", "stage": "mining", "subtype": "Uranium Ore Processing", "fuel_type": null, "status": "Shutdown", "scale": "Commercial", "capacity": "40 t U/year", "start": 1965, "end": 1989, "prov": [{"tier": 1, "source": "IAEA NFCFDB facility list export", "record": "Baimadong", "url": "https://infcis.iaea.org/NFCFDB/Facilities", "retrieved": "2026-09-22"}], "coord_tier": null, "coord_source": null}}, {"type": "Feature", "geometry": null, "properties": {"id": "NFCFDB:china:yining", "name": "Yining", "country": "China", "stage": "mining", "subtype": "Uranium Ore Processing", "fuel_type": null, "status": "In Operation", "scale": "Commercial", "capacity": "480 t U/year", "start": 1993, "end": null, "prov": [{"tier": 1, "source": "IAEA NFCFDB facility list export", "record": "Yining", "url": "https://infcis.iaea.org/NFCFDB/Facilities", "retrieved": "2026-09-22"}], "coord_tier": null, "coord_source": null}}, {"type": "Feature", "geometry": null, "properties": {"id": "NFCFDB:china:hanzhong uranium enrichment shaanxi", "name": "Hanzhong Uranium Enrichment Plant,Shaanxi", "country": "China", "stage": "enrichment", "subtype": "Uranium Enrichment", "fuel_type": null, "status": "In Operation", "scale": "Commercial", "capacity": "1000 MTSWU/year", "start": 1997, "end": null, "prov": [{"tier": 1, "source": "IAEA NFCFDB facility list export", "record": "Hanzhong Uranium Enrichment Plant,Shaanxi", "url": "https://infcis.iaea.org/NFCFDB/Facilities", "retrieved": "2026-09-22"}], "coord_tier": null, "coord_source": null}}, {"type": "Feature", "geometry": null, "properties": {"id": "NFCFDB:china:centralized wet storage cwsf", "name": "Centralized Wet Storage Facility (CWSF)", "country": "China", "stage": "waste", "subtype": "AFR Wet Spent Fuel Storage (Pool)", "fuel_type": null, "status": "In Operation", "scale": "Commercial", "capacity": "1300 t U/year", "start": 2003, "end": null, "prov": [{"tier": 1, "source": "IAEA NFCFDB facility list export", "record": "Centralized Wet Storage Facility (CWSF)", "url": "https://infcis.iaea.org/NFCFDB/Facilities", "retrieved": "2026-09-22"}], "coord_tier": null, "coord_source": null}}, {"type": "Feature", "geometry": null, "properties": {"id": "NFCFDB:china:lanzhou reprocessing pilot rpp", "name": "Lanzhou Reprocessing Pilot Plant(RPP)", "country": "China", "stage": "reprocessing", "subtype": "Spent Fuel Reprocessing - aqueous route", "fuel_type": null, "status": "Under Construction", "scale": "Pilot plant", "capacity": "0.1 t HM/year", "start": null, "end": null, "prov": [{"tier": 1, "source": "IAEA NFCFDB facility list export", "record": "Lanzhou Reprocessing Pilot Plant(RPP)", "url": "https://infcis.iaea.org/NFCFDB/Facilities", "retrieved": "2026-09-22"}], "coord_tier": null, "coord_source": null}}, {"type": "Feature", "geometry": null, "properties": {"id": "NFCFDB:china:chongyi", "name": "Chongyi", "country": "China", "stage": "mining", "subtype": "Uranium Ore Processing", "fuel_type": null, "status": "In Operation", "scale": "Commercial", "capacity": "120 t U/year", "start": 1979, "end": null, "prov": [{"tier": 1, "source": "IAEA NFCFDB facility list export", "record": "Chongyi", "url": "https://infcis.iaea.org/NFCFDB/Facilities", "retrieved": "2026-09-22"}], "coord_tier": null, "coord_source": null}}, {"type": "Feature", "geometry": null, "properties": {"id": "NFCFDB:china:tengchong", "name": "Tengchong", "country": "China", "stage": "mining", "subtype": "Uranium Ore Processing", "fuel_type": null, "status": "In Operation", "scale": "Pilot plant", "capacity": "20 t U/year", "start": 1991, "end": null, "prov": [{"tier": 1, "source": "IAEA NFCFDB facility list export", "record": "Tengchong", "url": "https://infcis.iaea.org/NFCFDB/Facilities", "retrieved": "2026-09-22"}], "coord_tier": null, "coord_source": null}}, {"type": "Feature", "geometry": null, "properties": {"id": "NFCFDB:china:lantian", "name": "Lantian", "country": "China", "stage": "mining", "subtype": "Uranium Ore Processing", "fuel_type": null, "status": "In Operation", "scale": "Commercial", "capacity": "100 t U/year", "start": 1993, "end": null, "prov": [{"tier": 1, "source": "IAEA NFCFDB facility list export", "record": "Lantian", "url": "https://infcis.iaea.org/NFCFDB/Facilities", "retrieved": "2026-09-22"}], "coord_tier": null, "coord_source": null}}, {"type": "Feature", "geometry": null, "properties": {"id": "NFCFDB:china:benxi", "name": "Benxi", "country": "China", "stage": "mining", "subtype": "Uranium Ore Processing", "fuel_type": null, "status": "In Operation", "scale": "Commercial", "capacity": "120 t U/year", "start": 1996, "end": null, "prov": [{"tier": 1, "source": "IAEA NFCFDB facility list export", "record": "Benxi", "url": "https://infcis.iaea.org/NFCFDB/Facilities", "retrieved": "2026-09-22"}], "coord_tier": null, "coord_source": null}}, {"type": "Feature", "geometry": null, "properties": {"id": "NFCFDB:china:lanzhou fuel complex lnfc gansu enrichment", "name": "Lanzhou Nuclear Fuel Complex(LNFC), Gansu-Enrichment", "country": "China", "stage": "enrichment", "subtype": "Uranium Enrichment", "fuel_type": null, "status": "In Operation", "scale": "Commercial", "capacity": "500 MTSWU/year", "start": 2005, "end": null, "prov": [{"tier": 1, "source": "IAEA NFCFDB facility list export", "record": "Lanzhou Nuclear Fuel Complex(LNFC), Gansu-Enrichment", "url": "https://infcis.iaea.org/NFCFDB/Facilities", "retrieved": "2026-09-22"}], "coord_tier": null, "coord_source": null}}, {"type": "Feature", "geometry": null, "properties": {"id": "NFCFDB:china:candu fuel", "name": "Candu Fuel Plant", "country": "China", "stage": "fabrication", "subtype": "Fuel Fabrication (U Pellet, Pin, FA)", "fuel_type": "Nat U for PHWR", "status": "In Operation", "scale": "Commercial", "capacity": "200 t HM/year", "start": 2003, "end": null, "prov": [{"tier": 1, "source": "IAEA NFCFDB facility list export", "record": "Candu Fuel Plant", "url": "https://infcis.iaea.org/NFCFDB/Facilities", "retrieved": "2026-09-22"}], "coord_tier": null, "coord_source": null}}, {"type": "Feature", "geometry": null, "properties": {"id": "NFCFDB:china:qinglong", "name": "Qinglong", "country": "China", "stage": "mining", "subtype": "Uranium Ore Processing", "fuel_type": null, "status": "In Operation", "scale": "Commercial", "capacity": "100 t U/year", "start": 2007, "end": null, "prov": [{"tier": 1, "source": "IAEA NFCFDB facility list export", "record": "Qinglong", "url": "https://infcis.iaea.org/NFCFDB/Facilities", "retrieved": "2026-09-22"}], "coord_tier": null, "coord_source": null}}, {"type": "Feature", "geometry": null, "properties": {"id": "NFCFDB:china:shaoguan", "name": "Shaoguan", "country": "China", "stage": "mining", "subtype": "Uranium Ore Processing", "fuel_type": null, "status": "In Operation", "scale": "Commercial", "capacity": "160 t U/year", "start": 2008, "end": null, "prov": [{"tier": 1, "source": "IAEA NFCFDB facility list export", "record": "Shaoguan", "url": "https://infcis.iaea.org/NFCFDB/Facilities", "retrieved": "2026-09-22"}], "coord_tier": null, "coord_source": null}}, {"type": "Feature", "geometry": null, "properties": {"id": "NFCFDB:china:pwr fuel", "name": "PWR Fuel Plant", "country": "China", "stage": "fabrication", "subtype": "Fuel Fabrication (U Pellet, Pin, FA)", "fuel_type": "UOX for PWR", "status": "In Operation", "scale": "Commercial", "capacity": "600 t U/year", "start": 2012, "end": null, "prov": [{"tier": 1, "source": "IAEA NFCFDB facility list export", "record": "PWR Fuel Plant", "url": "https://infcis.iaea.org/NFCFDB/Facilities", "retrieved": "2026-09-22"}], "coord_tier": null, "coord_source": null}}, {"type": "Feature", "geometry": null, "properties": {"id": "NFCFDB:china:htr fuel", "name": "HTR Fuel Plant", "country": "China", "stage": "fabrication", "subtype": "Fuel Fabrication (U Pellet, Pin, FA)", "fuel_type": "Fuel for HTR/GHTR", "status": "In Operation", "scale": "Commercial", "capacity": "300000 Spheres/year", "start": 2016, "end": null, "prov": [{"tier": 1, "source": "IAEA NFCFDB facility list export", "record": "HTR Fuel Plant", "url": "https://infcis.iaea.org/NFCFDB/Facilities", "retrieved": "2026-09-22"}], "coord_tier": null, "coord_source": null}}, {"type": "Feature", "geometry": null, "properties": {"id": "NFCFDB:china:hengyang uranium hunan", "name": "Hengyang Uranium Plant, Hunan", "country": "China", "stage": "conversion", "subtype": "Conversion to UF6", "fuel_type": null, "status": "In Operation", "scale": "Commercial", "capacity": "3000 t U/year", "start": 2016, "end": null, "prov": [{"tier": 1, "source": "IAEA NFCFDB facility list export", "record": "Hengyang Uranium Plant, Hunan", "url": "https://infcis.iaea.org/NFCFDB/Facilities", "retrieved": "2026-09-22"}], "coord_tier": null, "coord_source": null}}, {"type": "Feature", "geometry": null, "properties": {"id": "NFCFDB:china:demonstration reprocessing", "name": "Demonstration Reprocessing plant", "country": "China", "stage": "reprocessing", "subtype": "Spent Fuel Reprocessing - aqueous route", "fuel_type": "UOX for PWR", "status": "Under Construction", "scale": "Pilot plant", "capacity": "200 t HM/year", "start": 2025, "end": null, "prov": [{"tier": 1, "source": "IAEA NFCFDB facility list export", "record": "Demonstration Reprocessing plant", "url": "https://infcis.iaea.org/NFCFDB/Facilities", "retrieved": "2026-09-22"}], "coord_tier": null, "coord_source": null}}, {"type": "Feature", "geometry": null, "properties": {"id": "NFCFDB:czech republic:tuu straz pod ralskem processing and isl plan", "name": "TUU Straz pod Ralskem: Processing Plant and ISL Plan", "country": "Czech Republic", "stage": "mining", "subtype": "Uranium Ore Processing", "fuel_type": null, "status": "Decommissioning", "scale": "Commercial", "capacity": "250 t U/year", "start": 1967, "end": 1995, "prov": [{"tier": 1, "source": "IAEA NFCFDB facility list export", "record": "TUU Straz pod Ralskem: Processing Plant and ISL Plan", "url": "https://infcis.iaea.org/NFCFDB/Facilities", "retrieved": "2026-09-22"}], "coord_tier": null, "coord_source": null}}, {"type": "Feature", "geometry": null, "properties": {"id": "NFCFDB:czech republic:mape mydlovary processing", "name": "MAPE Mydlovary Processing Plant", "country": "Czech Republic", "stage": "mining", "subtype": "Uranium Ore Processing", "fuel_type": null, "status": "Decommissioned", "scale": "Commercial", "capacity": "0 t U/year", "start": 1962, "end": 1991, "prov": [{"tier": 1, "source": "IAEA NFCFDB facility list export", "record": "MAPE Mydlovary Processing Plant", "url": "https://infcis.iaea.org/NFCFDB/Facilities", "retrieved": "2026-09-22"}], "coord_tier": null, "coord_source": null}}, {"type": "Feature", "geometry": null, "properties": {"id": "NFCFDB:czech republic:geam dolni rozinka", "name": "GEAM Dolni Rozinka", "country": "Czech Republic", "stage": "mining", "subtype": "Uranium Ore Processing", "fuel_type": null, "status": "Shutdown", "scale": "Commercial", "capacity": "400 t U/year", "start": 1957, "end": 2017, "prov": [{"tier": 1, "source": "IAEA NFCFDB facility list export", "record": "GEAM Dolni Rozinka", "url": "https://infcis.iaea.org/NFCFDB/Facilities", "retrieved": "2026-09-22"}], "coord_tier": null, "coord_source": null}}, {"type": "Feature", "geometry": null, "properties": {"id": "NFCFDB:czech republic:isfsf dukovany", "name": "ISFSF Dukovany", "country": "Czech Republic", "stage": "waste", "subtype": "AFR Dry Spent Fuel Storage", "fuel_type": "UOX for VVER", "status": "In Operation", "scale": "Commercial", "capacity": "600 t HM", "start": 1995, "end": null, "prov": [{"tier": 1, "source": "IAEA NFCFDB facility list export", "record": "ISFSF Dukovany", "url": "https://infcis.iaea.org/NFCFDB/Facilities", "retrieved": "2026-09-22"}], "coord_tier": null, "coord_source": null}}, {"type": "Feature", "geometry": null, "properties": {"id": "NFCFDB:czech republic:sfsf dukovany", "name": "SFSF Dukovany", "country": "Czech Republic", "stage": "waste", "subtype": "AFR Dry Spent Fuel Storage", "fuel_type": "UOX for VVER", "status": "In Operation", "scale": "Commercial", "capacity": "1340 t HM", "start": 2008, "end": null, "prov": [{"tier": 1, "source": "IAEA NFCFDB facility list export", "record": "SFSF Dukovany", "url": "https://infcis.iaea.org/NFCFDB/Facilities", "retrieved": "2026-09-22"}], "coord_tier": null, "coord_source": null}}, {"type": "Feature", "geometry": null, "properties": {"id": "NFCFDB:czech republic:sfsf temelin", "name": "SFSF Temelin", "country": "Czech Republic", "stage": "waste", "subtype": "AFR Dry Spent Fuel Storage", "fuel_type": "UOX for VVER", "status": "In Operation", "scale": "Commercial", "capacity": "1370 t HM", "start": 2012, "end": null, "prov": [{"tier": 1, "source": "IAEA NFCFDB facility list export", "record": "SFSF Temelin", "url": "https://infcis.iaea.org/NFCFDB/Facilities", "retrieved": "2026-09-22"}], "coord_tier": null, "coord_source": null}}, {"type": "Feature", "geometry": null, "properties": {"id": "NFCFDB:denmark:danish decommissioning", "name": "Danish Decommissioning", "country": "Denmark", "stage": "fabrication", "subtype": "Fuel Fabrication (Research Reactors)", "fuel_type": null, "status": "Decommissioned", "scale": "Pilot plant", "capacity": "0 t HM/year", "start": 1988, "end": 2000, "prov": [{"tier": 1, "source": "IAEA NFCFDB facility list export", "record": "Danish Decommissioning", "url": "https://infcis.iaea.org/NFCFDB/Facilities", "retrieved": "2026-09-22"}], "coord_tier": null, "coord_source": null}}, {"type": "Feature", "geometry": null, "properties": {"id": "NFCFDB:egypt:inchas fuel laboratory", "name": "Inchas Nuclear Fuel Laboratory", "country": "Egypt", "stage": "fabrication", "subtype": "Fuel Fabrication (U Pellet, Pin, FA)", "fuel_type": "Nat U for PHWR", "status": "In Operation", "scale": "Laboratory", "capacity": "0.1 t HM/year", "start": 1990, "end": null, "prov": [{"tier": 1, "source": "IAEA NFCFDB facility list export", "record": "Inchas Nuclear Fuel Laboratory", "url": "https://infcis.iaea.org/NFCFDB/Facilities", "retrieved": "2026-09-22"}], "coord_tier": null, "coord_source": null}}, {"type": "Feature", "geometry": null, "properties": {"id": "NFCFDB:egypt:fuel element fabrication", "name": "Fuel Element Fabrication Plant", "country": "Egypt", "stage": "fabrication", "subtype": "Fuel Fabrication (Research Reactors)", "fuel_type": "Fuel for MTR", "status": "In Operation", "scale": "Pilot plant", "capacity": "40 Elements/year", "start": 1998, "end": null, "prov": [{"tier": 1, "source": "IAEA NFCFDB facility list export", "record": "Fuel Element Fabrication Plant", "url": "https://infcis.iaea.org/NFCFDB/Facilities", "retrieved": "2026-09-22"}], "coord_tier": null, "coord_source": null}}, {"type": "Feature", "geometry": null, "properties": {"id": "NFCFDB:estonia:sillamae", "name": "Sillamae", "country": "Estonia", "stage": "mining", "subtype": "Uranium Ore Processing", "fuel_type": null, "status": "Shutdown", "scale": "Commercial", "capacity": "1000 t U/year", "start": 1948, "end": 1977, "prov": [{"tier": 1, "source": "IAEA NFCFDB facility list export", "record": "Sillamae", "url": "https://infcis.iaea.org/NFCFDB/Facilities", "retrieved": "2026-09-22"}], "coord_tier": null, "coord_source": null}}, {"type": "Feature", "geometry": null, "properties": {"id": "NFCFDB:estonia:interim storage", "name": "Interim storage", "country": "Estonia", "stage": "waste", "subtype": "Disposal (LILW)", "fuel_type": null, "status": "Commissioning", "scale": "Commercial", "capacity": "417 m3", "start": 2015, "end": 2040, "prov": [{"tier": 1, "source": "IAEA NFCFDB facility list export", "record": "Interim storage", "url": "https://infcis.iaea.org/NFCFDB/Facilities", "retrieved": "2026-09-22"}], "coord_tier": null, "coord_source": null}}, {"type": "Feature", "geometry": null, "properties": {"id": "NFCFDB:estonia:interim storage", "name": "Interim storage", "country": "Estonia", "stage": "waste", "subtype": "Disposal (LILW)", "fuel_type": null, "status": "In Operation", "scale": "Commercial", "capacity": "671 m3", "start": 2015, "end": null, "prov": [{"tier": 1, "source": "IAEA NFCFDB facility list export", "record": "Interim storage", "url": "https://infcis.iaea.org/NFCFDB/Facilities", "retrieved": "2026-09-22"}], "coord_tier": null, "coord_source": null}}, {"type": "Feature", "geometry": null, "properties": {"id": "NFCFDB:estonia:interim storage", "name": "Interim storage", "country": "Estonia", "stage": "waste", "subtype": "Disposal (LILW)", "fuel_type": null, "status": "In Operation", "scale": "Commercial", "capacity": " ", "start": 2024, "end": null, "prov": [{"tier": 1, "source": "IAEA NFCFDB facility list export", "record": "Interim storage", "url": "https://infcis.iaea.org/NFCFDB/Facilities", "retrieved": "2026-09-22"}], "coord_tier": null, "coord_source": null}}, {"type": "Feature", "geometry": null, "properties": {"id": "NFCFDB:finland:olkiluoto site tvo kpa", "name": "Olkiluoto NPP Site, TVO KPA", "country": "Finland", "stage": "waste", "subtype": "AFR Wet Spent Fuel Storage (Pool)", "fuel_type": "UOX for BWR", "status": "In Operation", "scale": "Commercial", "capacity": "1750 t HM", "start": 1987, "end": null, "prov": [{"tier": 1, "source": "IAEA NFCFDB facility list export", "record": "Olkiluoto NPP Site, TVO KPA", "url": "https://infcis.iaea.org/NFCFDB/Facilities", "retrieved": "2026-09-22"}], "coord_tier": null, "coord_source": null}}, {"type": "Feature", "geometry": null, "properties": {"id": "NFCFDB:finland:loviisa site spent fuel storage 1", "name": "Loviisa NPP Site (Spent Fuel Storage 1)", "country": "Finland", "stage": "waste", "subtype": "AFR Wet Spent Fuel Storage (Pool)", "fuel_type": "UOX for VVER", "status": "In Operation", "scale": "Commercial", "capacity": "60 t HM", "start": 1980, "end": null, "prov": [{"tier": 1, "source": "IAEA NFCFDB facility list export", "record": "Loviisa NPP Site (Spent Fuel Storage 1)", "url": "https://infcis.iaea.org/NFCFDB/Facilities", "retrieved": "2026-09-22"}], "coord_tier": null, "coord_source": null}}, {"type": "Feature", "geometry": null, "properties": {"id": "NFCFDB:finland:loviisa site spent fuel storage 2", "name": "Loviisa NPP Site (Spent Fuel Storage 2)", "country": "Finland", "stage": "waste", "subtype": "AFR Wet Spent Fuel Storage (Pool)", "fuel_type": "UOX for VVER", "status": "In Operation", "scale": "Commercial", "capacity": "716 t HM", "start": 1985, "end": null, "prov": [{"tier": 1, "source": "IAEA NFCFDB facility list export", "record": "Loviisa NPP Site (Spent Fuel Storage 2)", "url": "https://infcis.iaea.org/NFCFDB/Facilities", "retrieved": "2026-09-22"}], "coord_tier": null, "coord_source": null}}, {"type": "Feature", "geometry": null, "properties": {"id": "NFCFDB:finland:solid waste storage llw silos maj", "name": "Solid waste storage LLW(silos, MAJ)", "country": "Finland", "stage": "waste", "subtype": "Disposal (LLW)", "fuel_type": null, "status": "In Operation", "scale": "Commercial", "capacity": "8060 m3", "start": 1992, "end": 2080, "prov": [{"tier": 1, "source": "IAEA NFCFDB facility list export", "record": "Solid waste storage LLW(silos, MAJ)", "url": "https://infcis.iaea.org/NFCFDB/Facilities", "retrieved": "2026-09-22"}], "coord_tier": null, "coord_source": null}}, {"type": "Feature", "geometry": null, "properties": {"id": "NFCFDB:finland:solid waste storage rca", "name": "Solid waste storage (RCA)", "country": "Finland", "stage": "waste", "subtype": "Other-Waste Management Facilities", "fuel_type": null, "status": "In Operation", "scale": "Commercial", "capacity": "805 m3", "start": 1997, "end": 2065, "prov": [{"tier": 1, "source": "IAEA NFCFDB facility list export", "record": "Solid waste storage (RCA)", "url": "https://infcis.iaea.org/NFCFDB/Facilities", "retrieved": "2026-09-22"}], "coord_tier": null, "coord_source": null}}, {"type": "Feature", "geometry": null, "properties": {"id": "NFCFDB:finland:solid waste storage on site", "name": "Solid waste storage (on site)", "country": "Finland", "stage": "waste", "subtype": "Other-Waste Management Facilities", "fuel_type": "Others", "status": "In Operation", "scale": "Commercial", "capacity": "1000 m3", "start": 2021, "end": 2065, "prov": [{"tier": 1, "source": "IAEA NFCFDB facility list export", "record": "Solid waste storage (on site)", "url": "https://infcis.iaea.org/NFCFDB/Facilities", "retrieved": "2026-09-22"}], "coord_tier": null, "coord_source": null}}, {"type": "Feature", "geometry": null, "properties": {"id": "NFCFDB:finland:liquid waste storage tw", "name": "Liquid waste storage (TW)", "country": "Finland", "stage": "waste", "subtype": "Disposal (HLW)", "fuel_type": "UOX for VVER", "status": "In Operation", "scale": "Commercial", "capacity": "2400 m3", "start": 1997, "end": 2065, "prov": [{"tier": 1, "source": "IAEA NFCFDB facility list export", "record": "Liquid waste storage (TW)", "url": "https://infcis.iaea.org/NFCFDB/Facilities", "retrieved": "2026-09-22"}], "coord_tier": null, "coord_source": null}}, {"type": "Feature", "geometry": null, "properties": {"id": "NFCFDB:finland:solid waste storage silos rca", "name": "Solid waste storage (silos, RCA)", "country": "Finland", "stage": "waste", "subtype": "Other-Waste Management Facilities", "fuel_type": "UOX for VVER", "status": "In Operation", "scale": "Commercial", "capacity": "74 m3", "start": 1977, "end": 2033, "prov": [{"tier": 1, "source": "IAEA NFCFDB facility list export", "record": "Solid waste storage (silos, RCA)", "url": "https://infcis.iaea.org/NFCFDB/Facilities", "retrieved": "2026-09-22"}], "coord_tier": null, "coord_source": null}}, {"type": "Feature", "geometry": null, "properties": {"id": "NFCFDB:finland:maintenance waste hall 1", "name": "Maintenance waste hall 1", "country": "Finland", "stage": "waste", "subtype": "Disposal (HLW)", "fuel_type": "UOX for VVER", "status": "In Operation", "scale": "Commercial", "capacity": "1270 m3", "start": 1997, "end": 2068, "prov": [{"tier": 1, "source": "IAEA NFCFDB facility list export", "record": "Maintenance waste hall 1", "url": "https://infcis.iaea.org/NFCFDB/Facilities", "retrieved": "2026-09-22"}], "coord_tier": null, "coord_source": null}}, {"type": "Feature", "geometry": null, "properties": {"id": "NFCFDB:finland:solid waste storage kaj", "name": "Solid waste storage(KAJ)", "country": "Finland", "stage": "waste", "subtype": "Disposal (LLW)", "fuel_type": null, "status": "In Operation", "scale": "Commercial", "capacity": "14000 m3", "start": 1985, "end": 2038, "prov": [{"tier": 1, "source": "IAEA NFCFDB facility list export", "record": "Solid waste storage(KAJ)", "url": "https://infcis.iaea.org/NFCFDB/Facilities", "retrieved": "2026-09-22"}], "coord_tier": null, "coord_source": null}}, {"type": "Feature", "geometry": null, "properties": {"id": "NFCFDB:finland:solid waste storage maj", "name": "Solid waste storage(MAJ)", "country": "Finland", "stage": "waste", "subtype": "Disposal (HLW)", "fuel_type": null, "status": "In Operation", "scale": "Commercial", "capacity": "11000 m3", "start": 1985, "end": 2038, "prov": [{"tier": 1, "source": "IAEA NFCFDB facility list export", "record": "Solid waste storage(MAJ)", "url": "https://infcis.iaea.org/NFCFDB/Facilities", "retrieved": "2026-09-22"}], "coord_tier": null, "coord_source": null}}, {"type": "Feature", "geometry": null, "properties": {"id": "NFCFDB:finland:liquid waste storage ol1 and ol2", "name": "Liquid waste storage(OL1 and OL2)", "country": "Finland", "stage": "waste", "subtype": "Other-Waste Management Facilities", "fuel_type": null, "status": "In Operation", "scale": "Commercial", "capacity": "380 m3", "start": 1978, "end": 2038, "prov": [{"tier": 1, "source": "IAEA NFCFDB facility list export", "record": "Liquid waste storage(OL1 and OL2)", "url": "https://infcis.iaea.org/NFCFDB/Facilities", "retrieved": "2026-09-22"}], "coord_tier": null, "coord_source": null}}, {"type": "Feature", "geometry": null, "properties": {"id": "NFCFDB:finland:solid waste storage ilw silos kaj", "name": "Solid waste storage ILW(silos,KAJ)", "country": "Finland", "stage": "waste", "subtype": "Disposal (ILW)", "fuel_type": null, "status": "In Operation", "scale": "Commercial", "capacity": "5642 m3", "start": 1992, "end": 2080, "prov": [{"tier": 1, "source": "IAEA NFCFDB facility list export", "record": "Solid waste storage ILW(silos,KAJ)", "url": "https://infcis.iaea.org/NFCFDB/Facilities", "retrieved": "2026-09-22"}], "coord_tier": null, "coord_source": null}}, {"type": "Feature", "geometry": null, "properties": {"id": "NFCFDB:finland:solid waste drum storage ol1 and 0l2", "name": "Solid waste drum storage(OL1 and 0L2)", "country": "Finland", "stage": "waste", "subtype": "Other-Waste Management Facilities", "fuel_type": null, "status": "In Operation", "scale": "Commercial", "capacity": "410 m3", "start": 1978, "end": 2080, "prov": [{"tier": 1, "source": "IAEA NFCFDB facility list export", "record": "Solid waste drum storage(OL1 and 0L2)", "url": "https://infcis.iaea.org/NFCFDB/Facilities", "retrieved": "2026-09-22"}], "coord_tier": null, "coord_source": null}}, {"type": "Feature", "geometry": null, "properties": {"id": "NFCFDB:finland:liquid waste storage ol3 kpe kpk", "name": "Liquid waste storage OL3 (KPE,KPK)", "country": "Finland", "stage": "waste", "subtype": "Other-Waste Management Facilities", "fuel_type": null, "status": "In Operation", "scale": "Commercial", "capacity": "122 m3", "start": 2020, "end": 2060, "prov": [{"tier": 1, "source": "IAEA NFCFDB facility list export", "record": "Liquid waste storage OL3 (KPE,KPK)", "url": "https://infcis.iaea.org/NFCFDB/Facilities", "retrieved": "2026-09-22"}], "coord_tier": null, "coord_source": null}}, {"type": "Feature", "geometry": null, "properties": {"id": "NFCFDB:finland:solid waste storage ol3 kpa", "name": "Solid waste storage OL3 (KPA)", "country": "Finland", "stage": "waste", "subtype": "Predisposal (HLW)", "fuel_type": null, "status": "In Operation", "scale": "Commercial", "capacity": "156 m3", "start": 2020, "end": 2060, "prov": [{"tier": 1, "source": "IAEA NFCFDB facility list export", "record": "Solid waste storage OL3 (KPA)", "url": "https://infcis.iaea.org/NFCFDB/Facilities", "retrieved": "2026-09-22"}], "coord_tier": null, "coord_source": null}}, {"type": "Feature", "geometry": null, "properties": {"id": "NFCFDB:finland:maintenance waste hall 2", "name": "Maintenance waste hall 2", "country": "Finland", "stage": "waste", "subtype": "Disposal (HLW)", "fuel_type": "UOX for VVER", "status": "In Operation", "scale": "Commercial", "capacity": "1270 m3", "start": 2005, "end": 2068, "prov": [{"tier": 1, "source": "IAEA NFCFDB facility list export", "record": "Maintenance waste hall 2", "url": "https://infcis.iaea.org/NFCFDB/Facilities", "retrieved": "2026-09-22"}], "coord_tier": null, "coord_source": null}}, {"type": "Feature", "geometry": null, "properties": {"id": "NFCFDB:finland:maintenance waste hall 3", "name": "Maintenance waste hall 3", "country": "Finland", "stage": "waste", "subtype": "Other-Waste Management Facilities", "fuel_type": null, "status": "In Operation", "scale": "Commercial", "capacity": "2000 m3", "start": 2012, "end": 2068, "prov": [{"tier": 1, "source": "IAEA NFCFDB facility list export", "record": "Maintenance waste hall 3", "url": "https://infcis.iaea.org/NFCFDB/Facilities", "retrieved": "2026-09-22"}], "coord_tier": null, "coord_source": null}}, {"type": "Feature", "geometry": null, "properties": {"id": "NFCFDB:finland:solidified waste hall 1", "name": "Solidified waste hall 1", "country": "Finland", "stage": "waste", "subtype": "Disposal (HLW)", "fuel_type": null, "status": "In Operation", "scale": "Commercial", "capacity": "8650 m3", "start": 2019, "end": 2068, "prov": [{"tier": 1, "source": "IAEA NFCFDB facility list export", "record": "Solidified waste hall 1", "url": "https://infcis.iaea.org/NFCFDB/Facilities", "retrieved": "2026-09-22"}], "coord_tier": null, "coord_source": null}}, {"type": "Feature", "geometry": null, "properties": {"id": "NFCFDB:finland:fir 1 site", "name": "FiR 1 site", "country": "Finland", "stage": "waste", "subtype": "Disposal (LILW)", "fuel_type": null, "status": "Shutdown", "scale": "Commercial", "capacity": " ", "start": 1962, "end": 2023, "prov": [{"tier": 1, "source": "IAEA NFCFDB facility list export", "record": "FiR 1 site", "url": "https://infcis.iaea.org/NFCFDB/Facilities", "retrieved": "2026-09-22"}], "coord_tier": null, "coord_source": null}}, {"type": "Feature", "geometry": null, "properties": {"id": "NFCFDB:finland:fir 1 dsrs", "name": "FiR 1 DSRS", "country": "Finland", "stage": "waste", "subtype": "Disposal (LILW)", "fuel_type": null, "status": "Decommissioned", "scale": "Commercial", "capacity": "2 m3", "start": 1962, "end": 2023, "prov": [{"tier": 1, "source": "IAEA NFCFDB facility list export", "record": "FiR 1 DSRS", "url": "https://infcis.iaea.org/NFCFDB/Facilities", "retrieved": "2026-09-22"}], "coord_tier": null, "coord_source": null}}, {"type": "Feature", "geometry": null, "properties": {"id": "NFCFDB:finland:interim storage finland", "name": "Interim storage of Finland", "country": "Finland", "stage": "waste", "subtype": "Disposal (LILW)", "fuel_type": null, "status": "In Operation", "scale": "Commercial", "capacity": "60 m3", "start": 1999, "end": 2038, "prov": [{"tier": 1, "source": "IAEA NFCFDB facility list export", "record": "Interim storage of Finland", "url": "https://infcis.iaea.org/NFCFDB/Facilities", "retrieved": "2026-09-22"}], "coord_tier": null, "coord_source": null}}, {"type": "Feature", "geometry": null, "properties": {"id": "NFCFDB:finland:vllw", "name": "VLLW", "country": "Finland", "stage": "waste", "subtype": "Disposal (LLW)", "fuel_type": null, "status": "Others", "scale": "Commercial", "capacity": " ", "start": 2035, "end": null, "prov": [{"tier": 1, "source": "IAEA NFCFDB facility list export", "record": "VLLW", "url": "https://infcis.iaea.org/NFCFDB/Facilities", "retrieved": "2026-09-22"}], "coord_tier": null, "coord_source": null}}, {"type": "Feature", "geometry": null, "properties": {"id": "NFCFDB:finland:llw ilw", "name": "LLW/ILW", "country": "Finland", "stage": "waste", "subtype": "Disposal (LLW)", "fuel_type": null, "status": "Others", "scale": "Commercial", "capacity": " ", "start": 2037, "end": null, "prov": [{"tier": 1, "source": "IAEA NFCFDB facility list export", "record": "LLW/ILW", "url": "https://infcis.iaea.org/NFCFDB/Facilities", "retrieved": "2026-09-22"}], "coord_tier": null, "coord_source": null}}, {"type": "Feature", "geometry": null, "properties": {"id": "NFCFDB:finland:deep geological repository", "name": "Deep geological repository", "country": "Finland", "stage": "waste", "subtype": "Disposal (HLW)", "fuel_type": null, "status": "Others", "scale": "Commercial", "capacity": " ", "start": 2025, "end": null, "prov": [{"tier": 1, "source": "IAEA NFCFDB facility list export", "record": "Deep geological repository", "url": "https://infcis.iaea.org/NFCFDB/Facilities", "retrieved": "2026-09-22"}], "coord_tier": null, "coord_source": null}}, {"type": "Feature", "geometry": null, "properties": {"id": "NFCFDB:finland:olkiluoto 1 building", "name": "Olkiluoto 1 reactor building", "country": "Finland", "stage": "waste", "subtype": "AR Spent Fuel Storage (Wet)", "fuel_type": null, "status": "In Operation", "scale": "Commercial", "capacity": "260 t HM", "start": 2023, "end": null, "prov": [{"tier": 1, "source": "IAEA NFCFDB facility list export", "record": "Olkiluoto 1 reactor building", "url": "https://infcis.iaea.org/NFCFDB/Facilities", "retrieved": "2026-09-22"}], "coord_tier": null, "coord_source": null}}, {"type": "Feature", "geometry": null, "properties": {"id": "NFCFDB:finland:olkiluoto 2 building", "name": "Olkiluoto 2 reactor building", "country": "Finland", "stage": "waste", "subtype": "AR Spent Fuel Storage (Wet)", "fuel_type": null, "status": "In Operation", "scale": "Commercial", "capacity": "266 t HM", "start": 1980, "end": 2038, "prov": [{"tier": 1, "source": "IAEA NFCFDB facility list export", "record": "Olkiluoto 2 reactor building", "url": "https://infcis.iaea.org/NFCFDB/Facilities", "retrieved": "2026-09-22"}], "coord_tier": null, "coord_source": null}}, {"type": "Feature", "geometry": null, "properties": {"id": "NFCFDB:finland:isfs", "name": "ISFS", "country": "Finland", "stage": "waste", "subtype": "AFR Wet Spent Fuel Storage (Pool)", "fuel_type": null, "status": "Others", "scale": "Commercial", "capacity": " ", "start": 2034, "end": null, "prov": [{"tier": 1, "source": "IAEA NFCFDB facility list export", "record": "ISFS", "url": "https://infcis.iaea.org/NFCFDB/Facilities", "retrieved": "2026-09-22"}], "coord_tier": null, "coord_source": null}}, {"type": "Feature", "geometry": null, "properties": {"id": "NFCFDB:finland:waste storage building", "name": "Waste storage building", "country": "Finland", "stage": "waste", "subtype": "Other-Waste Management Facilities", "fuel_type": null, "status": "Others", "scale": "Commercial", "capacity": " ", "start": 2029, "end": null, "prov": [{"tier": 1, "source": "IAEA NFCFDB facility list export", "record": "Waste storage building", "url": "https://infcis.iaea.org/NFCFDB/Facilities", "retrieved": "2026-09-22"}], "coord_tier": null, "coord_source": null}}, {"type": "Feature", "geometry": null, "properties": {"id": "NFCFDB:finland:final disposal", "name": "Final disposal", "country": "Finland", "stage": "waste", "subtype": "Other-Waste Management Facilities", "fuel_type": null, "status": "Others", "scale": "Commercial", "capacity": " ", "start": 2123, "end": null, "prov": [{"tier": 1, "source": "IAEA NFCFDB facility list export", "record": "Final disposal", "url": "https://infcis.iaea.org/NFCFDB/Facilities", "retrieved": "2026-09-22"}], "coord_tier": null, "coord_source": null}}, {"type": "Feature", "geometry": null, "properties": {"id": "NFCFDB:finland:ar spent fuel storage wet at olkiluoto plants", "name": "AR Spent Fuel Storage (Wet) at Olkiluoto Power Plants", "country": "Finland", "stage": "waste", "subtype": "AR Spent Fuel Storage (Wet)", "fuel_type": null, "status": "In Operation", "scale": "Commercial", "capacity": "485 t HM", "start": 2020, "end": 2060, "prov": [{"tier": 1, "source": "IAEA NFCFDB facility list export", "record": "AR Spent Fuel Storage (Wet) at Olkiluoto Power Plants", "url": "https://infcis.iaea.org/NFCFDB/Facilities", "retrieved": "2026-09-22"}], "coord_tier": null, "coord_source": null}}, {"type": "Feature", "geometry": null, "properties": {"id": "NFCFDB:finland:ar spent fuel storage wet at hanhikivi site", "name": "AR Spent Fuel Storage (Wet) at Hanhikivi NPP site", "country": "Finland", "stage": "waste", "subtype": "AR Spent Fuel Storage (Wet)", "fuel_type": null, "status": "Others", "scale": "Commercial", "capacity": " ", "start": 2024, "end": null, "prov": [{"tier": 1, "source": "IAEA NFCFDB facility list export", "record": "AR Spent Fuel Storage (Wet) at Hanhikivi NPP site", "url": "https://infcis.iaea.org/NFCFDB/Facilities", "retrieved": "2026-09-22"}], "coord_tier": null, "coord_source": null}}, {"type": "Feature", "geometry": null, "properties": {"id": "NFCFDB:france:sicn gcr fuel fabrication", "name": "SICN GCR Fuel Fabrication", "country": "France", "stage": "fabrication", "subtype": "Fuel Fabrication (U Pellet, Pin, FA)", "fuel_type": "Fuel for GCR/AGR", "status": "Decommissioning", "scale": "Commercial", "capacity": "1000 t HM/year", "start": 1957, "end": 1992, "prov": [{"tier": 1, "source": "IAEA NFCFDB facility list export", "record": "SICN GCR Fuel Fabrication", "url": "https://infcis.iaea.org/NFCFDB/Facilities", "retrieved": "2026-09-22"}], "coord_tier": null, "coord_source": null}}, {"type": "Feature", "geometry": null, "properties": {"id": "NFCFDB:france:atelier pilote", "name": "Atelier Pilote", "country": "France", "stage": "reprocessing", "subtype": "Spent Fuel Reprocessing - aqueous route", "fuel_type": null, "status": "Decommissioning", "scale": "Pilot plant", "capacity": "6 t HM/year", "start": 1988, "end": 1997, "prov": [{"tier": 1, "source": "IAEA NFCFDB facility list export", "record": "Atelier Pilote", "url": "https://infcis.iaea.org/NFCFDB/Facilities", "retrieved": "2026-09-22"}], "coord_tier": null, "coord_source": null}}, {"type": "Feature", "geometry": null, "properties": {"id": "NFCFDB:france:bessines", "name": "Bessines", "country": "France", "stage": "mining", "subtype": "Uranium Ore Processing", "fuel_type": null, "status": "Decommissioned", "scale": "Commercial", "capacity": "1500 t U/year", "start": 1958, "end": 1992, "prov": [{"tier": 1, "source": "IAEA NFCFDB facility list export", "record": "Bessines", "url": "https://infcis.iaea.org/NFCFDB/Facilities", "retrieved": "2026-09-22"}], "coord_tier": null, "coord_source": null}}, {"type": "Feature", "geometry": null, "properties": {"id": "NFCFDB:france:atpu", "name": "ATPu", "country": "France", "stage": "fabrication", "subtype": "MOX fuel fabrication (Mox Powder, Pellet, Pin, FA)", "fuel_type": null, "status": "Decommissioned", "scale": "Commercial", "capacity": "40 t HM/year", "start": 1961, "end": 2003, "prov": [{"tier": 1, "source": "IAEA NFCFDB facility list export", "record": "ATPu", "url": "https://infcis.iaea.org/NFCFDB/Facilities", "retrieved": "2026-09-22"}], "coord_tier": null, "coord_source": null}}, {"type": "Feature", "geometry": null, "properties": {"id": "NFCFDB:france:framatome jarrie", "name": "Framatome - Jarrie", "country": "France", "stage": "materials", "subtype": "Zirconium Alloy Production", "fuel_type": null, "status": "In Operation", "scale": "Commercial", "capacity": "2200 t/year", "start": 1982, "end": null, "prov": [{"tier": 1, "source": "IAEA NFCFDB facility list export", "record": "Framatome - Jarrie", "url": "https://infcis.iaea.org/NFCFDB/Facilities", "retrieved": "2026-09-22"}], "coord_tier": null, "coord_source": null}}, {"type": "Feature", "geometry": null, "properties": {"id": "NFCFDB:france:comurhex pierrelatte uf6", "name": "Comurhex Pierrelatte (UF6)", "country": "France", "stage": "conversion", "subtype": "Conversion to UF6", "fuel_type": null, "status": "In Operation", "scale": "Commercial", "capacity": "14000 t HM/year", "start": 1961, "end": null, "prov": [{"tier": 1, "source": "IAEA NFCFDB facility list export", "record": "Comurhex Pierrelatte (UF6)", "url": "https://infcis.iaea.org/NFCFDB/Facilities", "retrieved": "2026-09-22"}], "coord_tier": null, "coord_source": null}}, {"type": "Feature", "geometry": null, "properties": {"id": "NFCFDB:france:comurhex pierrelatte rep u", "name": "Comurhex Pierrelatte (Rep. U)", "country": "France", "stage": "conversion", "subtype": "Conversion to UF6", "fuel_type": null, "status": "Shutdown", "scale": "Commercial", "capacity": "350 t HM/year", "start": 1976, "end": null, "prov": [{"tier": 1, "source": "IAEA NFCFDB facility list export", "record": "Comurhex Pierrelatte (Rep. U)", "url": "https://infcis.iaea.org/NFCFDB/Facilities", "retrieved": "2026-09-22"}], "coord_tier": null, "coord_source": null}}, {"type": "Feature", "geometry": null, "properties": {"id": "NFCFDB:france:areva nc w", "name": "Areva NC W Plant", "country": "France", "stage": "conversion", "subtype": "Re-Conversion to U3O8 (Rep. U)", "fuel_type": null, "status": "In Operation", "scale": "Commercial", "capacity": "14000 t HM/year", "start": 1984, "end": null, "prov": [{"tier": 1, "source": "IAEA NFCFDB facility list export", "record": "Areva NC W Plant", "url": "https://infcis.iaea.org/NFCFDB/Facilities", "retrieved": "2026-09-22"}], "coord_tier": null, "coord_source": null}}, {"type": "Feature", "geometry": null, "properties": {"id": "NFCFDB:france:framatome pierrelatte", "name": "Framatome - Pierrelatte", "country": "France", "stage": "fabrication", "subtype": "Fuel Fabrication (U Pellet, Pin, FA)", "fuel_type": "UOX for PWR", "status": "Decommissioned", "scale": "Commercial", "capacity": "500 t HM/year", "start": 1986, "end": 1999, "prov": [{"tier": 1, "source": "IAEA NFCFDB facility list export", "record": "Framatome - Pierrelatte", "url": "https://infcis.iaea.org/NFCFDB/Facilities", "retrieved": "2026-09-22"}], "coord_tier": null, "coord_source": null}}, {"type": "Feature", "geometry": null, "properties": {"id": "NFCFDB:france:eurodif georges besse", "name": "Eurodif (Georges Besse)", "country": "France", "stage": "enrichment", "subtype": "Uranium Enrichment", "fuel_type": null, "status": "Decommissioning", "scale": "Commercial", "capacity": "10800 MTSWU/year", "start": 1979, "end": 2011, "prov": [{"tier": 1, "source": "IAEA NFCFDB facility list export", "record": "Eurodif (Georges Besse)", "url": "https://infcis.iaea.org/NFCFDB/Facilities", "retrieved": "2026-09-22"}], "coord_tier": null, "coord_source": null}}, {"type": "Feature", "geometry": null, "properties": {"id": "NFCFDB:france:l ecarpiere", "name": "L'Ecarpiere", "country": "France", "stage": "mining", "subtype": "Uranium Ore Processing", "fuel_type": null, "status": "Decommissioned", "scale": "Commercial", "capacity": "650 t U/year", "start": 1957, "end": 1991, "prov": [{"tier": 1, "source": "IAEA NFCFDB facility list export", "record": "L'Ecarpiere", "url": "https://infcis.iaea.org/NFCFDB/Facilities", "retrieved": "2026-09-22"}], "coord_tier": null, "coord_source": null}}, {"type": "Feature", "geometry": null, "properties": {"id": "NFCFDB:france:la hague nph", "name": "La Hague - NPH", "country": "France", "stage": "waste", "subtype": "AFR Wet Spent Fuel Storage (Pool)", "fuel_type": null, "status": "In Operation", "scale": "Commercial", "capacity": "2000 t HM", "start": 1981, "end": null, "prov": [{"tier": 1, "source": "IAEA NFCFDB facility list export", "record": "La Hague - NPH", "url": "https://infcis.iaea.org/NFCFDB/Facilities", "retrieved": "2026-09-22"}], "coord_tier": null, "coord_source": null}}, {"type": "Feature", "geometry": null, "properties": {"id": "NFCFDB:france:le cellier", "name": "Le Cellier", "country": "France", "stage": "mining", "subtype": "Uranium Ore Processing", "fuel_type": null, "status": "Decommissioned", "scale": "Commercial", "capacity": "300 t U/year", "start": 1977, "end": 1987, "prov": [{"tier": 1, "source": "IAEA NFCFDB facility list export", "record": "Le Cellier", "url": "https://infcis.iaea.org/NFCFDB/Facilities", "retrieved": "2026-09-22"}], "coord_tier": null, "coord_source": null}}, {"type": "Feature", "geometry": null, "properties": {"id": "NFCFDB:france:le bernardan jouac", "name": "Le Bernardan (Jouac)", "country": "France", "stage": "mining", "subtype": "Uranium Ore Processing", "fuel_type": null, "status": "Decommissioned", "scale": "Commercial", "capacity": "600 t U/year", "start": 1979, "end": 2001, "prov": [{"tier": 1, "source": "IAEA NFCFDB facility list export", "record": "Le Bernardan (Jouac)", "url": "https://infcis.iaea.org/NFCFDB/Facilities", "retrieved": "2026-09-22"}], "coord_tier": null, "coord_source": null}}, {"type": "Feature", "geometry": null, "properties": {"id": "NFCFDB:france:comurhex malvesi uf4", "name": "Comurhex Malvesi (UF4)", "country": "France", "stage": "conversion", "subtype": "Conversion to UF4", "fuel_type": null, "status": "Shutdown", "scale": "Commercial", "capacity": "14000 t HM/year", "start": 1959, "end": 2017, "prov": [{"tier": 1, "source": "IAEA NFCFDB facility list export", "record": "Comurhex Malvesi (UF4)", "url": "https://infcis.iaea.org/NFCFDB/Facilities", "retrieved": "2026-09-22"}], "coord_tier": null, "coord_source": null}}, {"type": "Feature", "geometry": null, "properties": {"id": "NFCFDB:france:comurhex malvesi u", "name": "Comurhex Malvesi (U)", "country": "France", "stage": "conversion", "subtype": "Conversion to U Metal", "fuel_type": null, "status": "Shutdown", "scale": "Commercial", "capacity": "1000 t HM/year", "start": 1959, "end": 1991, "prov": [{"tier": 1, "source": "IAEA NFCFDB facility list export", "record": "Comurhex Malvesi (U)", "url": "https://infcis.iaea.org/NFCFDB/Facilities", "retrieved": "2026-09-22"}], "coord_tier": null, "coord_source": null}}, {"type": "Feature", "geometry": null, "properties": {"id": "NFCFDB:france:melox", "name": "Melox", "country": "France", "stage": "fabrication", "subtype": "MOX fuel fabrication (Mox Powder, Pellet, Pin, FA)", "fuel_type": null, "status": "In Operation", "scale": "Commercial", "capacity": "195 t HM/year", "start": 1995, "end": null, "prov": [{"tier": 1, "source": "IAEA NFCFDB facility list export", "record": "Melox", "url": "https://infcis.iaea.org/NFCFDB/Facilities", "retrieved": "2026-09-22"}], "coord_tier": null, "coord_source": null}}, {"type": "Feature", "geometry": null, "properties": {"id": "NFCFDB:france:framatome paimboeuf", "name": "Framatome - Paimboeuf", "country": "France", "stage": "materials", "subtype": "Zirconium Alloy Tubing", "fuel_type": null, "status": "In Operation", "scale": "Commercial", "capacity": "5000 km/year", "start": 1981, "end": null, "prov": [{"tier": 1, "source": "IAEA NFCFDB facility list export", "record": "Framatome - Paimboeuf", "url": "https://infcis.iaea.org/NFCFDB/Facilities", "retrieved": "2026-09-22"}], "coord_tier": null, "coord_source": null}}, {"type": "Feature", "geometry": null, "properties": {"id": "NFCFDB:france:framatome romans", "name": "Framatome- Romans", "country": "France", "stage": "fabrication", "subtype": "Fuel Fabrication (U Pellet, Pin, FA)", "fuel_type": "UOX for PWR", "status": "In Operation", "scale": "Commercial", "capacity": "1400 t HM/year", "start": 1979, "end": null, "prov": [{"tier": 1, "source": "IAEA NFCFDB facility list export", "record": "Framatome- Romans", "url": "https://infcis.iaea.org/NFCFDB/Facilities", "retrieved": "2026-09-22"}], "coord_tier": null, "coord_source": null}}, {"type": "Feature", "geometry": null, "properties": {"id": "NFCFDB:france:st martin du bosc lodeve", "name": "St. Martin Du Bosc (Lodeve)", "country": "France", "stage": "mining", "subtype": "Uranium Ore Processing", "fuel_type": null, "status": "Decommissioned", "scale": "Commercial", "capacity": "1000 t U/year", "start": 1981, "end": 1998, "prov": [{"tier": 1, "source": "IAEA NFCFDB facility list export", "record": "St. Martin Du Bosc (Lodeve)", "url": "https://infcis.iaea.org/NFCFDB/Facilities", "retrieved": "2026-09-22"}], "coord_tier": null, "coord_source": null}}, {"type": "Feature", "geometry": null, "properties": {"id": "NFCFDB:france:tu2 cogema", "name": "TU2 Cogema", "country": "France", "stage": "conversion", "subtype": "Conversion to UO2", "fuel_type": null, "status": "Decommissioning", "scale": "Commercial", "capacity": "350 t HM/year", "start": 1988, "end": null, "prov": [{"tier": 1, "source": "IAEA NFCFDB facility list export", "record": "TU2 Cogema", "url": "https://infcis.iaea.org/NFCFDB/Facilities", "retrieved": "2026-09-22"}], "coord_tier": null, "coord_source": null}}, {"type": "Feature", "geometry": null, "properties": {"id": "NFCFDB:france:tu2 cogema reprocessing line", "name": "TU2 Cogema Reprocessing Line", "country": "France", "stage": "conversion", "subtype": "Re-Conversion to U3O8 (Rep. U)", "fuel_type": null, "status": "Decommissioning", "scale": "Commercial", "capacity": "1200 t HM/year", "start": 1988, "end": null, "prov": [{"tier": 1, "source": "IAEA NFCFDB facility list export", "record": "TU2 Cogema Reprocessing Line", "url": "https://infcis.iaea.org/NFCFDB/Facilities", "retrieved": "2026-09-22"}], "coord_tier": null, "coord_source": null}}, {"type": "Feature", "geometry": null, "properties": {"id": "NFCFDB:france:marcoule up1", "name": "Marcoule - UP1", "country": "France", "stage": "reprocessing", "subtype": "Spent Fuel Reprocessing - aqueous route", "fuel_type": null, "status": "Decommissioning", "scale": "Commercial", "capacity": "600 t HM/year", "start": 1958, "end": 1997, "prov": [{"tier": 1, "source": "IAEA NFCFDB facility list export", "record": "Marcoule - UP1", "url": "https://infcis.iaea.org/NFCFDB/Facilities", "retrieved": "2026-09-22"}], "coord_tier": null, "coord_source": null}}, {"type": "Feature", "geometry": null, "properties": {"id": "NFCFDB:france:la hague up2 800", "name": "La Hague - UP2-800", "country": "France", "stage": "reprocessing", "subtype": "Spent Fuel Reprocessing - aqueous route", "fuel_type": null, "status": "In Operation", "scale": "Commercial", "capacity": "1000 t HM/year", "start": 1996, "end": null, "prov": [{"tier": 1, "source": "IAEA NFCFDB facility list export", "record": "La Hague - UP2-800", "url": "https://infcis.iaea.org/NFCFDB/Facilities", "retrieved": "2026-09-22"}], "coord_tier": null, "coord_source": null}}, {"type": "Feature", "geometry": null, "properties": {"id": "NFCFDB:france:la hague up3", "name": "La Hague - UP3", "country": "France", "stage": "reprocessing", "subtype": "Spent Fuel Reprocessing - aqueous route", "fuel_type": null, "status": "In Operation", "scale": "Commercial", "capacity": "1000 t HM/year", "start": 1990, "end": null, "prov": [{"tier": 1, "source": "IAEA NFCFDB facility list export", "record": "La Hague - UP3", "url": "https://infcis.iaea.org/NFCFDB/Facilities", "retrieved": "2026-09-22"}], "coord_tier": null, "coord_source": null}}, {"type": "Feature", "geometry": null, "properties": {"id": "NFCFDB:france:sicn", "name": "SICN", "country": "France", "stage": "fabrication", "subtype": "Fuel Fabrication (U Pellet, Pin, FA)", "fuel_type": "Fuel for FBR", "status": "Decommissioning", "scale": "Commercial", "capacity": "150 t HM/year", "start": 1960, "end": 2002, "prov": [{"tier": 1, "source": "IAEA NFCFDB facility list export", "record": "SICN", "url": "https://infcis.iaea.org/NFCFDB/Facilities", "retrieved": "2026-09-22"}], "coord_tier": null, "coord_source": null}}, {"type": "Feature", "geometry": null, "properties": {"id": "NFCFDB:france:pl4", "name": "PL4", "country": "France", "stage": "enrichment", "subtype": "Uranium Enrichment", "fuel_type": null, "status": "Decommissioned", "scale": "Laboratory", "capacity": "0 MTSWU/year", "start": 1986, "end": 1988, "prov": [{"tier": 1, "source": "IAEA NFCFDB facility list export", "record": "PL4", "url": "https://infcis.iaea.org/NFCFDB/Facilities", "retrieved": "2026-09-22"}], "coord_tier": null, "coord_source": null}}, {"type": "Feature", "geometry": null, "properties": {"id": "NFCFDB:france:bertholene les ballaures", "name": "Bertholene (Les Ballaures)", "country": "France", "stage": "mining", "subtype": "Uranium Ore Processing", "fuel_type": null, "status": "Shutdown", "scale": "Commercial", "capacity": "70 t U/year", "start": 1985, "end": 1994, "prov": [{"tier": 1, "source": "IAEA NFCFDB facility list export", "record": "Bertholene (Les Ballaures)", "url": "https://infcis.iaea.org/NFCFDB/Facilities", "retrieved": "2026-09-22"}], "coord_tier": null, "coord_source": null}}, {"type": "Feature", "geometry": null, "properties": {"id": "NFCFDB:france:orano tu5", "name": "ORANO TU5 Plant", "country": "France", "stage": "conversion", "subtype": "Re-Conversion to U3O8 (Rep. U)", "fuel_type": null, "status": "In Operation", "scale": "Commercial", "capacity": "1600 t HM/year", "start": 1995, "end": null, "prov": [{"tier": 1, "source": "IAEA NFCFDB facility list export", "record": "ORANO TU5 Plant", "url": "https://infcis.iaea.org/NFCFDB/Facilities", "retrieved": "2026-09-22"}], "coord_tier": null, "coord_source": null}}, {"type": "Feature", "geometry": null, "properties": {"id": "NFCFDB:france:la hague hao", "name": "La Hague - HAO", "country": "France", "stage": "waste", "subtype": "AFR Wet Spent Fuel Storage (Pool)", "fuel_type": null, "status": "Decommissioning", "scale": "Commercial", "capacity": "400 t HM", "start": 1976, "end": null, "prov": [{"tier": 1, "source": "IAEA NFCFDB facility list export", "record": "La Hague - HAO", "url": "https://infcis.iaea.org/NFCFDB/Facilities", "retrieved": "2026-09-22"}], "coord_tier": null, "coord_source": null}}, {"type": "Feature", "geometry": null, "properties": {"id": "NFCFDB:france:la hague c", "name": "La Hague - C", "country": "France", "stage": "waste", "subtype": "AFR Wet Spent Fuel Storage (Pool)", "fuel_type": null, "status": "In Operation", "scale": "Commercial", "capacity": "4800 t HM", "start": 1984, "end": null, "prov": [{"tier": 1, "source": "IAEA NFCFDB facility list export", "record": "La Hague - C", "url": "https://infcis.iaea.org/NFCFDB/Facilities", "retrieved": "2026-09-22"}], "coord_tier": null, "coord_source": null}}, {"type": "Feature", "geometry": null, "properties": {"id": "NFCFDB:france:la hague d", "name": "La Hague - D", "country": "France", "stage": "waste", "subtype": "AFR Wet Spent Fuel Storage (Pool)", "fuel_type": null, "status": "In Operation", "scale": "Commercial", "capacity": "4600 t HM", "start": 1986, "end": null, "prov": [{"tier": 1, "source": "IAEA NFCFDB facility list export", "record": "La Hague - D", "url": "https://infcis.iaea.org/NFCFDB/Facilities", "retrieved": "2026-09-22"}], "coord_tier": null, "coord_source": null}}, {"type": "Feature", "geometry": null, "properties": {"id": "NFCFDB:france:la hague e", "name": "La Hague - E", "country": "France", "stage": "waste", "subtype": "AFR Wet Spent Fuel Storage (Pool)", "fuel_type": null, "status": "In Operation", "scale": "Commercial", "capacity": "6200 t HM", "start": 1988, "end": null, "prov": [{"tier": 1, "source": "IAEA NFCFDB facility list export", "record": "La Hague - E", "url": "https://infcis.iaea.org/NFCFDB/Facilities", "retrieved": "2026-09-22"}], "coord_tier": null, "coord_source": null}}, {"type": "Feature", "geometry": null, "properties": {"id": "NFCFDB:france:experimental reprocessing building 211", "name": "Experimental Reprocessing Facility (Building 211)", "country": "France", "stage": "reprocessing", "subtype": "Spent Fuel Reprocessing - aqueous route", "fuel_type": null, "status": "Decommissioning", "scale": "Pilot plant", "capacity": "5 t HM/year", "start": 1960, "end": 1997, "prov": [{"tier": 1, "source": "IAEA NFCFDB facility list export", "record": "Experimental Reprocessing Facility (Building 211)", "url": "https://infcis.iaea.org/NFCFDB/Facilities", "retrieved": "2026-09-22"}], "coord_tier": null, "coord_source": null}}, {"type": "Feature", "geometry": null, "properties": {"id": "NFCFDB:france:la hague at1", "name": "La Hague - AT1", "country": "France", "stage": "reprocessing", "subtype": "Spent Fuel Reprocessing - aqueous route", "fuel_type": null, "status": "Decommissioned", "scale": "Pilot plant", "capacity": "0.365 t HM/year", "start": 1969, "end": 1979, "prov": [{"tier": 1, "source": "IAEA NFCFDB facility list export", "record": "La Hague - AT1", "url": "https://infcis.iaea.org/NFCFDB/Facilities", "retrieved": "2026-09-22"}], "coord_tier": null, "coord_source": null}}, {"type": "Feature", "geometry": null, "properties": {"id": "NFCFDB:france:attila", "name": "ATTILA", "country": "France", "stage": "reprocessing", "subtype": "Spent Fuel Reprocessing - aqueous route", "fuel_type": null, "status": "Decommissioned", "scale": "Pilot plant", "capacity": "0 t HM/year", "start": 1966, "end": 1975, "prov": [{"tier": 1, "source": "IAEA NFCFDB facility list export", "record": "ATTILA", "url": "https://infcis.iaea.org/NFCFDB/Facilities", "retrieved": "2026-09-22"}], "coord_tier": null, "coord_source": null}}, {"type": "Feature", "geometry": null, "properties": {"id": "NFCFDB:france:ore treatment geugnon", "name": "Ore Treatment Plant Geugnon", "country": "France", "stage": "conversion", "subtype": "Conversion to U Metal", "fuel_type": null, "status": "Decommissioned", "scale": "Commercial", "capacity": "450 t HM/year", "start": 1964, "end": 1980, "prov": [{"tier": 1, "source": "IAEA NFCFDB facility list export", "record": "Ore Treatment Plant Geugnon", "url": "https://infcis.iaea.org/NFCFDB/Facilities", "retrieved": "2026-09-22"}], "coord_tier": null, "coord_source": null}}, {"type": "Feature", "geometry": null, "properties": {"id": "NFCFDB:france:ore treatment le bouchet", "name": "Ore Treatment Plant Le Bouchet", "country": "France", "stage": "conversion", "subtype": "Conversion to U Metal", "fuel_type": null, "status": "Decommissioned", "scale": "Commercial", "capacity": "100 t HM/year", "start": 1959, "end": 1963, "prov": [{"tier": 1, "source": "IAEA NFCFDB facility list export", "record": "Ore Treatment Plant Le Bouchet", "url": "https://infcis.iaea.org/NFCFDB/Facilities", "retrieved": "2026-09-22"}], "coord_tier": null, "coord_source": null}}, {"type": "Feature", "geometry": null, "properties": {"id": "NFCFDB:france:building 19", "name": "Building 19", "country": "France", "stage": "reprocessing", "subtype": "Spent Fuel Reprocessing - aqueous route", "fuel_type": null, "status": "Decommissioned", "scale": "Laboratory", "capacity": "0 t HM/year", "start": 1957, "end": 1984, "prov": [{"tier": 1, "source": "IAEA NFCFDB facility list export", "record": "Building 19", "url": "https://infcis.iaea.org/NFCFDB/Facilities", "retrieved": "2026-09-22"}], "coord_tier": null, "coord_source": null}}, {"type": "Feature", "geometry": null, "properties": {"id": "NFCFDB:france:building 18", "name": "Building 18", "country": "France", "stage": "reprocessing", "subtype": "Spent Fuel Reprocessing - aqueous route", "fuel_type": null, "status": "Decommissioning", "scale": "Laboratory", "capacity": "0 t HM/year", "start": 1959, "end": 1995, "prov": [{"tier": 1, "source": "IAEA NFCFDB facility list export", "record": "Building 18", "url": "https://infcis.iaea.org/NFCFDB/Facilities", "retrieved": "2026-09-22"}], "coord_tier": null, "coord_source": null}}, {"type": "Feature", "geometry": null, "properties": {"id": "NFCFDB:france:laboratory rm2", "name": "Laboratory RM2", "country": "France", "stage": "reprocessing", "subtype": "Spent Fuel Reprocessing - aqueous route", "fuel_type": null, "status": "Decommissioned", "scale": "Laboratory", "capacity": "0 t HM/year", "start": 1968, "end": 1980, "prov": [{"tier": 1, "source": "IAEA NFCFDB facility list export", "record": "Laboratory RM2", "url": "https://infcis.iaea.org/NFCFDB/Facilities", "retrieved": "2026-09-22"}], "coord_tier": null, "coord_source": null}}, {"type": "Feature", "geometry": null, "properties": {"id": "NFCFDB:france:framatome rugles", "name": "Framatome - Rugles", "country": "France", "stage": "materials", "subtype": "Zirconium Alloy Production", "fuel_type": null, "status": "In Operation", "scale": "Commercial", "capacity": "600 t/year", "start": 1981, "end": null, "prov": [{"tier": 1, "source": "IAEA NFCFDB facility list export", "record": "Framatome - Rugles", "url": "https://infcis.iaea.org/NFCFDB/Facilities", "retrieved": "2026-09-22"}], "coord_tier": null, "coord_source": null}}, {"type": "Feature", "geometry": null, "properties": {"id": "NFCFDB:france:georges besse ii", "name": "Georges Besse II", "country": "France", "stage": "enrichment", "subtype": "Uranium Enrichment", "fuel_type": null, "status": "In Operation", "scale": "Commercial", "capacity": "7500 MTSWU/year", "start": 2011, "end": null, "prov": [{"tier": 1, "source": "IAEA NFCFDB facility list export", "record": "Georges Besse II", "url": "https://infcis.iaea.org/NFCFDB/Facilities", "retrieved": "2026-09-22"}], "coord_tier": null, "coord_source": null}}, {"type": "Feature", "geometry": null, "properties": {"id": "NFCFDB:france:la hague up2 400", "name": "La Hague - UP2-400", "country": "France", "stage": "reprocessing", "subtype": "Spent Fuel Reprocessing - aqueous route", "fuel_type": null, "status": "Decommissioning", "scale": "Commercial", "capacity": "400 t HM/year", "start": 1966, "end": 2004, "prov": [{"tier": 1, "source": "IAEA NFCFDB facility list export", "record": "La Hague - UP2-400", "url": "https://infcis.iaea.org/NFCFDB/Facilities", "retrieved": "2026-09-22"}], "coord_tier": null, "coord_source": null}}, {"type": "Feature", "geometry": null, "properties": {"id": "NFCFDB:france:framatome ugine", "name": "Framatome - Ugine", "country": "France", "stage": "materials", "subtype": "Zirconium Alloy Production", "fuel_type": null, "status": "In Operation", "scale": "Commercial", "capacity": "2200 t/year", "start": 1982, "end": null, "prov": [{"tier": 1, "source": "IAEA NFCFDB facility list export", "record": "Framatome - Ugine", "url": "https://infcis.iaea.org/NFCFDB/Facilities", "retrieved": "2026-09-22"}], "coord_tier": null, "coord_source": null}}, {"type": "Feature", "geometry": null, "properties": {"id": "NFCFDB:france:framatome montreuil juigne", "name": "Framatome - Montreuil Juigné", "country": "France", "stage": "materials", "subtype": "Zirconium Alloy Tubing", "fuel_type": null, "status": "In Operation", "scale": "Commercial", "capacity": "1200 t/year", "start": 1982, "end": null, "prov": [{"tier": 1, "source": "IAEA NFCFDB facility list export", "record": "Framatome - Montreuil Juigné", "url": "https://infcis.iaea.org/NFCFDB/Facilities", "retrieved": "2026-09-22"}], "coord_tier": null, "coord_source": null}}, {"type": "Feature", "geometry": null, "properties": {"id": "NFCFDB:france:comurhex ii malvesi uf4", "name": "Comurhex II - Malvesi (UF4)", "country": "France", "stage": "conversion", "subtype": "Conversion to UF4", "fuel_type": null, "status": "In Operation", "scale": "Commercial", "capacity": "15000 t HM/year", "start": 2018, "end": null, "prov": [{"tier": 1, "source": "IAEA NFCFDB facility list export", "record": "Comurhex II - Malvesi (UF4)", "url": "https://infcis.iaea.org/NFCFDB/Facilities", "retrieved": "2026-09-22"}], "coord_tier": null, "coord_source": null}}, {"type": "Feature", "geometry": null, "properties": {"id": "NFCFDB:france:comurhex ii pierrelatte uf6", "name": "Comurhex II - Pierrelatte (UF6)", "country": "France", "stage": "conversion", "subtype": "Conversion to UF6", "fuel_type": null, "status": "Under Construction", "scale": "Commercial", "capacity": "15000 t HM/year", "start": 2018, "end": null, "prov": [{"tier": 1, "source": "IAEA NFCFDB facility list export", "record": "Comurhex II - Pierrelatte (UF6)", "url": "https://infcis.iaea.org/NFCFDB/Facilities", "retrieved": "2026-09-22"}], "coord_tier": null, "coord_source": null}}, {"type": "Feature", "geometry": null, "properties": {"id": "NFCFDB:france:atalante", "name": "ATALANTE", "country": "France", "stage": "reprocessing", "subtype": "Spent Fuel Reprocessing - aqueous route", "fuel_type": null, "status": "In Operation", "scale": "Laboratory", "capacity": " ", "start": 1992, "end": null, "prov": [{"tier": 1, "source": "IAEA NFCFDB facility list export", "record": "ATALANTE", "url": "https://infcis.iaea.org/NFCFDB/Facilities", "retrieved": "2026-09-22"}], "coord_tier": null, "coord_source": null}}, {"type": "Feature", "geometry": null, "properties": {"id": "NFCFDB:france:star", "name": "STAR", "country": "France", "stage": "reprocessing", "subtype": "Spent Fuel Reprocessing - aqueous route", "fuel_type": null, "status": "In Operation", "scale": "Laboratory", "capacity": " ", "start": 1994, "end": null, "prov": [{"tier": 1, "source": "IAEA NFCFDB facility list export", "record": "STAR", "url": "https://infcis.iaea.org/NFCFDB/Facilities", "retrieved": "2026-09-22"}], "coord_tier": null, "coord_source": null}}, {"type": "Feature", "geometry": null, "properties": {"id": "NFCFDB:france:isai", "name": "ISAI", "country": "France", "stage": "waste", "subtype": "Disposal (HLW)", "fuel_type": null, "status": "In Operation", "scale": "Laboratory", "capacity": " ", "start": 1989, "end": null, "prov": [{"tier": 1, "source": "IAEA NFCFDB facility list export", "record": "ISAI", "url": "https://infcis.iaea.org/NFCFDB/Facilities", "retrieved": "2026-09-22"}], "coord_tier": null, "coord_source": null}}, {"type": "Feature", "geometry": null, "properties": {"id": "NFCFDB:france:manche disposal", "name": "Manche disposal facility", "country": "France", "stage": "waste", "subtype": "Disposal (LILW)", "fuel_type": null, "status": "Shutdown", "scale": "Commercial", "capacity": "530000 m3", "start": 1969, "end": 1994, "prov": [{"tier": 1, "source": "IAEA NFCFDB facility list export", "record": "Manche disposal facility", "url": "https://infcis.iaea.org/NFCFDB/Facilities", "retrieved": "2026-09-22"}], "coord_tier": null, "coord_source": null}}, {"type": "Feature", "geometry": null, "properties": {"id": "NFCFDB:france:aube disposal", "name": "Aube disposal facility", "country": "France", "stage": "waste", "subtype": "Disposal (LILW)", "fuel_type": null, "status": "In Operation", "scale": "Commercial", "capacity": "1000000 m3", "start": 1992, "end": null, "prov": [{"tier": 1, "source": "IAEA NFCFDB facility list export", "record": "Aube disposal facility", "url": "https://infcis.iaea.org/NFCFDB/Facilities", "retrieved": "2026-09-22"}], "coord_tier": null, "coord_source": null}}, {"type": "Feature", "geometry": null, "properties": {"id": "NFCFDB:france:industrial for grouping storage and disposal", "name": "Industrial facility for grouping, storage and disposal", "country": "France", "stage": "waste", "subtype": "Disposal (LLW)", "fuel_type": null, "status": "In Operation", "scale": "Commercial", "capacity": "650000 m3", "start": 2003, "end": null, "prov": [{"tier": 1, "source": "IAEA NFCFDB facility list export", "record": "Industrial facility for grouping, storage and disposal", "url": "https://infcis.iaea.org/NFCFDB/Facilities", "retrieved": "2026-09-22"}], "coord_tier": null, "coord_source": null}}, {"type": "Feature", "geometry": null, "properties": {"id": "NFCFDB:gabon:mounana", "name": "Mounana", "country": "Gabon", "stage": "mining", "subtype": "Uranium Ore Processing", "fuel_type": null, "status": "Decommissioned", "scale": "Commercial", "capacity": "1500 t U/year", "start": 1977, "end": 1999, "prov": [{"tier": 1, "source": "IAEA NFCFDB facility list export", "record": "Mounana", "url": "https://infcis.iaea.org/NFCFDB/Facilities", "retrieved": "2026-09-22"}], "coord_tier": null, "coord_source": null}}, {"type": "Feature", "geometry": null, "properties": {"id": "NFCFDB:georgia:jupiter center julich", "name": "Jupiter Research Center ,Julich", "country": "Georgia", "stage": "reprocessing", "subtype": "Spent Fuel Reprocessing - aqueous route", "fuel_type": "Fuel for HTR/GHTR", "status": "Decommissioned", "scale": "Pilot plant", "capacity": "0.002 t HM/year", "start": 1978, "end": 1987, "prov": [{"tier": 1, "source": "IAEA NFCFDB facility list export", "record": "Jupiter Research Center ,Julich", "url": "https://infcis.iaea.org/NFCFDB/Facilities", "retrieved": "2026-09-22"}], "coord_tier": null, "coord_source": null}}, {"type": "Feature", "geometry": null, "properties": {"id": "NFCFDB:georgia:centralized storage", "name": "Centralized Storage Facility", "country": "Georgia", "stage": "waste", "subtype": "Disposal (LILW)", "fuel_type": null, "status": "In Operation", "scale": "Commercial", "capacity": "800 m3", "start": 2007, "end": null, "prov": [{"tier": 1, "source": "IAEA NFCFDB facility list export", "record": "Centralized Storage Facility", "url": "https://infcis.iaea.org/NFCFDB/Facilities", "retrieved": "2026-09-22"}], "coord_tier": null, "coord_source": null}}, {"type": "Feature", "geometry": null, "properties": {"id": "NFCFDB:georgia:saakadze disposal", "name": "Saakadze disposal", "country": "Georgia", "stage": "waste", "subtype": "Disposal (LILW)", "fuel_type": null, "status": "Decommissioned", "scale": "Commercial", "capacity": "1000 m3", "start": 1960, "end": 1995, "prov": [{"tier": 1, "source": "IAEA NFCFDB facility list export", "record": "Saakadze disposal", "url": "https://infcis.iaea.org/NFCFDB/Facilities", "retrieved": "2026-09-22"}], "coord_tier": null, "coord_source": null}}, {"type": "Feature", "geometry": null, "properties": {"id": "NFCFDB:georgia:applied center", "name": "Applied Research Center", "country": "Georgia", "stage": "waste", "subtype": "Disposal (LILW)", "fuel_type": null, "status": "In Operation", "scale": "Commercial", "capacity": " ", "start": 2024, "end": null, "prov": [{"tier": 1, "source": "IAEA NFCFDB facility list export", "record": "Applied Research Center", "url": "https://infcis.iaea.org/NFCFDB/Facilities", "retrieved": "2026-09-22"}], "coord_tier": null, "coord_source": null}}, {"type": "Feature", "geometry": null, "properties": {"id": "NFCFDB:georgia:temporary stoarage", "name": "Temporary stoarage", "country": "Georgia", "stage": "waste", "subtype": "Disposal (LILW)", "fuel_type": null, "status": "In Operation", "scale": "Commercial", "capacity": " ", "start": 2024, "end": null, "prov": [{"tier": 1, "source": "IAEA NFCFDB facility list export", "record": "Temporary stoarage", "url": "https://infcis.iaea.org/NFCFDB/Facilities", "retrieved": "2026-09-22"}], "coord_tier": null, "coord_source": null}}, {"type": "Feature", "geometry": null, "properties": {"id": "NFCFDB:germany:ahaus central storage", "name": "Ahaus Central Storage Facility", "country": "Germany", "stage": "waste", "subtype": "AFR Dry Spent Fuel Storage", "fuel_type": "UOX for PWR, UOX for BWR, Fuel for HTR/GHTR, Fuel for MTR", "status": "In Operation", "scale": "Commercial", "capacity": "3960 t HM", "start": 1997, "end": 2036, "prov": [{"tier": 1, "source": "IAEA NFCFDB facility list export", "record": "Ahaus Central Storage Facility", "url": "https://infcis.iaea.org/NFCFDB/Facilities", "retrieved": "2026-09-22"}], "coord_tier": null, "coord_source": null}}, {"type": "Feature", "geometry": null, "properties": {"id": "NFCFDB:germany:advanced fuels gmbh duisburg", "name": "Advanced Nuclear Fuels GmbH Duisburg Plant", "country": "Germany", "stage": "materials", "subtype": "Zirconium Alloy Tubing", "fuel_type": null, "status": "In Operation", "scale": "Commercial", "capacity": "2100 km/year", "start": 1981, "end": null, "prov": [{"tier": 1, "source": "IAEA NFCFDB facility list export", "record": "Advanced Nuclear Fuels GmbH Duisburg Plant", "url": "https://infcis.iaea.org/NFCFDB/Facilities", "retrieved": "2026-09-22"}], "coord_tier": null, "coord_source": null}}, {"type": "Feature", "geometry": null, "properties": {"id": "NFCFDB:germany:ellweiler uranium ore processing", "name": "Ellweiler Uranium Ore Processing Plant", "country": "Germany", "stage": "mining", "subtype": "Uranium Ore Processing", "fuel_type": null, "status": "Shutdown", "scale": "Commercial", "capacity": "125 t U/year", "start": 1961, "end": 1989, "prov": [{"tier": 1, "source": "IAEA NFCFDB facility list export", "record": "Ellweiler Uranium Ore Processing Plant", "url": "https://infcis.iaea.org/NFCFDB/Facilities", "retrieved": "2026-09-22"}], "coord_tier": null, "coord_source": null}}, {"type": "Feature", "geometry": null, "properties": {"id": "NFCFDB:germany:gorleben central storage", "name": "Gorleben Central Storage Facility", "country": "Germany", "stage": "waste", "subtype": "AFR Dry Spent Fuel Storage", "fuel_type": null, "status": "In Operation", "scale": "Commercial", "capacity": "3800 t HM", "start": 1995, "end": 2034, "prov": [{"tier": 1, "source": "IAEA NFCFDB facility list export", "record": "Gorleben Central Storage Facility", "url": "https://infcis.iaea.org/NFCFDB/Facilities", "retrieved": "2026-09-22"}], "coord_tier": null, "coord_source": null}}, {"type": "Feature", "geometry": null, "properties": {"id": "NFCFDB:germany:urenco germany gmbh", "name": "Urenco Germany GmbH", "country": "Germany", "stage": "enrichment", "subtype": "Uranium Enrichment", "fuel_type": null, "status": "In Operation", "scale": "Commercial", "capacity": "4500 MTSWU/year", "start": 1985, "end": null, "prov": [{"tier": 1, "source": "IAEA NFCFDB facility list export", "record": "Urenco Germany GmbH", "url": "https://infcis.iaea.org/NFCFDB/Facilities", "retrieved": "2026-09-22"}], "coord_tier": null, "coord_source": null}}, {"type": "Feature", "geometry": null, "properties": {"id": "NFCFDB:germany:siemens fuel fabrication hanau section uranium", "name": "Siemens Fuel Fabrication Plant Hanau, Section Uranium", "country": "Germany", "stage": "fabrication", "subtype": "Fuel Fabrication (U Pellet, Pin, FA)", "fuel_type": "UOX for PWR, UOX for BWR", "status": "Decommissioned", "scale": "Commercial", "capacity": "1350 t HM/year", "start": 1969, "end": 1995, "prov": [{"tier": 1, "source": "IAEA NFCFDB facility list export", "record": "Siemens Fuel Fabrication Plant Hanau, Section Uranium", "url": "https://infcis.iaea.org/NFCFDB/Facilities", "retrieved": "2026-09-22"}], "coord_tier": null, "coord_source": null}}, {"type": "Feature", "geometry": null, "properties": {"id": "NFCFDB:germany:mannesmann rohrenwerke ag hellenthal", "name": "Mannesmann Röhrenwerke AG Hellenthal", "country": "Germany", "stage": "materials", "subtype": "Zirconium Alloy Tubing", "fuel_type": null, "status": "Decommissioned", "scale": "Commercial", "capacity": "350 km/year", "start": 1972, "end": 1985, "prov": [{"tier": 1, "source": "IAEA NFCFDB facility list export", "record": "Mannesmann Röhrenwerke AG Hellenthal", "url": "https://infcis.iaea.org/NFCFDB/Facilities", "retrieved": "2026-09-22"}], "coord_tier": null, "coord_source": null}}, {"type": "Feature", "geometry": null, "properties": {"id": "NFCFDB:germany:reproccesing karlsruhe pool for storage spent fuel assemblies", "name": "Reproccesing Plant Karlsruhe (pool for storage of spent fuel assemblies)", "country": "Germany", "stage": "waste", "subtype": "AFR Wet Spent Fuel Storage (Pool)", "fuel_type": null, "status": "Decommissioned", "scale": "Pilot plant", "capacity": "55 t HM", "start": 1971, "end": 1991, "prov": [{"tier": 1, "source": "IAEA NFCFDB facility list export", "record": "Reproccesing Plant Karlsruhe (pool for storage of spent fuel assemblies)", "url": "https://infcis.iaea.org/NFCFDB/Facilities", "retrieved": "2026-09-22"}], "coord_tier": null, "coord_source": null}}, {"type": "Feature", "geometry": null, "properties": {"id": "NFCFDB:germany:siemens fuel fabrication karlstein", "name": "Siemens Fuel Fabrication Plant Karlstein", "country": "Germany", "stage": "fabrication", "subtype": "Fuel Fabrication (U Pellet, Pin, FA)", "fuel_type": "UOX for PWR, UOX for BWR", "status": "Decommissioned", "scale": "Commercial", "capacity": "400 t HM/year", "start": 1966, "end": 1993, "prov": [{"tier": 1, "source": "IAEA NFCFDB facility list export", "record": "Siemens Fuel Fabrication Plant Karlstein", "url": "https://infcis.iaea.org/NFCFDB/Facilities", "retrieved": "2026-09-22"}], "coord_tier": null, "coord_source": null}}, {"type": "Feature", "geometry": null, "properties": {"id": "NFCFDB:germany:advanced fuels gmbh lingen", "name": "Advanced Nuclear Fuels GmbH Lingen Plant", "country": "Germany", "stage": "fabrication", "subtype": "Fuel Fabrication (U Pellet, Pin, FA)", "fuel_type": "UOX for PWR, UOX for BWR", "status": "In Operation", "scale": "Commercial", "capacity": "650 t HM/year", "start": 1979, "end": null, "prov": [{"tier": 1, "source": "IAEA NFCFDB facility list export", "record": "Advanced Nuclear Fuels GmbH Lingen Plant", "url": "https://infcis.iaea.org/NFCFDB/Facilities", "retrieved": "2026-09-22"}], "coord_tier": null, "coord_source": null}}, {"type": "Feature", "geometry": null, "properties": {"id": "NFCFDB:germany:karlsruhe reprocessing", "name": "Karlsruhe Reprocessing Plant", "country": "Germany", "stage": "reprocessing", "subtype": "Spent Fuel Reprocessing - aqueous route", "fuel_type": null, "status": "Decommissioning", "scale": "Pilot plant", "capacity": "35 t HM/year", "start": 1971, "end": 1991, "prov": [{"tier": 1, "source": "IAEA NFCFDB facility list export", "record": "Karlsruhe Reprocessing Plant", "url": "https://infcis.iaea.org/NFCFDB/Facilities", "retrieved": "2026-09-22"}], "coord_tier": null, "coord_source": null}}, {"type": "Feature", "geometry": null, "properties": {"id": "NFCFDB:germany:greifswald on site interim storage temporary", "name": "Greifswald NPP On-Site Interim Storage Facility (temporary)", "country": "Germany", "stage": "waste", "subtype": "AFR Wet Spent Fuel Storage (Pool)", "fuel_type": "UOX for VVER", "status": "Decommissioning", "scale": "Commercial", "capacity": "560 t HM", "start": 1985, "end": 2006, "prov": [{"tier": 1, "source": "IAEA NFCFDB facility list export", "record": "Greifswald NPP On-Site Interim Storage Facility (temporary)", "url": "https://infcis.iaea.org/NFCFDB/Facilities", "retrieved": "2026-09-22"}], "coord_tier": null, "coord_source": null}}, {"type": "Feature", "geometry": null, "properties": {"id": "NFCFDB:germany:koenigstein uranium ore processing", "name": "Koenigstein Uranium Ore Processing Plant", "country": "Germany", "stage": "mining", "subtype": "Uranium Ore Processing", "fuel_type": null, "status": "Shutdown", "scale": "Commercial", "capacity": "0 t U/year", "start": 1970, "end": 1990, "prov": [{"tier": 1, "source": "IAEA NFCFDB facility list export", "record": "Koenigstein Uranium Ore Processing Plant", "url": "https://infcis.iaea.org/NFCFDB/Facilities", "retrieved": "2026-09-22"}], "coord_tier": null, "coord_source": null}}, {"type": "Feature", "geometry": null, "properties": {"id": "NFCFDB:germany:crossen uranium ore processing", "name": "Crossen Uranium Ore Processing Plant", "country": "Germany", "stage": "mining", "subtype": "Uranium Ore Processing", "fuel_type": null, "status": "Decommissioned", "scale": "Commercial", "capacity": "2000 t U/year", "start": 1951, "end": 1989, "prov": [{"tier": 1, "source": "IAEA NFCFDB facility list export", "record": "Crossen Uranium Ore Processing Plant", "url": "https://infcis.iaea.org/NFCFDB/Facilities", "retrieved": "2026-09-22"}], "coord_tier": null, "coord_source": null}}, {"type": "Feature", "geometry": null, "properties": {"id": "NFCFDB:germany:seelingstaedt uranium ore processing", "name": "Seelingstaedt Uranium Ore Processing Plant", "country": "Germany", "stage": "mining", "subtype": "Uranium Ore Processing", "fuel_type": null, "status": "Decommissioned", "scale": "Commercial", "capacity": "3000 t U/year", "start": 1960, "end": 1990, "prov": [{"tier": 1, "source": "IAEA NFCFDB facility list export", "record": "Seelingstaedt Uranium Ore Processing Plant", "url": "https://infcis.iaea.org/NFCFDB/Facilities", "retrieved": "2026-09-22"}], "coord_tier": null, "coord_source": null}}, {"type": "Feature", "geometry": null, "properties": {"id": "NFCFDB:germany:karlsruhe enrichment centre karlsruhe institute for process engineering", "name": "Karlsruhe Enrichment, Research Centre Karlsruhe, Institute for Nuclear Process Engineering", "country": "Germany", "stage": "enrichment", "subtype": "Uranium Enrichment", "fuel_type": null, "status": "Decommissioned", "scale": "Pilot plant", "capacity": "50 MTSWU/year", "start": null, "end": null, "prov": [{"tier": 1, "source": "IAEA NFCFDB facility list export", "record": "Karlsruhe Enrichment, Research Centre Karlsruhe, Institute for Nuclear Process Engineering", "url": "https://infcis.iaea.org/NFCFDB/Facilities", "retrieved": "2026-09-22"}], "coord_tier": null, "coord_source": null}}, {"type": "Feature", "geometry": {"type": "Point", "coordinates": [12.22838, 49.32254]}, "properties": {"id": "NFCFDB:germany:wackersdorf reprocessing", "name": "Wackersdorf Reprocessing Plant", "country": "Germany", "stage": "reprocessing", "subtype": "Spent Fuel Reprocessing - aqueous route", "fuel_type": null, "status": "Others", "scale": "Commercial", "capacity": "350 t HM/year", "start": null, "end": null, "prov": [{"tier": 1, "source": "IAEA NFCFDB facility list export", "record": "Wackersdorf Reprocessing Plant", "url": "https://infcis.iaea.org/NFCFDB/Facilities", "retrieved": "2026-09-22"}], "coord_tier": 3, "coord_source": "wikidata Q1372727"}}, {"type": "Feature", "geometry": null, "properties": {"id": "NFCFDB:germany:gorleben pilot conditioning", "name": "Gorleben Pilot Conditioning Plant", "country": "Germany", "stage": "waste", "subtype": "Disposal (HLW)", "fuel_type": null, "status": "Stand By", "scale": "Pilot plant", "capacity": "35 t HM", "start": null, "end": null, "prov": [{"tier": 1, "source": "IAEA NFCFDB facility list export", "record": "Gorleben Pilot Conditioning Plant", "url": "https://infcis.iaea.org/NFCFDB/Facilities", "retrieved": "2026-09-22"}], "coord_tier": null, "coord_source": null}}, {"type": "Feature", "geometry": null, "properties": {"id": "NFCFDB:germany:nukem fuel fabrication", "name": "Nukem Fuel Fabrication Plant", "country": "Germany", "stage": "fabrication", "subtype": "Fuel Fabrication (Research Reactors)", "fuel_type": "Fuel for HTR/GHTR, Fuel for MTR", "status": "Decommissioned", "scale": "Commercial", "capacity": "100 t HM/year", "start": 1962, "end": 1988, "prov": [{"tier": 1, "source": "IAEA NFCFDB facility list export", "record": "Nukem Fuel Fabrication Plant", "url": "https://infcis.iaea.org/NFCFDB/Facilities", "retrieved": "2026-09-22"}], "coord_tier": null, "coord_source": null}}, {"type": "Feature", "geometry": null, "properties": {"id": "NFCFDB:germany:greifswald interim storage north", "name": "Greifswald Interim Storage Facility North", "country": "Germany", "stage": "waste", "subtype": "AFR Dry Spent Fuel Storage", "fuel_type": "UOX for VVER", "status": "In Operation", "scale": "Commercial", "capacity": "585 t HM", "start": 1999, "end": null, "prov": [{"tier": 1, "source": "IAEA NFCFDB facility list export", "record": "Greifswald Interim Storage Facility North", "url": "https://infcis.iaea.org/NFCFDB/Facilities", "retrieved": "2026-09-22"}], "coord_tier": null, "coord_source": null}}, {"type": "Feature", "geometry": null, "properties": {"id": "NFCFDB:germany:neckarwestheim on site storage", "name": "Neckarwestheim NPP On-Site Storage Facility", "country": "Germany", "stage": "waste", "subtype": "AFR Dry Spent Fuel Storage", "fuel_type": "UOX for PWR", "status": "In Operation", "scale": "Commercial", "capacity": "1600 t HM", "start": 2006, "end": 2046, "prov": [{"tier": 1, "source": "IAEA NFCFDB facility list export", "record": "Neckarwestheim NPP On-Site Storage Facility", "url": "https://infcis.iaea.org/NFCFDB/Facilities", "retrieved": "2026-09-22"}], "coord_tier": null, "coord_source": null}}, {"type": "Feature", "geometry": null, "properties": {"id": "NFCFDB:germany:enrichment technology company ltd zweigniederlassung deutschland", "name": "Enrichment Technology Company Ltd. Zweigniederlassung Deutschland", "country": "Germany", "stage": "enrichment", "subtype": "Uranium Enrichment", "fuel_type": null, "status": "In Operation", "scale": "Laboratory", "capacity": "0 MTSWU/year", "start": 1964, "end": null, "prov": [{"tier": 1, "source": "IAEA NFCFDB facility list export", "record": "Enrichment Technology Company Ltd. Zweigniederlassung Deutschland", "url": "https://infcis.iaea.org/NFCFDB/Facilities", "retrieved": "2026-09-22"}], "coord_tier": null, "coord_source": null}}, {"type": "Feature", "geometry": null, "properties": {"id": "NFCFDB:germany:hobeg fuel fabrication", "name": "Hobeg Fuel Fabrication Plant", "country": "Germany", "stage": "fabrication", "subtype": "Fuel Fabrication (U Pellet, Pin, FA)", "fuel_type": "Fuel for GCR/AGR", "status": "Decommissioned", "scale": "Commercial", "capacity": "4 t HM/year", "start": 1972, "end": 1988, "prov": [{"tier": 1, "source": "IAEA NFCFDB facility list export", "record": "Hobeg Fuel Fabrication Plant", "url": "https://infcis.iaea.org/NFCFDB/Facilities", "retrieved": "2026-09-22"}], "coord_tier": null, "coord_source": null}}, {"type": "Feature", "geometry": null, "properties": {"id": "NFCFDB:germany:alkem fuel fabrication", "name": "ALKEM Fuel Fabrication Plant", "country": "Germany", "stage": "fabrication", "subtype": "Fuel Fabrication (U Pellet, Pin, FA)", "fuel_type": null, "status": "Decommissioned", "scale": "Pilot plant", "capacity": "8 t HM/year", "start": 1965, "end": 1972, "prov": [{"tier": 1, "source": "IAEA NFCFDB facility list export", "record": "ALKEM Fuel Fabrication Plant", "url": "https://infcis.iaea.org/NFCFDB/Facilities", "retrieved": "2026-09-22"}], "coord_tier": null, "coord_source": null}}, {"type": "Feature", "geometry": null, "properties": {"id": "NFCFDB:germany:plutonium test extraction", "name": "Plutonium Test Extraction Facility", "country": "Germany", "stage": "reprocessing", "subtype": "Spent Fuel Reprocessing - aqueous route", "fuel_type": null, "status": "Decommissioned", "scale": "Pilot plant", "capacity": " t HM/year", "start": 1980, "end": 1991, "prov": [{"tier": 1, "source": "IAEA NFCFDB facility list export", "record": "Plutonium Test Extraction Facility", "url": "https://infcis.iaea.org/NFCFDB/Facilities", "retrieved": "2026-09-22"}], "coord_tier": null, "coord_source": null}}, {"type": "Feature", "geometry": null, "properties": {"id": "NFCFDB:germany:milli reprocessing test", "name": "MILLI Reprocessing Test Facility", "country": "Germany", "stage": "reprocessing", "subtype": "Spent Fuel Reprocessing - aqueous route", "fuel_type": null, "status": "Decommissioned", "scale": "Pilot plant", "capacity": "0.2 t HM/year", "start": 1970, "end": 1991, "prov": [{"tier": 1, "source": "IAEA NFCFDB facility list export", "record": "MILLI Reprocessing Test Facility", "url": "https://infcis.iaea.org/NFCFDB/Facilities", "retrieved": "2026-09-22"}], "coord_tier": null, "coord_source": null}}, {"type": "Feature", "geometry": null, "properties": {"id": "NFCFDB:germany:philippsburg on site storage", "name": "Philippsburg NPP On-Site Storage Facility", "country": "Germany", "stage": "waste", "subtype": "AFR Dry Spent Fuel Storage", "fuel_type": "UOX for PWR", "status": "In Operation", "scale": "Commercial", "capacity": "1600 t HM", "start": 2006, "end": 2047, "prov": [{"tier": 1, "source": "IAEA NFCFDB facility list export", "record": "Philippsburg NPP On-Site Storage Facility", "url": "https://infcis.iaea.org/NFCFDB/Facilities", "retrieved": "2026-09-22"}], "coord_tier": null, "coord_source": null}}, {"type": "Feature", "geometry": null, "properties": {"id": "NFCFDB:germany:brokdorf on site storage", "name": "Brokdorf NPP On-Site Storage Facility", "country": "Germany", "stage": "waste", "subtype": "AFR Dry Spent Fuel Storage", "fuel_type": "UOX for PWR", "status": "In Operation", "scale": "Commercial", "capacity": "1000 t HM", "start": 2007, "end": 2047, "prov": [{"tier": 1, "source": "IAEA NFCFDB facility list export", "record": "Brokdorf NPP On-Site Storage Facility", "url": "https://infcis.iaea.org/NFCFDB/Facilities", "retrieved": "2026-09-22"}], "coord_tier": null, "coord_source": null}}, {"type": "Feature", "geometry": null, "properties": {"id": "NFCFDB:germany:grafenrheinfeld on site storage", "name": "Grafenrheinfeld NPP On-site Storage Facility", "country": "Germany", "stage": "waste", "subtype": "AFR Dry Spent Fuel Storage", "fuel_type": "UOX for PWR", "status": "In Operation", "scale": "Commercial", "capacity": "800 t HM", "start": 2005, "end": 2046, "prov": [{"tier": 1, "source": "IAEA NFCFDB facility list export", "record": "Grafenrheinfeld NPP On-site Storage Facility", "url": "https://infcis.iaea.org/NFCFDB/Facilities", "retrieved": "2026-09-22"}], "coord_tier": null, "coord_source": null}}, {"type": "Feature", "geometry": null, "properties": {"id": "NFCFDB:germany:isar on site storage", "name": "Isar NPP On-site Storage Facility", "country": "Germany", "stage": "waste", "subtype": "AFR Dry Spent Fuel Storage", "fuel_type": "UOX for PWR, UOX for BWR", "status": "In Operation", "scale": "Commercial", "capacity": "1500 t HM", "start": 2007, "end": null, "prov": [{"tier": 1, "source": "IAEA NFCFDB facility list export", "record": "Isar NPP On-site Storage Facility", "url": "https://infcis.iaea.org/NFCFDB/Facilities", "retrieved": "2026-09-22"}], "coord_tier": null, "coord_source": null}}, {"type": "Feature", "geometry": null, "properties": {"id": "NFCFDB:germany:grohnde on site storage", "name": "Grohnde NPP On-site Storage Facility", "country": "Germany", "stage": "waste", "subtype": "AFR Dry Spent Fuel Storage", "fuel_type": "UOX for PWR", "status": "In Operation", "scale": "Commercial", "capacity": "1000 t HM", "start": 2005, "end": 2046, "prov": [{"tier": 1, "source": "IAEA NFCFDB facility list export", "record": "Grohnde NPP On-site Storage Facility", "url": "https://infcis.iaea.org/NFCFDB/Facilities", "retrieved": "2026-09-22"}], "coord_tier": null, "coord_source": null}}, {"type": "Feature", "geometry": null, "properties": {"id": "NFCFDB:germany:gundremmingen on site storage", "name": "Gundremmingen NPP On-site Storage Facility", "country": "Germany", "stage": "waste", "subtype": "AFR Dry Spent Fuel Storage", "fuel_type": "UOX for BWR", "status": "In Operation", "scale": "Commercial", "capacity": "1850 t HM", "start": 2006, "end": 2046, "prov": [{"tier": 1, "source": "IAEA NFCFDB facility list export", "record": "Gundremmingen NPP On-site Storage Facility", "url": "https://infcis.iaea.org/NFCFDB/Facilities", "retrieved": "2026-09-22"}], "coord_tier": null, "coord_source": null}}, {"type": "Feature", "geometry": null, "properties": {"id": "NFCFDB:germany:lingen on site storage", "name": "Lingen NPP On-site Storage Facility", "country": "Germany", "stage": "waste", "subtype": "AFR Dry Spent Fuel Storage", "fuel_type": "UOX for PWR", "status": "In Operation", "scale": "Commercial", "capacity": "1250 t HM", "start": 2002, "end": 2042, "prov": [{"tier": 1, "source": "IAEA NFCFDB facility list export", "record": "Lingen NPP On-site Storage Facility", "url": "https://infcis.iaea.org/NFCFDB/Facilities", "retrieved": "2026-09-22"}], "coord_tier": null, "coord_source": null}}, {"type": "Feature", "geometry": null, "properties": {"id": "NFCFDB:germany:biblis on site storage", "name": "Biblis NPP On-Site Storage Facility", "country": "Germany", "stage": "waste", "subtype": "AFR Dry Spent Fuel Storage", "fuel_type": "UOX for PWR", "status": "In Operation", "scale": "Commercial", "capacity": "1400 t HM", "start": 2005, "end": 2046, "prov": [{"tier": 1, "source": "IAEA NFCFDB facility list export", "record": "Biblis NPP On-Site Storage Facility", "url": "https://infcis.iaea.org/NFCFDB/Facilities", "retrieved": "2026-09-22"}], "coord_tier": null, "coord_source": null}}, {"type": "Feature", "geometry": null, "properties": {"id": "NFCFDB:germany:biblis on site interim storage temporary", "name": "Biblis NPP On-Site Interim Storage Facility (Temporary)", "country": "Germany", "stage": "waste", "subtype": "AFR Dry Spent Fuel Storage", "fuel_type": "UOX for PWR", "status": "Decommissioned", "scale": "Commercial", "capacity": "280 t HM", "start": 2002, "end": 2006, "prov": [{"tier": 1, "source": "IAEA NFCFDB facility list export", "record": "Biblis NPP On-Site Interim Storage Facility (Temporary)", "url": "https://infcis.iaea.org/NFCFDB/Facilities", "retrieved": "2026-09-22"}], "coord_tier": null, "coord_source": null}}, {"type": "Feature", "geometry": null, "properties": {"id": "NFCFDB:germany:brunsbuettel on site storage", "name": "Brunsbuettel NPP On-site Storage Facility", "country": "Germany", "stage": "waste", "subtype": "AFR Dry Spent Fuel Storage", "fuel_type": "UOX for BWR", "status": "In Operation", "scale": "Commercial", "capacity": "450 t HM", "start": 2006, "end": 2046, "prov": [{"tier": 1, "source": "IAEA NFCFDB facility list export", "record": "Brunsbuettel NPP On-site Storage Facility", "url": "https://infcis.iaea.org/NFCFDB/Facilities", "retrieved": "2026-09-22"}], "coord_tier": null, "coord_source": null}}, {"type": "Feature", "geometry": null, "properties": {"id": "NFCFDB:germany:brunsbuettel on site interim storage temporary", "name": "Brunsbuettel NPP On-Site Interim Storage Facility (Temporary)", "country": "Germany", "stage": "waste", "subtype": "AFR Dry Spent Fuel Storage", "fuel_type": "UOX for BWR", "status": "Others", "scale": "Commercial", "capacity": "140 t HM", "start": 2005, "end": 2011, "prov": [{"tier": 1, "source": "IAEA NFCFDB facility list export", "record": "Brunsbuettel NPP On-Site Interim Storage Facility (Temporary)", "url": "https://infcis.iaea.org/NFCFDB/Facilities", "retrieved": "2026-09-22"}], "coord_tier": null, "coord_source": null}}, {"type": "Feature", "geometry": null, "properties": {"id": "NFCFDB:germany:kruemmel on site storage", "name": "Kruemmel NPP On-site Storage Facility", "country": "Germany", "stage": "waste", "subtype": "AFR Dry Spent Fuel Storage", "fuel_type": "UOX for BWR", "status": "In Operation", "scale": "Commercial", "capacity": "775 t HM", "start": 2006, "end": 2046, "prov": [{"tier": 1, "source": "IAEA NFCFDB facility list export", "record": "Kruemmel NPP On-site Storage Facility", "url": "https://infcis.iaea.org/NFCFDB/Facilities", "retrieved": "2026-09-22"}], "coord_tier": null, "coord_source": null}}, {"type": "Feature", "geometry": null, "properties": {"id": "NFCFDB:germany:kruemmel on site interim storage temporary", "name": "Kruemmel NPP On- Site Interim Storage Facility (Temporary)", "country": "Germany", "stage": "waste", "subtype": "AFR Dry Spent Fuel Storage", "fuel_type": "UOX for BWR", "status": "Decommissioned", "scale": "Commercial", "capacity": "120 t HM", "start": 2004, "end": 2006, "prov": [{"tier": 1, "source": "IAEA NFCFDB facility list export", "record": "Kruemmel NPP On- Site Interim Storage Facility (Temporary)", "url": "https://infcis.iaea.org/NFCFDB/Facilities", "retrieved": "2026-09-22"}], "coord_tier": null, "coord_source": null}}, {"type": "Feature", "geometry": null, "properties": {"id": "NFCFDB:germany:advanced fuels gmbh karlstein", "name": "Advanced Nuclear Fuels GmbH Karlstein Plant", "country": "Germany", "stage": "fabrication", "subtype": "Fuel Assembly Component Manufacturing (hardware)", "fuel_type": null, "status": "In Operation", "scale": "Commercial", "capacity": " ", "start": 1969, "end": null, "prov": [{"tier": 1, "source": "IAEA NFCFDB facility list export", "record": "Advanced Nuclear Fuels GmbH Karlstein Plant", "url": "https://infcis.iaea.org/NFCFDB/Facilities", "retrieved": "2026-09-22"}], "coord_tier": null, "coord_source": null}}, {"type": "Feature", "geometry": null, "properties": {"id": "NFCFDB:germany:unterweser on site storage", "name": "Unterweser NPP On-Site Storage Facility", "country": "Germany", "stage": "waste", "subtype": "AFR Dry Spent Fuel Storage", "fuel_type": "UOX for PWR", "status": "In Operation", "scale": "Commercial", "capacity": "800 t HM", "start": 2007, "end": 2047, "prov": [{"tier": 1, "source": "IAEA NFCFDB facility list export", "record": "Unterweser NPP On-Site Storage Facility", "url": "https://infcis.iaea.org/NFCFDB/Facilities", "retrieved": "2026-09-22"}], "coord_tier": null, "coord_source": null}}, {"type": "Feature", "geometry": null, "properties": {"id": "NFCFDB:germany:obrigheim on site interim storage temporary", "name": "Obrigheim NPP On-Site Interim Storage Facility (temporary)", "country": "Germany", "stage": "waste", "subtype": "AFR Wet Spent Fuel Storage (Pool)", "fuel_type": "UOX for PWR", "status": "Decommissioning", "scale": "Commercial", "capacity": "286 t HM", "start": 1999, "end": 2017, "prov": [{"tier": 1, "source": "IAEA NFCFDB facility list export", "record": "Obrigheim NPP On-Site Interim Storage Facility (temporary)", "url": "https://infcis.iaea.org/NFCFDB/Facilities", "retrieved": "2026-09-22"}], "coord_tier": null, "coord_source": null}}, {"type": "Feature", "geometry": null, "properties": {"id": "NFCFDB:germany:obrigheim on site storage", "name": "Obrigheim NPP On-Site Storage Facility", "country": "Germany", "stage": "waste", "subtype": "AFR Dry Spent Fuel Storage", "fuel_type": "UOX for PWR", "status": "Others", "scale": "Commercial", "capacity": "100 t HM", "start": null, "end": null, "prov": [{"tier": 1, "source": "IAEA NFCFDB facility list export", "record": "Obrigheim NPP On-Site Storage Facility", "url": "https://infcis.iaea.org/NFCFDB/Facilities", "retrieved": "2026-09-22"}], "coord_tier": null, "coord_source": null}}, {"type": "Feature", "geometry": null, "properties": {"id": "NFCFDB:germany:greifswald interim storage north estral", "name": "Greifswald Interim Storage Facility North ESTRAL", "country": "Germany", "stage": "waste", "subtype": "AFR Dry Spent Fuel Storage", "fuel_type": null, "status": "Others", "scale": "Commercial", "capacity": " ", "start": null, "end": null, "prov": [{"tier": 1, "source": "IAEA NFCFDB facility list export", "record": "Greifswald Interim Storage Facility North ESTRAL", "url": "https://infcis.iaea.org/NFCFDB/Facilities", "retrieved": "2026-09-22"}], "coord_tier": null, "coord_source": null}}, {"type": "Feature", "geometry": null, "properties": {"id": "NFCFDB:germany:siemens fuel fabrication hanau section mox processing", "name": "Siemens Fuel Fabrication Plant Hanau,Section MOX processing", "country": "Germany", "stage": "fabrication", "subtype": "MOX fuel fabrication (Mox Powder, Pellet, Pin, FA)", "fuel_type": "UOX for PWR, UOX for BWR, Fuel for HTR/GHTR", "status": "Decommissioned", "scale": "Commercial", "capacity": "35 t HM/year", "start": 1968, "end": 1991, "prov": [{"tier": 1, "source": "IAEA NFCFDB facility list export", "record": "Siemens Fuel Fabrication Plant Hanau,Section MOX processing", "url": "https://infcis.iaea.org/NFCFDB/Facilities", "retrieved": "2026-09-22"}], "coord_tier": null, "coord_source": null}}, {"type": "Feature", "geometry": null, "properties": {"id": "NFCFDB:germany:siemens fuel fabrication hanau section mox processing", "name": "Siemens Fuel Fabrication Plant Hanau,Section MOX processing", "country": "Germany", "stage": "fabrication", "subtype": "MOX fuel fabrication (Mox Powder, Pellet, Pin, FA)", "fuel_type": "MOX for PWR, MOX for BWR", "status": "Decommissioned", "scale": "Commercial", "capacity": "35 t HM/year", "start": 1968, "end": 1991, "prov": [{"tier": 1, "source": "IAEA NFCFDB facility list export", "record": "Siemens Fuel Fabrication Plant Hanau,Section MOX processing", "url": "https://infcis.iaea.org/NFCFDB/Facilities", "retrieved": "2026-09-22"}], "coord_tier": null, "coord_source": null}}, {"type": "Feature", "geometry": null, "properties": {"id": "NFCFDB:germany:jupiter centre julich", "name": "JUPITER Research Centre Julich", "country": "Germany", "stage": "reprocessing", "subtype": "Spent Fuel Reprocessing - aqueous route", "fuel_type": null, "status": "Decommissioned", "scale": "Pilot plant", "capacity": "0.002 t HM/year", "start": 1978, "end": 1987, "prov": [{"tier": 1, "source": "IAEA NFCFDB facility list export", "record": "JUPITER Research Centre Julich", "url": "https://infcis.iaea.org/NFCFDB/Facilities", "retrieved": "2026-09-22"}], "coord_tier": null, "coord_source": null}}, {"type": "Feature", "geometry": null, "properties": {"id": "NFCFDB:germany:schachtanlage asse ii", "name": "Schachtanlage Asse II", "country": "Germany", "stage": "waste", "subtype": "Disposal (LLW)", "fuel_type": "Others", "status": "Others", "scale": "Pilot plant", "capacity": "125787 Cask-Bund.", "start": 1967, "end": 1978, "prov": [{"tier": 1, "source": "IAEA NFCFDB facility list export", "record": "Schachtanlage Asse II", "url": "https://infcis.iaea.org/NFCFDB/Facilities", "retrieved": "2026-09-22"}], "coord_tier": null, "coord_source": null}}, {"type": "Feature", "geometry": null, "properties": {"id": "NFCFDB:hungary:cserkut mecsekuran llc", "name": "Cserkut (Mecsekuran LLC)", "country": "Hungary", "stage": "mining", "subtype": "Uranium Ore Processing", "fuel_type": null, "status": "Shutdown", "scale": "Commercial", "capacity": "500 t U/year", "start": 1956, "end": 1999, "prov": [{"tier": 1, "source": "IAEA NFCFDB facility list export", "record": "Cserkut (Mecsekuran LLC)", "url": "https://infcis.iaea.org/NFCFDB/Facilities", "retrieved": "2026-09-22"}], "coord_tier": null, "coord_source": null}}, {"type": "Feature", "geometry": null, "properties": {"id": "NFCFDB:hungary:puram paks site sfisf", "name": "PURAM PAKS SITE SFISF", "country": "Hungary", "stage": "waste", "subtype": "AFR Dry Spent Fuel Storage", "fuel_type": "UOX for VVER", "status": "In Operation", "scale": "Commercial", "capacity": "14228 Cask-Bund.", "start": 1997, "end": null, "prov": [{"tier": 1, "source": "IAEA NFCFDB facility list export", "record": "PURAM PAKS SITE SFISF", "url": "https://infcis.iaea.org/NFCFDB/Facilities", "retrieved": "2026-09-22"}], "coord_tier": null, "coord_source": null}}, {"type": "Feature", "geometry": null, "properties": {"id": "NFCFDB:india:baroda", "name": "Baroda", "country": "India", "stage": "heavy-water", "subtype": "Heavy Water Production", "fuel_type": null, "status": "In Operation", "scale": "Commercial", "capacity": "17 t/year", "start": 1977, "end": null, "prov": [{"tier": 1, "source": "IAEA NFCFDB facility list export", "record": "Baroda", "url": "https://infcis.iaea.org/NFCFDB/Facilities", "retrieved": "2026-09-22"}], "coord_tier": null, "coord_source": null}}, {"type": "Feature", "geometry": null, "properties": {"id": "NFCFDB:india:hazira", "name": "Hazira", "country": "India", "stage": "heavy-water", "subtype": "Heavy Water Production", "fuel_type": null, "status": "In Operation", "scale": "Commercial", "capacity": "80 t/year", "start": 1991, "end": null, "prov": [{"tier": 1, "source": "IAEA NFCFDB facility list export", "record": "Hazira", "url": "https://infcis.iaea.org/NFCFDB/Facilities", "retrieved": "2026-09-22"}], "coord_tier": null, "coord_source": null}}, {"type": "Feature", "geometry": null, "properties": {"id": "NFCFDB:india:ucil jaduguda", "name": "UCIL-Jaduguda", "country": "India", "stage": "mining", "subtype": "Uranium Ore Processing", "fuel_type": null, "status": "In Operation", "scale": "Commercial", "capacity": "175 t U/year", "start": 1968, "end": null, "prov": [{"tier": 1, "source": "IAEA NFCFDB facility list export", "record": "UCIL-Jaduguda", "url": "https://infcis.iaea.org/NFCFDB/Facilities", "retrieved": "2026-09-22"}], "coord_tier": null, "coord_source": null}}, {"type": "Feature", "geometry": null, "properties": {"id": "NFCFDB:india:kota", "name": "Kota", "country": "India", "stage": "heavy-water", "subtype": "Heavy Water Production", "fuel_type": null, "status": "In Operation", "scale": "Commercial", "capacity": "85 t/year", "start": 1985, "end": null, "prov": [{"tier": 1, "source": "IAEA NFCFDB facility list export", "record": "Kota", "url": "https://infcis.iaea.org/NFCFDB/Facilities", "retrieved": "2026-09-22"}], "coord_tier": null, "coord_source": null}}, {"type": "Feature", "geometry": null, "properties": {"id": "NFCFDB:india:manuguru", "name": "Manuguru", "country": "India", "stage": "heavy-water", "subtype": "Heavy Water Production", "fuel_type": null, "status": "In Operation", "scale": "Commercial", "capacity": "185 t/year", "start": 1991, "end": null, "prov": [{"tier": 1, "source": "IAEA NFCFDB facility list export", "record": "Manuguru", "url": "https://infcis.iaea.org/NFCFDB/Facilities", "retrieved": "2026-09-22"}], "coord_tier": null, "coord_source": null}}, {"type": "Feature", "geometry": null, "properties": {"id": "NFCFDB:india:nangal", "name": "Nangal", "country": "India", "stage": "heavy-water", "subtype": "Heavy Water Production", "fuel_type": null, "status": "Decommissioned", "scale": "Commercial", "capacity": "6.6 t/year", "start": 1962, "end": 2002, "prov": [{"tier": 1, "source": "IAEA NFCFDB facility list export", "record": "Nangal", "url": "https://infcis.iaea.org/NFCFDB/Facilities", "retrieved": "2026-09-22"}], "coord_tier": null, "coord_source": null}}, {"type": "Feature", "geometry": null, "properties": {"id": "NFCFDB:india:nfc uop block a", "name": "NFC (UOP) - Block-A", "country": "India", "stage": "conversion", "subtype": "Conversion to UO2", "fuel_type": "Nat U for PHWR", "status": "In Operation", "scale": "Commercial", "capacity": "450 t HM/year", "start": 1972, "end": null, "prov": [{"tier": 1, "source": "IAEA NFCFDB facility list export", "record": "NFC (UOP) - Block-A", "url": "https://infcis.iaea.org/NFCFDB/Facilities", "retrieved": "2026-09-22"}], "coord_tier": null, "coord_source": null}}, {"type": "Feature", "geometry": null, "properties": {"id": "NFCFDB:india:nfc zir", "name": "NFC -  (ZIR)", "country": "India", "stage": "materials", "subtype": "Zirconium Alloy Production", "fuel_type": null, "status": "In Operation", "scale": "Commercial", "capacity": "250 t/year", "start": 1980, "end": null, "prov": [{"tier": 1, "source": "IAEA NFCFDB facility list export", "record": "NFC -  (ZIR)", "url": "https://infcis.iaea.org/NFCFDB/Facilities", "retrieved": "2026-09-22"}], "coord_tier": null, "coord_source": null}}, {"type": "Feature", "geometry": null, "properties": {"id": "NFCFDB:india:nfc nzsp", "name": "NFC (NZSP)", "country": "India", "stage": "materials", "subtype": "Zirconium Alloy Production", "fuel_type": null, "status": "In Operation", "scale": "Commercial", "capacity": "250 t/year", "start": null, "end": null, "prov": [{"tier": 1, "source": "IAEA NFCFDB facility list export", "record": "NFC (NZSP)", "url": "https://infcis.iaea.org/NFCFDB/Facilities", "retrieved": "2026-09-22"}], "coord_tier": null, "coord_source": null}}, {"type": "Feature", "geometry": null, "properties": {"id": "NFCFDB:india:nfc nzfp", "name": "NFC (NZFP)", "country": "India", "stage": "materials", "subtype": "Zirconium Alloy Tubing", "fuel_type": null, "status": "In Operation", "scale": "Commercial", "capacity": "59 t/year", "start": 1987, "end": null, "prov": [{"tier": 1, "source": "IAEA NFCFDB facility list export", "record": "NFC (NZFP)", "url": "https://infcis.iaea.org/NFCFDB/Facilities", "retrieved": "2026-09-22"}], "coord_tier": null, "coord_source": null}}, {"type": "Feature", "geometry": null, "properties": {"id": "NFCFDB:india:nfc zfp", "name": "NFC (ZFP)", "country": "India", "stage": "materials", "subtype": "Zirconium Alloy Tubing", "fuel_type": null, "status": "In Operation", "scale": "Commercial", "capacity": "80 t/year", "start": 1973, "end": null, "prov": [{"tier": 1, "source": "IAEA NFCFDB facility list export", "record": "NFC (ZFP)", "url": "https://infcis.iaea.org/NFCFDB/Facilities", "retrieved": "2026-09-22"}], "coord_tier": null, "coord_source": null}}, {"type": "Feature", "geometry": null, "properties": {"id": "NFCFDB:india:nfc phwr block a", "name": "NFC - (PHWR) - Block-A", "country": "India", "stage": "fabrication", "subtype": "Fuel Fabrication (U Pellet, Pin, FA)", "fuel_type": "Nat U for PHWR", "status": "In Operation", "scale": "Commercial", "capacity": "1500 t HM/year", "start": 1974, "end": null, "prov": [{"tier": 1, "source": "IAEA NFCFDB facility list export", "record": "NFC - (PHWR) - Block-A", "url": "https://infcis.iaea.org/NFCFDB/Facilities", "retrieved": "2026-09-22"}], "coord_tier": null, "coord_source": null}}, {"type": "Feature", "geometry": null, "properties": {"id": "NFCFDB:india:nfc bwr", "name": "NFC  (BWR)", "country": "India", "stage": "fabrication", "subtype": "Fuel Fabrication (U Pellet, Pin, FA)", "fuel_type": "UOX for BWR", "status": "In Operation", "scale": "Commercial", "capacity": "24 t HM/year", "start": 1974, "end": null, "prov": [{"tier": 1, "source": "IAEA NFCFDB facility list export", "record": "NFC  (BWR)", "url": "https://infcis.iaea.org/NFCFDB/Facilities", "retrieved": "2026-09-22"}], "coord_tier": null, "coord_source": null}}, {"type": "Feature", "geometry": null, "properties": {"id": "NFCFDB:india:talcher", "name": "Talcher", "country": "India", "stage": "heavy-water", "subtype": "Heavy Water Production", "fuel_type": null, "status": "Stand By", "scale": "Commercial", "capacity": "62.5 t/year", "start": 1985, "end": null, "prov": [{"tier": 1, "source": "IAEA NFCFDB facility list export", "record": "Talcher", "url": "https://infcis.iaea.org/NFCFDB/Facilities", "retrieved": "2026-09-22"}], "coord_tier": null, "coord_source": null}}, {"type": "Feature", "geometry": null, "properties": {"id": "NFCFDB:india:thal vaishet", "name": "Thal - Vaishet", "country": "India", "stage": "heavy-water", "subtype": "Heavy Water Production", "fuel_type": null, "status": "In Operation", "scale": "Commercial", "capacity": "78 t/year", "start": 1987, "end": null, "prov": [{"tier": 1, "source": "IAEA NFCFDB facility list export", "record": "Thal - Vaishet", "url": "https://infcis.iaea.org/NFCFDB/Facilities", "retrieved": "2026-09-22"}], "coord_tier": null, "coord_source": null}}, {"type": "Feature", "geometry": null, "properties": {"id": "NFCFDB:india:trombay fuel fabrication", "name": "Trombay, Fuel Fabrication", "country": "India", "stage": "fabrication", "subtype": "Fuel Fabrication (U Pellet, Pin, FA)", "fuel_type": "Nat U for PHWR", "status": "Decommissioned", "scale": "Commercial", "capacity": "135 t HM/year", "start": 1968, "end": 1972, "prov": [{"tier": 1, "source": "IAEA NFCFDB facility list export", "record": "Trombay, Fuel Fabrication", "url": "https://infcis.iaea.org/NFCFDB/Facilities", "retrieved": "2026-09-22"}], "coord_tier": null, "coord_source": null}}, {"type": "Feature", "geometry": null, "properties": {"id": "NFCFDB:india:tuticorin", "name": "Tuticorin", "country": "India", "stage": "heavy-water", "subtype": "Heavy Water Production", "fuel_type": null, "status": "In Operation", "scale": "Commercial", "capacity": "49 t/year", "start": 1978, "end": null, "prov": [{"tier": 1, "source": "IAEA NFCFDB facility list export", "record": "Tuticorin", "url": "https://infcis.iaea.org/NFCFDB/Facilities", "retrieved": "2026-09-22"}], "coord_tier": null, "coord_source": null}}, {"type": "Feature", "geometry": null, "properties": {"id": "NFCFDB:india:nfc palayakayal", "name": "NFC, Palayakayal", "country": "India", "stage": "other", "subtype": "Other-Related Industrial Activities", "fuel_type": null, "status": "Under Construction", "scale": "Commercial", "capacity": "250 t/year", "start": null, "end": null, "prov": [{"tier": 1, "source": "IAEA NFCFDB facility list export", "record": "NFC, Palayakayal", "url": "https://infcis.iaea.org/NFCFDB/Facilities", "retrieved": "2026-09-22"}], "coord_tier": null, "coord_source": null}}, {"type": "Feature", "geometry": null, "properties": {"id": "NFCFDB:india:ucil turamdih", "name": "UCIL-Turamdih", "country": "India", "stage": "mining", "subtype": "Uranium Ore Processing", "fuel_type": null, "status": "Under Construction", "scale": "Commercial", "capacity": "190 t U/year", "start": 2006, "end": null, "prov": [{"tier": 1, "source": "IAEA NFCFDB facility list export", "record": "UCIL-Turamdih", "url": "https://infcis.iaea.org/NFCFDB/Facilities", "retrieved": "2026-09-22"}], "coord_tier": null, "coord_source": null}}, {"type": "Feature", "geometry": null, "properties": {"id": "NFCFDB:india:mosaboni rakha surda", "name": "Mosaboni, Rakha, Surda", "country": "India", "stage": "mining", "subtype": "Uranium Ore Processing", "fuel_type": null, "status": "Stand By", "scale": "Commercial", "capacity": "50 t U/year", "start": 1986, "end": null, "prov": [{"tier": 1, "source": "IAEA NFCFDB facility list export", "record": "Mosaboni, Rakha, Surda", "url": "https://infcis.iaea.org/NFCFDB/Facilities", "retrieved": "2026-09-22"}], "coord_tier": null, "coord_source": null}}, {"type": "Feature", "geometry": null, "properties": {"id": "NFCFDB:india:nfc pellet", "name": "NFC (PELLET)", "country": "India", "stage": "fabrication", "subtype": "Fuel Fabrication (U Pellet, Pin, FA)", "fuel_type": null, "status": "In Operation", "scale": "Commercial", "capacity": "335 t HM/year", "start": 1998, "end": null, "prov": [{"tier": 1, "source": "IAEA NFCFDB facility list export", "record": "NFC (PELLET)", "url": "https://infcis.iaea.org/NFCFDB/Facilities", "retrieved": "2026-09-22"}], "coord_tier": null, "coord_source": null}}, {"type": "Feature", "geometry": null, "properties": {"id": "NFCFDB:india:nfc phwr 2", "name": "NFC (PHWR)-2", "country": "India", "stage": "fabrication", "subtype": "Fuel Fabrication (U Pellet, Pin, FA)", "fuel_type": "Nat U for PHWR", "status": "In Operation", "scale": "Commercial", "capacity": "300 t HM/year", "start": 1997, "end": null, "prov": [{"tier": 1, "source": "IAEA NFCFDB facility list export", "record": "NFC (PHWR)-2", "url": "https://infcis.iaea.org/NFCFDB/Facilities", "retrieved": "2026-09-22"}], "coord_tier": null, "coord_source": null}}, {"type": "Feature", "geometry": null, "properties": {"id": "NFCFDB:india:trombay fbtr", "name": "Trombay - FBTR", "country": "India", "stage": "fabrication", "subtype": "Fuel Fabrication (U Pellet, Pin, FA)", "fuel_type": "Fuel for FBR", "status": "In Operation", "scale": "Laboratory", "capacity": "0 t HM/year", "start": 1985, "end": null, "prov": [{"tier": 1, "source": "IAEA NFCFDB facility list export", "record": "Trombay - FBTR", "url": "https://infcis.iaea.org/NFCFDB/Facilities", "retrieved": "2026-09-22"}], "coord_tier": null, "coord_source": null}}, {"type": "Feature", "geometry": null, "properties": {"id": "NFCFDB:india:tarapur afr", "name": "Tarapur (AFR)", "country": "India", "stage": "waste", "subtype": "AFR Wet Spent Fuel Storage (Pool)", "fuel_type": null, "status": "In Operation", "scale": "Commercial", "capacity": "275 t HM", "start": 1990, "end": null, "prov": [{"tier": 1, "source": "IAEA NFCFDB facility list export", "record": "Tarapur (AFR)", "url": "https://infcis.iaea.org/NFCFDB/Facilities", "retrieved": "2026-09-22"}], "coord_tier": null, "coord_source": null}}, {"type": "Feature", "geometry": null, "properties": {"id": "NFCFDB:india:tarapur site", "name": "Tarapur NPP Site", "country": "India", "stage": "waste", "subtype": "AFR Dry Spent Fuel Storage", "fuel_type": null, "status": "In Operation", "scale": "Commercial", "capacity": "20 t HM", "start": 1990, "end": null, "prov": [{"tier": 1, "source": "IAEA NFCFDB facility list export", "record": "Tarapur NPP Site", "url": "https://infcis.iaea.org/NFCFDB/Facilities", "retrieved": "2026-09-22"}], "coord_tier": null, "coord_source": null}}, {"type": "Feature", "geometry": null, "properties": {"id": "NFCFDB:india:afr rapp1 2 rajasthan site", "name": "AFR RAPP1/2 Rajasthan NPP Site", "country": "India", "stage": "waste", "subtype": "AFR Dry Spent Fuel Storage", "fuel_type": null, "status": "In Operation", "scale": "Commercial", "capacity": "570 t HM", "start": 1994, "end": null, "prov": [{"tier": 1, "source": "IAEA NFCFDB facility list export", "record": "AFR RAPP1/2 Rajasthan NPP Site", "url": "https://infcis.iaea.org/NFCFDB/Facilities", "retrieved": "2026-09-22"}], "coord_tier": null, "coord_source": null}}, {"type": "Feature", "geometry": null, "properties": {"id": "NFCFDB:india:kpm", "name": "KPM", "country": "India", "stage": "mining", "subtype": "Uranium Ore Processing", "fuel_type": null, "status": "Others", "scale": "Commercial", "capacity": "2000 t -ore/day", "start": null, "end": null, "prov": [{"tier": 1, "source": "IAEA NFCFDB facility list export", "record": "KPM", "url": "https://infcis.iaea.org/NFCFDB/Facilities", "retrieved": "2026-09-22"}], "coord_tier": null, "coord_source": null}}, {"type": "Feature", "geometry": null, "properties": {"id": "NFCFDB:india:nfc hyderabad zsp", "name": "NFC - Hyderabad (ZSP)", "country": "India", "stage": "materials", "subtype": "Zirconium Alloy Tubing", "fuel_type": null, "status": "In Operation", "scale": "Commercial", "capacity": "180 t/year", "start": 1971, "end": null, "prov": [{"tier": 1, "source": "IAEA NFCFDB facility list export", "record": "NFC - Hyderabad (ZSP)", "url": "https://infcis.iaea.org/NFCFDB/Facilities", "retrieved": "2026-09-22"}], "coord_tier": null, "coord_source": null}}, {"type": "Feature", "geometry": null, "properties": {"id": "NFCFDB:india:coral", "name": "Coral", "country": "India", "stage": "reprocessing", "subtype": "Spent Fuel Reprocessing - aqueous route", "fuel_type": null, "status": "In Operation", "scale": "Pilot plant", "capacity": "0 ", "start": 2003, "end": null, "prov": [{"tier": 1, "source": "IAEA NFCFDB facility list export", "record": "Coral", "url": "https://infcis.iaea.org/NFCFDB/Facilities", "retrieved": "2026-09-22"}], "coord_tier": null, "coord_source": null}}, {"type": "Feature", "geometry": null, "properties": {"id": "NFCFDB:india:tummalapalle mine and mill", "name": "Tummalapalle mine and Mill", "country": "India", "stage": "mining", "subtype": "Uranium Ore Processing", "fuel_type": null, "status": "In Operation", "scale": "Commercial", "capacity": " ", "start": 2016, "end": null, "prov": [{"tier": 1, "source": "IAEA NFCFDB facility list export", "record": "Tummalapalle mine and Mill", "url": "https://infcis.iaea.org/NFCFDB/Facilities", "retrieved": "2026-09-22"}], "coord_tier": null, "coord_source": null}}, {"type": "Feature", "geometry": null, "properties": {"id": "NFCFDB:india:fuel complex kota", "name": "Nuclear Fuel Complex- Kota", "country": "India", "stage": "fabrication", "subtype": "Fuel Fabrication (U Pellet, Pin, FA)", "fuel_type": "Nat U for PHWR", "status": "Under Construction", "scale": "Commercial", "capacity": "1000 t HM", "start": 2025, "end": null, "prov": [{"tier": 1, "source": "IAEA NFCFDB facility list export", "record": "Nuclear Fuel Complex- Kota", "url": "https://infcis.iaea.org/NFCFDB/Facilities", "retrieved": "2026-09-22"}], "coord_tier": null, "coord_source": null}}, {"type": "Feature", "geometry": null, "properties": {"id": "NFCFDB:indonesia:experimental fuel element", "name": "Experimental Fuel Element Facility", "country": "Indonesia", "stage": "fabrication", "subtype": "Fuel Fabrication (U Pellet, Pin, FA)", "fuel_type": "Fuel for MTR", "status": "In Operation", "scale": "Laboratory", "capacity": "750 Bundle/year", "start": 1986, "end": 2032, "prov": [{"tier": 1, "source": "IAEA NFCFDB facility list export", "record": "Experimental Fuel Element Facility", "url": "https://infcis.iaea.org/NFCFDB/Facilities", "retrieved": "2026-09-22"}], "coord_tier": null, "coord_source": null}}, {"type": "Feature", "geometry": null, "properties": {"id": "NFCFDB:indonesia:rr fuel element production installation ifebrr", "name": "RR Fuel Element Production Installation (IFEBRR)", "country": "Indonesia", "stage": "fabrication", "subtype": "Fuel Fabrication (Research Reactors)", "fuel_type": "Fuel for MTR", "status": "Shutdown", "scale": "Commercial", "capacity": "70 Elements/year", "start": 1986, "end": 2023, "prov": [{"tier": 1, "source": "IAEA NFCFDB facility list export", "record": "RR Fuel Element Production Installation (IFEBRR)", "url": "https://infcis.iaea.org/NFCFDB/Facilities", "retrieved": "2026-09-22"}], "coord_tier": null, "coord_source": null}}, {"type": "Feature", "geometry": null, "properties": {"id": "NFCFDB:indonesia:lemajung pilot u processing", "name": "Lemajung Pilot U Processing", "country": "Indonesia", "stage": "mining", "subtype": "Uranium Ore Processing", "fuel_type": null, "status": "Shutdown", "scale": "Pilot plant", "capacity": "0.2 t U/year", "start": 1981, "end": 1996, "prov": [{"tier": 1, "source": "IAEA NFCFDB facility list export", "record": "Lemajung Pilot U Processing", "url": "https://infcis.iaea.org/NFCFDB/Facilities", "retrieved": "2026-09-22"}], "coord_tier": null, "coord_source": null}}, {"type": "Feature", "geometry": null, "properties": {"id": "NFCFDB:indonesia:serpong conversion", "name": "Serpong Conversion Facility", "country": "Indonesia", "stage": "conversion", "subtype": "Conversion to UO2", "fuel_type": null, "status": "In Operation", "scale": "Laboratory", "capacity": "0.1 t HM/year", "start": 2016, "end": 2031, "prov": [{"tier": 1, "source": "IAEA NFCFDB facility list export", "record": "Serpong Conversion Facility", "url": "https://infcis.iaea.org/NFCFDB/Facilities", "retrieved": "2026-09-22"}], "coord_tier": null, "coord_source": null}}, {"type": "Feature", "geometry": null, "properties": {"id": "NFCFDB:indonesia:interim storage for spent fuel", "name": "Interim  storage for spent Fuel", "country": "Indonesia", "stage": "waste", "subtype": "AFR Wet Spent Fuel Storage (Pool)", "fuel_type": "Fuel for MTR", "status": "In Operation", "scale": "Commercial", "capacity": "1458 Bundle/year", "start": 2006, "end": 2028, "prov": [{"tier": 1, "source": "IAEA NFCFDB facility list export", "record": "Interim  storage for spent Fuel", "url": "https://infcis.iaea.org/NFCFDB/Facilities", "retrieved": "2026-09-22"}], "coord_tier": null, "coord_source": null}}, {"type": "Feature", "geometry": null, "properties": {"id": "NFCFDB:israel:rotem fertilizers", "name": "Rotem fertilizers plant", "country": "Israel", "stage": "other", "subtype": "Uranium Recovery from Phosphates", "fuel_type": null, "status": "Shutdown", "scale": "Pilot plant", "capacity": "0 t U/year", "start": 1984, "end": 1986, "prov": [{"tier": 1, "source": "IAEA NFCFDB facility list export", "record": "Rotem fertilizers plant", "url": "https://infcis.iaea.org/NFCFDB/Facilities", "retrieved": "2026-09-22"}], "coord_tier": null, "coord_source": null}}, {"type": "Feature", "geometry": null, "properties": {"id": "NFCFDB:italy:eurex sfre oxide", "name": "Eurex SFRE (Oxide)", "country": "Italy", "stage": "reprocessing", "subtype": "Spent Fuel Reprocessing - aqueous route", "fuel_type": null, "status": "Decommissioning", "scale": "Pilot plant", "capacity": "10 t HM/year", "start": 1980, "end": 1990, "prov": [{"tier": 1, "source": "IAEA NFCFDB facility list export", "record": "Eurex SFRE (Oxide)", "url": "https://infcis.iaea.org/NFCFDB/Facilities", "retrieved": "2026-09-22"}], "coord_tier": null, "coord_source": null}}, {"type": "Feature", "geometry": null, "properties": {"id": "NFCFDB:italy:itrec", "name": "ITREC", "country": "Italy", "stage": "reprocessing", "subtype": "Spent Fuel Reprocessing - aqueous route", "fuel_type": null, "status": "Decommissioning", "scale": "Pilot plant", "capacity": "5 t HM/year", "start": 1975, "end": 1988, "prov": [{"tier": 1, "source": "IAEA NFCFDB facility list export", "record": "ITREC", "url": "https://infcis.iaea.org/NFCFDB/Facilities", "retrieved": "2026-09-22"}], "coord_tier": null, "coord_source": null}}, {"type": "Feature", "geometry": null, "properties": {"id": "NFCFDB:italy:eurex sfre mtr", "name": "Eurex SFRE (MTR)", "country": "Italy", "stage": "reprocessing", "subtype": "Spent Fuel Reprocessing - aqueous route", "fuel_type": null, "status": "Decommissioning", "scale": "Pilot plant", "capacity": "0.3 t HM/year", "start": 1970, "end": 1990, "prov": [{"tier": 1, "source": "IAEA NFCFDB facility list export", "record": "Eurex SFRE (MTR)", "url": "https://infcis.iaea.org/NFCFDB/Facilities", "retrieved": "2026-09-22"}], "coord_tier": null, "coord_source": null}}, {"type": "Feature", "geometry": null, "properties": {"id": "NFCFDB:italy:eurex sfre pu nitrate line", "name": "Eurex SFRE (Pu Nitrate Line)", "country": "Italy", "stage": "reprocessing", "subtype": "Spent Fuel Reprocessing - aqueous route", "fuel_type": null, "status": "Decommissioning", "scale": "Pilot plant", "capacity": "0.1 t HM/year", "start": 1988, "end": null, "prov": [{"tier": 1, "source": "IAEA NFCFDB facility list export", "record": "Eurex SFRE (Pu Nitrate Line)", "url": "https://infcis.iaea.org/NFCFDB/Facilities", "retrieved": "2026-09-22"}], "coord_tier": null, "coord_source": null}}, {"type": "Feature", "geometry": null, "properties": {"id": "NFCFDB:italy:ifec fabr hwr cirene line", "name": "IFEC FABR - HWR - CIRENE Line", "country": "Italy", "stage": "fabrication", "subtype": "Fuel Fabrication (U Pellet, Pin, FA)", "fuel_type": "Nat U for PHWR", "status": "Decommissioned", "scale": "Pilot plant", "capacity": "12 t HM/year", "start": 1966, "end": 1989, "prov": [{"tier": 1, "source": "IAEA NFCFDB facility list export", "record": "IFEC FABR - HWR - CIRENE Line", "url": "https://infcis.iaea.org/NFCFDB/Facilities", "retrieved": "2026-09-22"}], "coord_tier": null, "coord_source": null}}, {"type": "Feature", "geometry": null, "properties": {"id": "NFCFDB:italy:ifec fabr mtr line", "name": "IFEC FABR - MTR Line", "country": "Italy", "stage": "fabrication", "subtype": "Fuel Fabrication (Research Reactors)", "fuel_type": null, "status": "Decommissioned", "scale": "Pilot plant", "capacity": "0.2 t HM/year", "start": 1964, "end": 1987, "prov": [{"tier": 1, "source": "IAEA NFCFDB facility list export", "record": "IFEC FABR - MTR Line", "url": "https://infcis.iaea.org/NFCFDB/Facilities", "retrieved": "2026-09-22"}], "coord_tier": null, "coord_source": null}}, {"type": "Feature", "geometry": null, "properties": {"id": "NFCFDB:italy:ifec fabr high enrich line", "name": "IFEC FABR - High Enrich. Line", "country": "Italy", "stage": "fabrication", "subtype": "Fuel Fabrication (Research Reactors)", "fuel_type": null, "status": "Decommissioned", "scale": "Pilot plant", "capacity": "10 t HM/year", "start": 1966, "end": 1989, "prov": [{"tier": 1, "source": "IAEA NFCFDB facility list export", "record": "IFEC FABR - High Enrich. Line", "url": "https://infcis.iaea.org/NFCFDB/Facilities", "retrieved": "2026-09-22"}], "coord_tier": null, "coord_source": null}}, {"type": "Feature", "geometry": null, "properties": {"id": "NFCFDB:italy:impianto di bosco marengo", "name": "Impianto di Bosco Marengo", "country": "Italy", "stage": "fabrication", "subtype": "Fuel Fabrication (U Pellet, Pin, FA)", "fuel_type": "UOX for PWR", "status": "Decommissioning", "scale": "Commercial", "capacity": "100 t HM/year", "start": 1973, "end": 1996, "prov": [{"tier": 1, "source": "IAEA NFCFDB facility list export", "record": "Impianto di Bosco Marengo", "url": "https://infcis.iaea.org/NFCFDB/Facilities", "retrieved": "2026-09-22"}], "coord_tier": null, "coord_source": null}}, {"type": "Feature", "geometry": null, "properties": {"id": "NFCFDB:italy:plutonium laboratory", "name": "Plutonium Laboratory", "country": "Italy", "stage": "fabrication", "subtype": "MOX fuel fabrication (Mox Powder, Pellet, Pin, FA)", "fuel_type": null, "status": "Decommissioning", "scale": "Pilot plant", "capacity": "0.9 t HM/year", "start": 1968, "end": 1987, "prov": [{"tier": 1, "source": "IAEA NFCFDB facility list export", "record": "Plutonium Laboratory", "url": "https://infcis.iaea.org/NFCFDB/Facilities", "retrieved": "2026-09-22"}], "coord_tier": null, "coord_source": null}}, {"type": "Feature", "geometry": null, "properties": {"id": "NFCFDB:italy:deposito avogadro", "name": "Deposito Avogadro", "country": "Italy", "stage": "waste", "subtype": "AFR Wet Spent Fuel Storage (Pool)", "fuel_type": null, "status": "In Operation", "scale": "Commercial", "capacity": "222 t HM", "start": 1982, "end": null, "prov": [{"tier": 1, "source": "IAEA NFCFDB facility list export", "record": "Deposito Avogadro", "url": "https://infcis.iaea.org/NFCFDB/Facilities", "retrieved": "2026-09-22"}], "coord_tier": null, "coord_source": null}}, {"type": "Feature", "geometry": null, "properties": {"id": "NFCFDB:italy:conu magnox fuel fabrication", "name": "CONU Magnox Fuel Fabrication Plant", "country": "Italy", "stage": "fabrication", "subtype": "Fuel Fabrication (U Pellet, Pin, FA)", "fuel_type": "Fuel for GCR/AGR", "status": "Decommissioned", "scale": "Commercial", "capacity": "0 t HM/year", "start": 1960, "end": 1987, "prov": [{"tier": 1, "source": "IAEA NFCFDB facility list export", "record": "CONU Magnox Fuel Fabrication Plant", "url": "https://infcis.iaea.org/NFCFDB/Facilities", "retrieved": "2026-09-22"}], "coord_tier": null, "coord_source": null}}, {"type": "Feature", "geometry": null, "properties": {"id": "NFCFDB:japan:kobe special tube chofu kita", "name": "Kobe Special Tube Chofu-Kita", "country": "Japan", "stage": "materials", "subtype": "Zirconium Alloy Tubing", "fuel_type": null, "status": "Shutdown", "scale": "Commercial", "capacity": "800 km/year", "start": 1975, "end": 2000, "prov": [{"tier": 1, "source": "IAEA NFCFDB facility list export", "record": "Kobe Special Tube Chofu-Kita", "url": "https://infcis.iaea.org/NFCFDB/Facilities", "retrieved": "2026-09-22"}], "coord_tier": null, "coord_source": null}}, {"type": "Feature", "geometry": null, "properties": {"id": "NFCFDB:japan:asahi u enrichment laboratory", "name": "Asahi U Enrichment Laboratory", "country": "Japan", "stage": "enrichment", "subtype": "Uranium Enrichment", "fuel_type": null, "status": "Shutdown", "scale": "Pilot plant", "capacity": "2 MTSWU/year", "start": 1986, "end": 1991, "prov": [{"tier": 1, "source": "IAEA NFCFDB facility list export", "record": "Asahi U Enrichment Laboratory", "url": "https://infcis.iaea.org/NFCFDB/Facilities", "retrieved": "2026-09-22"}], "coord_tier": null, "coord_source": null}}, {"type": "Feature", "geometry": null, "properties": {"id": "NFCFDB:japan:japan fuel conversion jco", "name": "Japan Nuclear Fuel Conversion (JCO)", "country": "Japan", "stage": "conversion", "subtype": "Re-conversion to UO2 Powder", "fuel_type": null, "status": "Shutdown", "scale": "Commercial", "capacity": "718 t HM/year", "start": 1981, "end": 1999, "prov": [{"tier": 1, "source": "IAEA NFCFDB facility list export", "record": "Japan Nuclear Fuel Conversion (JCO)", "url": "https://infcis.iaea.org/NFCFDB/Facilities", "retrieved": "2026-09-22"}], "coord_tier": null, "coord_source": null}}, {"type": "Feature", "geometry": null, "properties": {"id": "NFCFDB:japan:rokkasho uranium enrichment", "name": "Rokkasho Uranium Enrichment Plant", "country": "Japan", "stage": "enrichment", "subtype": "Uranium Enrichment", "fuel_type": null, "status": "In Operation", "scale": "Commercial", "capacity": "450 MTSWU/year", "start": 1992, "end": null, "prov": [{"tier": 1, "source": "IAEA NFCFDB facility list export", "record": "Rokkasho Uranium Enrichment Plant", "url": "https://infcis.iaea.org/NFCFDB/Facilities", "retrieved": "2026-09-22"}], "coord_tier": null, "coord_source": null}}, {"type": "Feature", "geometry": null, "properties": {"id": "NFCFDB:japan:nfi kumatori works", "name": "NFI Kumatori Works", "country": "Japan", "stage": "fabrication", "subtype": "Fuel Fabrication (U Pellet, Pin, FA)", "fuel_type": "UOX for PWR", "status": "In Operation", "scale": "Commercial", "capacity": "284 t U/year", "start": 1972, "end": null, "prov": [{"tier": 1, "source": "IAEA NFCFDB facility list export", "record": "NFI Kumatori Works", "url": "https://infcis.iaea.org/NFCFDB/Facilities", "retrieved": "2026-09-22"}], "coord_tier": null, "coord_source": null}}, {"type": "Feature", "geometry": null, "properties": {"id": "NFCFDB:japan:mnf fuel fabrication", "name": "MNF-Fuel Fabrication Facility", "country": "Japan", "stage": "fabrication", "subtype": "Fuel Fabrication (U Pellet, Pin, FA)", "fuel_type": "UOX for PWR", "status": "In Operation", "scale": "Commercial", "capacity": "440 t U/year", "start": 1972, "end": null, "prov": [{"tier": 1, "source": "IAEA NFCFDB facility list export", "record": "MNF-Fuel Fabrication Facility", "url": "https://infcis.iaea.org/NFCFDB/Facilities", "retrieved": "2026-09-22"}], "coord_tier": null, "coord_source": null}}, {"type": "Feature", "geometry": null, "properties": {"id": "NFCFDB:japan:nfi tokai works", "name": "NFI Tokai Works", "country": "Japan", "stage": "fabrication", "subtype": "Fuel Fabrication (U Pellet, Pin, FA)", "fuel_type": "UOX for BWR, Fuel for HTR/GHTR", "status": "In Operation", "scale": "Commercial", "capacity": "250 t U/year", "start": 1980, "end": null, "prov": [{"tier": 1, "source": "IAEA NFCFDB facility list export", "record": "NFI Tokai Works", "url": "https://infcis.iaea.org/NFCFDB/Facilities", "retrieved": "2026-09-22"}], "coord_tier": null, "coord_source": null}}, {"type": "Feature", "geometry": null, "properties": {"id": "NFCFDB:japan:jaea ningyo toge refinement and conversion wet process", "name": "JAEA Ningyo - Toge Refinement and Conversion Facility (Wet Process)", "country": "Japan", "stage": "conversion", "subtype": "Conversion to UF6", "fuel_type": null, "status": "Decommissioning", "scale": "Pilot plant", "capacity": "0 t HM/year", "start": 1982, "end": 1991, "prov": [{"tier": 1, "source": "IAEA NFCFDB facility list export", "record": "JAEA Ningyo - Toge Refinement and Conversion Facility (Wet Process)", "url": "https://infcis.iaea.org/NFCFDB/Facilities", "retrieved": "2026-09-22"}], "coord_tier": null, "coord_source": null}}, {"type": "Feature", "geometry": null, "properties": {"id": "NFCFDB:japan:jaea ningyo toge uranium enrichment pilot", "name": "JAEA Ningyo - Toge Uranium Enrichment Pilot Plant", "country": "Japan", "stage": "enrichment", "subtype": "Uranium Enrichment", "fuel_type": null, "status": "Decommissioning", "scale": "Pilot plant", "capacity": "30 MTSWU/year", "start": 1979, "end": 1997, "prov": [{"tier": 1, "source": "IAEA NFCFDB facility list export", "record": "JAEA Ningyo - Toge Uranium Enrichment Pilot Plant", "url": "https://infcis.iaea.org/NFCFDB/Facilities", "retrieved": "2026-09-22"}], "coord_tier": null, "coord_source": null}}, {"type": "Feature", "geometry": null, "properties": {"id": "NFCFDB:japan:jaea ningyo toge uranium enrichment demonstration dop", "name": "JAEA Ningyo - Toge Uranium Enrichment Demonstration Plant (DOP)", "country": "Japan", "stage": "enrichment", "subtype": "Uranium Enrichment", "fuel_type": null, "status": "Decommissioning", "scale": "Pilot plant", "capacity": "100 MTSWU/year", "start": 1988, "end": 2001, "prov": [{"tier": 1, "source": "IAEA NFCFDB facility list export", "record": "JAEA Ningyo - Toge Uranium Enrichment Demonstration Plant (DOP)", "url": "https://infcis.iaea.org/NFCFDB/Facilities", "retrieved": "2026-09-22"}], "coord_tier": null, "coord_source": null}}, {"type": "Feature", "geometry": null, "properties": {"id": "NFCFDB:japan:uranium sea water recovery", "name": "Uranium - Sea Water Recovery", "country": "Japan", "stage": "mining", "subtype": "Uranium Ore Processing", "fuel_type": null, "status": "Decommissioned", "scale": "Pilot plant", "capacity": "0.01 t U/year", "start": 1986, "end": 1988, "prov": [{"tier": 1, "source": "IAEA NFCFDB facility list export", "record": "Uranium - Sea Water Recovery", "url": "https://infcis.iaea.org/NFCFDB/Facilities", "retrieved": "2026-09-22"}], "coord_tier": null, "coord_source": null}}, {"type": "Feature", "geometry": null, "properties": {"id": "NFCFDB:japan:mitsubishi fuels ltd mnf okegawa", "name": "Mitsubishi Nuclear Fuels Ltd(MNF) - Okegawa Plant", "country": "Japan", "stage": "materials", "subtype": "Zirconium Alloy Tubing", "fuel_type": null, "status": "In Operation", "scale": "Commercial", "capacity": "800 km/year", "start": 1973, "end": null, "prov": [{"tier": 1, "source": "IAEA NFCFDB facility list export", "record": "Mitsubishi Nuclear Fuels Ltd(MNF) - Okegawa Plant", "url": "https://infcis.iaea.org/NFCFDB/Facilities", "retrieved": "2026-09-22"}], "coord_tier": null, "coord_source": null}}, {"type": "Feature", "geometry": null, "properties": {"id": "NFCFDB:japan:jaea tokai plutonium fuel fabrication pu 2 atr", "name": "JAEA Tokai Plutonium Fuel Fabrication Facility (Pu-2 - ATR)", "country": "Japan", "stage": "fabrication", "subtype": "MOX fuel fabrication (Mox Powder, Pellet, Pin, FA)", "fuel_type": null, "status": "Decommissioning", "scale": "Pilot plant", "capacity": "10 t HM/year", "start": 1972, "end": 2001, "prov": [{"tier": 1, "source": "IAEA NFCFDB facility list export", "record": "JAEA Tokai Plutonium Fuel Fabrication Facility (Pu-2 - ATR)", "url": "https://infcis.iaea.org/NFCFDB/Facilities", "retrieved": "2026-09-22"}], "coord_tier": null, "coord_source": null}}, {"type": "Feature", "geometry": null, "properties": {"id": "NFCFDB:japan:jaea tokai plutonium fuel development pu 1 mox", "name": "JAEA Tokai Plutonium Fuel Development Facility (Pu-1 - MOX)", "country": "Japan", "stage": "fabrication", "subtype": "MOX fuel fabrication (Mox Powder, Pellet, Pin, FA)", "fuel_type": null, "status": "In Operation", "scale": "Laboratory", "capacity": "0.3 t HM/year", "start": 1965, "end": null, "prov": [{"tier": 1, "source": "IAEA NFCFDB facility list export", "record": "JAEA Tokai Plutonium Fuel Development Facility (Pu-1 - MOX)", "url": "https://infcis.iaea.org/NFCFDB/Facilities", "retrieved": "2026-09-22"}], "coord_tier": null, "coord_source": null}}, {"type": "Feature", "geometry": null, "properties": {"id": "NFCFDB:japan:rokkasho spent fuel storage", "name": "Rokkasho Spent Fuel Storage", "country": "Japan", "stage": "waste", "subtype": "AFR Wet Spent Fuel Storage (Pool)", "fuel_type": null, "status": "In Operation", "scale": "Commercial", "capacity": "3000 t U/year", "start": 1999, "end": null, "prov": [{"tier": 1, "source": "IAEA NFCFDB facility list export", "record": "Rokkasho Spent Fuel Storage", "url": "https://infcis.iaea.org/NFCFDB/Facilities", "retrieved": "2026-09-22"}], "coord_tier": null, "coord_source": null}}, {"type": "Feature", "geometry": null, "properties": {"id": "NFCFDB:japan:rokkasho reprocessing", "name": "Rokkasho Reprocessing Plant", "country": "Japan", "stage": "reprocessing", "subtype": "Spent Fuel Reprocessing - aqueous route", "fuel_type": "UOX for PWR", "status": "Under Construction", "scale": "Commercial", "capacity": "800 t U/year", "start": 2024, "end": null, "prov": [{"tier": 1, "source": "IAEA NFCFDB facility list export", "record": "Rokkasho Reprocessing Plant", "url": "https://infcis.iaea.org/NFCFDB/Facilities", "retrieved": "2026-09-22"}], "coord_tier": null, "coord_source": null}}, {"type": "Feature", "geometry": null, "properties": {"id": "NFCFDB:japan:sumitomo tube production", "name": "SUMITOMO Tube Production Plant", "country": "Japan", "stage": "materials", "subtype": "Zirconium Alloy Tubing", "fuel_type": null, "status": "Shutdown", "scale": "Commercial", "capacity": "800 km/year", "start": 1980, "end": 2000, "prov": [{"tier": 1, "source": "IAEA NFCFDB facility list export", "record": "SUMITOMO Tube Production Plant", "url": "https://infcis.iaea.org/NFCFDB/Facilities", "retrieved": "2026-09-22"}], "coord_tier": null, "coord_source": null}}, {"type": "Feature", "geometry": null, "properties": {"id": "NFCFDB:japan:jaea tokai reprocessing trp", "name": "JAEA Tokai Reprocessing Plant (TRP)", "country": "Japan", "stage": "reprocessing", "subtype": "Spent Fuel Reprocessing - aqueous route", "fuel_type": "UOX for PWR, UOX for BWR, Fuel for ATR", "status": "Decommissioning", "scale": "Pilot plant", "capacity": "90 t U/year", "start": 1977, "end": 2006, "prov": [{"tier": 1, "source": "IAEA NFCFDB facility list export", "record": "JAEA Tokai Reprocessing Plant (TRP)", "url": "https://infcis.iaea.org/NFCFDB/Facilities", "retrieved": "2026-09-22"}], "coord_tier": null, "coord_source": null}}, {"type": "Feature", "geometry": null, "properties": {"id": "NFCFDB:japan:jaea tokai reprocessing spent fuel storage", "name": "JAEA Tokai Reprocessing Plant - Spent Fuel Storage", "country": "Japan", "stage": "waste", "subtype": "AFR Wet Spent Fuel Storage (Pool)", "fuel_type": null, "status": "Decommissioning", "scale": "Pilot plant", "capacity": "140 t HM", "start": 1977, "end": 2018, "prov": [{"tier": 1, "source": "IAEA NFCFDB facility list export", "record": "JAEA Tokai Reprocessing Plant - Spent Fuel Storage", "url": "https://infcis.iaea.org/NFCFDB/Facilities", "retrieved": "2026-09-22"}], "coord_tier": null, "coord_source": null}}, {"type": "Feature", "geometry": null, "properties": {"id": "NFCFDB:japan:global fuel kurihama manufacturing", "name": "Global Nuclear Fuel-Kurihama Manufacturing Plant", "country": "Japan", "stage": "fabrication", "subtype": "Fuel Fabrication (U Pellet, Pin, FA)", "fuel_type": "UOX for BWR", "status": "Refurbishment", "scale": "Commercial", "capacity": "620 t U/year", "start": 1970, "end": null, "prov": [{"tier": 1, "source": "IAEA NFCFDB facility list export", "record": "Global Nuclear Fuel-Kurihama Manufacturing Plant", "url": "https://infcis.iaea.org/NFCFDB/Facilities", "retrieved": "2026-09-22"}], "coord_tier": null, "coord_source": null}}, {"type": "Feature", "geometry": null, "properties": {"id": "NFCFDB:japan:cezus nagahama", "name": "Cezus - Nagahama", "country": "Japan", "stage": "materials", "subtype": "Zirconium Alloy Production", "fuel_type": null, "status": "Shutdown", "scale": "Commercial", "capacity": "300 t/year", "start": 1989, "end": 1996, "prov": [{"tier": 1, "source": "IAEA NFCFDB facility list export", "record": "Cezus - Nagahama", "url": "https://infcis.iaea.org/NFCFDB/Facilities", "retrieved": "2026-09-22"}], "coord_tier": null, "coord_source": null}}, {"type": "Feature", "geometry": null, "properties": {"id": "NFCFDB:japan:jaea tokai plutonium fuel fabrication pu 2 fbr", "name": "JAEA Tokai Plutonium Fuel Fabrication Facility (Pu-2 - FBR)", "country": "Japan", "stage": "fabrication", "subtype": "MOX fuel fabrication (Mox Powder, Pellet, Pin, FA)", "fuel_type": "MOX for PWR, MOX for BWR", "status": "Decommissioning", "scale": "Pilot plant", "capacity": "1 t HM/year", "start": 1972, "end": 2001, "prov": [{"tier": 1, "source": "IAEA NFCFDB facility list export", "record": "JAEA Tokai Plutonium Fuel Fabrication Facility (Pu-2 - FBR)", "url": "https://infcis.iaea.org/NFCFDB/Facilities", "retrieved": "2026-09-22"}], "coord_tier": null, "coord_source": null}}, {"type": "Feature", "geometry": null, "properties": {"id": "NFCFDB:japan:fukushima daiichi site sfsf", "name": "Fukushima Daiichi NPP site SFSF", "country": "Japan", "stage": "waste", "subtype": "AFR Dry Spent Fuel Storage", "fuel_type": "UOX for BWR", "status": "Others", "scale": "Commercial", "capacity": "408 Cask-Bund.", "start": 1995, "end": null, "prov": [{"tier": 1, "source": "IAEA NFCFDB facility list export", "record": "Fukushima Daiichi NPP site SFSF", "url": "https://infcis.iaea.org/NFCFDB/Facilities", "retrieved": "2026-09-22"}], "coord_tier": null, "coord_source": null}}, {"type": "Feature", "geometry": null, "properties": {"id": "NFCFDB:japan:jaea tokai uranium enrichment facilities building l", "name": "JAEA Tokai Uranium Enrichment Facilities (Building L)", "country": "Japan", "stage": "enrichment", "subtype": "Uranium Enrichment", "fuel_type": null, "status": "Shutdown", "scale": "Laboratory", "capacity": "0 MTSWU/year", "start": 1990, "end": 2002, "prov": [{"tier": 1, "source": "IAEA NFCFDB facility list export", "record": "JAEA Tokai Uranium Enrichment Facilities (Building L)", "url": "https://infcis.iaea.org/NFCFDB/Facilities", "retrieved": "2026-09-22"}], "coord_tier": null, "coord_source": null}}, {"type": "Feature", "geometry": null, "properties": {"id": "NFCFDB:japan:fukushima daiichi site sfsf", "name": "Fukushima Daiichi NPP Site SFSF", "country": "Japan", "stage": "waste", "subtype": "AFR Wet Spent Fuel Storage (Pool)", "fuel_type": null, "status": "Others", "scale": "Commercial", "capacity": "6840 Cask-Bund.", "start": 1997, "end": null, "prov": [{"tier": 1, "source": "IAEA NFCFDB facility list export", "record": "Fukushima Daiichi NPP Site SFSF", "url": "https://infcis.iaea.org/NFCFDB/Facilities", "retrieved": "2026-09-22"}], "coord_tier": null, "coord_source": null}}, {"type": "Feature", "geometry": null, "properties": {"id": "NFCFDB:japan:jaea ningyo toge milling", "name": "JAEA Ningyo - Toge Milling Plant", "country": "Japan", "stage": "mining", "subtype": "Uranium Ore Processing", "fuel_type": null, "status": "Decommissioned", "scale": "Pilot plant", "capacity": "0 t U/year", "start": 1964, "end": 1982, "prov": [{"tier": 1, "source": "IAEA NFCFDB facility list export", "record": "JAEA Ningyo - Toge Milling Plant", "url": "https://infcis.iaea.org/NFCFDB/Facilities", "retrieved": "2026-09-22"}], "coord_tier": null, "coord_source": null}}, {"type": "Feature", "geometry": null, "properties": {"id": "NFCFDB:japan:jaea ningyo toge refinement and conversion dry process", "name": "JAEA Ningyo - Toge  Refinement and Conversion Facility (Dry Process)", "country": "Japan", "stage": "conversion", "subtype": "Conversion to UF6", "fuel_type": null, "status": "Decommissioning", "scale": "Pilot plant", "capacity": "120 t U/year", "start": 1988, "end": 1999, "prov": [{"tier": 1, "source": "IAEA NFCFDB facility list export", "record": "JAEA Ningyo - Toge  Refinement and Conversion Facility (Dry Process)", "url": "https://infcis.iaea.org/NFCFDB/Facilities", "retrieved": "2026-09-22"}], "coord_tier": null, "coord_source": null}}, {"type": "Feature", "geometry": null, "properties": {"id": "NFCFDB:japan:tokai test", "name": "Tokai Test Facility", "country": "Japan", "stage": "enrichment", "subtype": "Uranium Enrichment", "fuel_type": null, "status": "Decommissioned", "scale": "Laboratory", "capacity": "0 MTSWU/year", "start": 1987, "end": 2003, "prov": [{"tier": 1, "source": "IAEA NFCFDB facility list export", "record": "Tokai Test Facility", "url": "https://infcis.iaea.org/NFCFDB/Facilities", "retrieved": "2026-09-22"}], "coord_tier": null, "coord_source": null}}, {"type": "Feature", "geometry": null, "properties": {"id": "NFCFDB:japan:jaea tokai plutonium fuel production pu 3 fbr", "name": "JAEA Tokai Plutonium Fuel Production Facility (Pu-3 - FBR)", "country": "Japan", "stage": "fabrication", "subtype": "MOX fuel fabrication (Mox Powder, Pellet, Pin, FA)", "fuel_type": "MOX for FR", "status": "In Operation", "scale": "Pilot plant", "capacity": "10 t HM/year", "start": 1988, "end": null, "prov": [{"tier": 1, "source": "IAEA NFCFDB facility list export", "record": "JAEA Tokai Plutonium Fuel Production Facility (Pu-3 - FBR)", "url": "https://infcis.iaea.org/NFCFDB/Facilities", "retrieved": "2026-09-22"}], "coord_tier": null, "coord_source": null}}, {"type": "Feature", "geometry": null, "properties": {"id": "NFCFDB:japan:mnf reconversion", "name": "MNF-Reconversion facility", "country": "Japan", "stage": "conversion", "subtype": "Re-conversion to UO2 Powder", "fuel_type": null, "status": "In Operation", "scale": "Commercial", "capacity": "450 t U/year", "start": 1972, "end": null, "prov": [{"tier": 1, "source": "IAEA NFCFDB facility list export", "record": "MNF-Reconversion facility", "url": "https://infcis.iaea.org/NFCFDB/Facilities", "retrieved": "2026-09-22"}], "coord_tier": null, "coord_source": null}}, {"type": "Feature", "geometry": null, "properties": {"id": "NFCFDB:japan:jaea tokai reprocessing plutonium conversion development pcdf", "name": "JAEA Tokai Reprocessing Plant - Plutonium Conversion Development Facility (PCDF)", "country": "Japan", "stage": "fabrication", "subtype": "MOX fuel fabrication (Mox Powder, Pellet, Pin, FA)", "fuel_type": null, "status": "Decommissioning", "scale": "Pilot plant", "capacity": "0.01 t HM/day", "start": 1983, "end": 2016, "prov": [{"tier": 1, "source": "IAEA NFCFDB facility list export", "record": "JAEA Tokai Reprocessing Plant - Plutonium Conversion Development Facility (PCDF)", "url": "https://infcis.iaea.org/NFCFDB/Facilities", "retrieved": "2026-09-22"}], "coord_tier": null, "coord_source": null}}, {"type": "Feature", "geometry": null, "properties": {"id": "NFCFDB:japan:jaea tokai reprocessing test jrtf", "name": "JAEA Tokai Reprocessing Test Facility (JRTF)", "country": "Japan", "stage": "reprocessing", "subtype": "Spent Fuel Reprocessing - aqueous route", "fuel_type": null, "status": "Decommissioning", "scale": "Laboratory", "capacity": "0 t HM/year", "start": 1968, "end": 1970, "prov": [{"tier": 1, "source": "IAEA NFCFDB facility list export", "record": "JAEA Tokai Reprocessing Test Facility (JRTF)", "url": "https://infcis.iaea.org/NFCFDB/Facilities", "retrieved": "2026-09-22"}], "coord_tier": null, "coord_source": null}}, {"type": "Feature", "geometry": null, "properties": {"id": "NFCFDB:japan:nfi takeyama laboratory", "name": "NFI Takeyama Laboratory", "country": "Japan", "stage": "fabrication", "subtype": "MOX fuel fabrication (Mox Powder, Pellet, Pin, FA)", "fuel_type": null, "status": "Decommissioned", "scale": "Commercial", "capacity": "10 t HM/year", "start": 1972, "end": 1973, "prov": [{"tier": 1, "source": "IAEA NFCFDB facility list export", "record": "NFI Takeyama Laboratory", "url": "https://infcis.iaea.org/NFCFDB/Facilities", "retrieved": "2026-09-22"}], "coord_tier": null, "coord_source": null}}, {"type": "Feature", "geometry": null, "properties": {"id": "NFCFDB:japan:rokkasho fuel cycle facilities mox fuel fabrication", "name": "Rokkasho Nuclear Fuel Cycle Facilities (MOX Fuel Fabrication Plant)", "country": "Japan", "stage": "fabrication", "subtype": "MOX fuel fabrication (Mox Powder, Pellet, Pin, FA)", "fuel_type": "MOX for PWR, MOX for BWR", "status": "Under Construction", "scale": "Commercial", "capacity": "130 t HM/year", "start": 2024, "end": null, "prov": [{"tier": 1, "source": "IAEA NFCFDB facility list export", "record": "Rokkasho Nuclear Fuel Cycle Facilities (MOX Fuel Fabrication Plant)", "url": "https://infcis.iaea.org/NFCFDB/Facilities", "retrieved": "2026-09-22"}], "coord_tier": null, "coord_source": null}}, {"type": "Feature", "geometry": null, "properties": {"id": "NFCFDB:japan:zirco products chofu kita", "name": "Zirco Products Chofu-kita", "country": "Japan", "stage": "materials", "subtype": "Zirconium Alloy Tubing", "fuel_type": null, "status": "Shutdown", "scale": "Commercial", "capacity": "1400 km/year", "start": 2000, "end": null, "prov": [{"tier": 1, "source": "IAEA NFCFDB facility list export", "record": "Zirco Products Chofu-kita", "url": "https://infcis.iaea.org/NFCFDB/Facilities", "retrieved": "2026-09-22"}], "coord_tier": null, "coord_source": null}}, {"type": "Feature", "geometry": null, "properties": {"id": "NFCFDB:japan:zirco products amagasaki", "name": "Zirco Products Amagasaki", "country": "Japan", "stage": "materials", "subtype": "Zirconium Alloy Tubing", "fuel_type": null, "status": "Shutdown", "scale": "Commercial", "capacity": "800 km/year", "start": 2000, "end": 2003, "prov": [{"tier": 1, "source": "IAEA NFCFDB facility list export", "record": "Zirco Products Amagasaki", "url": "https://infcis.iaea.org/NFCFDB/Facilities", "retrieved": "2026-09-22"}], "coord_tier": null, "coord_source": null}}, {"type": "Feature", "geometry": null, "properties": {"id": "NFCFDB:japan:tokai ii site sfsf", "name": "Tokai II NPP Site SFSF", "country": "Japan", "stage": "waste", "subtype": "AFR Dry Spent Fuel Storage", "fuel_type": null, "status": "In Operation", "scale": "Commercial", "capacity": "3714 Cask-Bund.", "start": 2001, "end": null, "prov": [{"tier": 1, "source": "IAEA NFCFDB facility list export", "record": "Tokai II NPP Site SFSF", "url": "https://infcis.iaea.org/NFCFDB/Facilities", "retrieved": "2026-09-22"}], "coord_tier": null, "coord_source": null}}, {"type": "Feature", "geometry": null, "properties": {"id": "NFCFDB:japan:recyclable fuel storage centre", "name": "Recyclable Fuel Storage Centre", "country": "Japan", "stage": "waste", "subtype": "AFR Dry Spent Fuel Storage", "fuel_type": null, "status": "Under Construction", "scale": "Commercial", "capacity": "5000 t U/year", "start": 2023, "end": null, "prov": [{"tier": 1, "source": "IAEA NFCFDB facility list export", "record": "Recyclable Fuel Storage Centre", "url": "https://infcis.iaea.org/NFCFDB/Facilities", "retrieved": "2026-09-22"}], "coord_tier": null, "coord_source": null}}, {"type": "Feature", "geometry": null, "properties": {"id": "NFCFDB:kazakhstan:betpak dala jv llp", "name": "Betpak-Dala JV LLP", "country": "Kazakhstan", "stage": "mining", "subtype": "Uranium Ore Processing", "fuel_type": null, "status": "In Operation", "scale": "Commercial", "capacity": "3000 t U/year", "start": 2004, "end": null, "prov": [{"tier": 1, "source": "IAEA NFCFDB facility list export", "record": "Betpak-Dala JV LLP", "url": "https://infcis.iaea.org/NFCFDB/Facilities", "retrieved": "2026-09-22"}], "coord_tier": null, "coord_source": null}}, {"type": "Feature", "geometry": null, "properties": {"id": "NFCFDB:kazakhstan:stepnogorsky mining and chemical complex smcc", "name": "Stepnogorsky Mining and Chemical Complex (SMCC)", "country": "Kazakhstan", "stage": "mining", "subtype": "Uranium Ore Processing", "fuel_type": null, "status": "In Operation", "scale": "Commercial", "capacity": "3000 t U/year", "start": 1958, "end": null, "prov": [{"tier": 1, "source": "IAEA NFCFDB facility list export", "record": "Stepnogorsky Mining and Chemical Complex (SMCC)", "url": "https://infcis.iaea.org/NFCFDB/Facilities", "retrieved": "2026-09-22"}], "coord_tier": null, "coord_source": null}}, {"type": "Feature", "geometry": null, "properties": {"id": "NFCFDB:kazakhstan:kaskor prikaspisky", "name": "Kaskor (Prikaspisky)", "country": "Kazakhstan", "stage": "other", "subtype": "Uranium Recovery from Phosphates", "fuel_type": null, "status": "Stand By", "scale": "Commercial", "capacity": "1400 t U/year", "start": 1950, "end": 1994, "prov": [{"tier": 1, "source": "IAEA NFCFDB facility list export", "record": "Kaskor (Prikaspisky)", "url": "https://infcis.iaea.org/NFCFDB/Facilities", "retrieved": "2026-09-22"}], "coord_tier": null, "coord_source": null}}, {"type": "Feature", "geometry": null, "properties": {"id": "NFCFDB:kazakhstan:ulba metalurgical ump", "name": "Ulba Metalurgical Plant (UMP)", "country": "Kazakhstan", "stage": "fabrication", "subtype": "Fuel Fabrication (U Pellet, Pin, FA)", "fuel_type": null, "status": "In Operation", "scale": "Commercial", "capacity": "2800 t HM/year", "start": 1949, "end": null, "prov": [{"tier": 1, "source": "IAEA NFCFDB facility list export", "record": "Ulba Metalurgical Plant (UMP)", "url": "https://infcis.iaea.org/NFCFDB/Facilities", "retrieved": "2026-09-22"}], "coord_tier": null, "coord_source": null}}, {"type": "Feature", "geometry": null, "properties": {"id": "NFCFDB:kazakhstan:stepnoye mining group llp", "name": "Stepnoye Mining Group LLP", "country": "Kazakhstan", "stage": "mining", "subtype": "Uranium Ore Processing", "fuel_type": null, "status": "In Operation", "scale": "Commercial", "capacity": "1300 t U/year", "start": 1978, "end": null, "prov": [{"tier": 1, "source": "IAEA NFCFDB facility list export", "record": "Stepnoye Mining Group LLP", "url": "https://infcis.iaea.org/NFCFDB/Facilities", "retrieved": "2026-09-22"}], "coord_tier": null, "coord_source": null}}, {"type": "Feature", "geometry": null, "properties": {"id": "NFCFDB:kazakhstan:mining group 6 llp", "name": "Mining Group 6 LLP", "country": "Kazakhstan", "stage": "mining", "subtype": "Uranium Ore Processing", "fuel_type": null, "status": "In Operation", "scale": "Commercial", "capacity": "1000 t U/year", "start": 1985, "end": null, "prov": [{"tier": 1, "source": "IAEA NFCFDB facility list export", "record": "Mining Group 6 LLP", "url": "https://infcis.iaea.org/NFCFDB/Facilities", "retrieved": "2026-09-22"}], "coord_tier": null, "coord_source": null}}, {"type": "Feature", "geometry": null, "properties": {"id": "NFCFDB:kazakhstan:kaskor mill", "name": "Kaskor Mill", "country": "Kazakhstan", "stage": "mining", "subtype": "Uranium Ore Processing", "fuel_type": null, "status": "Stand By", "scale": "Commercial", "capacity": "2000 t U/year", "start": 1959, "end": 1993, "prov": [{"tier": 1, "source": "IAEA NFCFDB facility list export", "record": "Kaskor Mill", "url": "https://infcis.iaea.org/NFCFDB/Facilities", "retrieved": "2026-09-22"}], "coord_tier": null, "coord_source": null}}, {"type": "Feature", "geometry": null, "properties": {"id": "NFCFDB:kazakhstan:jv inkai", "name": "JV Inkai", "country": "Kazakhstan", "stage": "mining", "subtype": "Uranium Ore Processing", "fuel_type": null, "status": "In Operation", "scale": "Commercial", "capacity": "700 t U/year", "start": 2001, "end": null, "prov": [{"tier": 1, "source": "IAEA NFCFDB facility list export", "record": "JV Inkai", "url": "https://infcis.iaea.org/NFCFDB/Facilities", "retrieved": "2026-09-22"}], "coord_tier": null, "coord_source": null}}, {"type": "Feature", "geometry": null, "properties": {"id": "NFCFDB:kazakhstan:jv katco moynkum", "name": "JV Katco (Moynkum)", "country": "Kazakhstan", "stage": "mining", "subtype": "Uranium Ore Processing", "fuel_type": null, "status": "In Operation", "scale": "Commercial", "capacity": "700 t U/year", "start": 2001, "end": null, "prov": [{"tier": 1, "source": "IAEA NFCFDB facility list export", "record": "JV Katco (Moynkum)", "url": "https://infcis.iaea.org/NFCFDB/Facilities", "retrieved": "2026-09-22"}], "coord_tier": null, "coord_source": null}}, {"type": "Feature", "geometry": null, "properties": {"id": "NFCFDB:kazakhstan:centralnoye taukent", "name": "Centralnoye (Taukent)", "country": "Kazakhstan", "stage": "mining", "subtype": "Uranium Ore Processing", "fuel_type": null, "status": "In Operation", "scale": "Commercial", "capacity": "1000 t U/year", "start": 1982, "end": null, "prov": [{"tier": 1, "source": "IAEA NFCFDB facility list export", "record": "Centralnoye (Taukent)", "url": "https://infcis.iaea.org/NFCFDB/Facilities", "retrieved": "2026-09-22"}], "coord_tier": null, "coord_source": null}}, {"type": "Feature", "geometry": null, "properties": {"id": "NFCFDB:kazakhstan:appak llp", "name": "Appak LLP", "country": "Kazakhstan", "stage": "mining", "subtype": "Uranium Ore Processing", "fuel_type": null, "status": "In Operation", "scale": "Commercial", "capacity": "500 t U/year", "start": 2009, "end": null, "prov": [{"tier": 1, "source": "IAEA NFCFDB facility list export", "record": "Appak LLP", "url": "https://infcis.iaea.org/NFCFDB/Facilities", "retrieved": "2026-09-22"}], "coord_tier": null, "coord_source": null}}, {"type": "Feature", "geometry": null, "properties": {"id": "NFCFDB:kazakhstan:karatau", "name": "Karatau", "country": "Kazakhstan", "stage": "mining", "subtype": "Uranium Ore Processing", "fuel_type": null, "status": "Under Construction", "scale": "Commercial", "capacity": " ", "start": null, "end": null, "prov": [{"tier": 1, "source": "IAEA NFCFDB facility list export", "record": "Karatau", "url": "https://infcis.iaea.org/NFCFDB/Facilities", "retrieved": "2026-09-22"}], "coord_tier": null, "coord_source": null}}, {"type": "Feature", "geometry": null, "properties": {"id": "NFCFDB:kazakhstan:jv zarechnoye", "name": "JV Zarechnoye", "country": "Kazakhstan", "stage": "mining", "subtype": "Uranium Ore Processing", "fuel_type": null, "status": "Under Construction", "scale": "Commercial", "capacity": " ", "start": 2006, "end": null, "prov": [{"tier": 1, "source": "IAEA NFCFDB facility list export", "record": "JV Zarechnoye", "url": "https://infcis.iaea.org/NFCFDB/Facilities", "retrieved": "2026-09-22"}], "coord_tier": null, "coord_source": null}}, {"type": "Feature", "geometry": null, "properties": {"id": "NFCFDB:kazakhstan:kyzilkum llc", "name": "Kyzilkum LLC", "country": "Kazakhstan", "stage": "mining", "subtype": "Uranium Ore Processing", "fuel_type": null, "status": "Under Construction", "scale": "Commercial", "capacity": "1000 t U/year", "start": 2010, "end": null, "prov": [{"tier": 1, "source": "IAEA NFCFDB facility list export", "record": "Kyzilkum LLC", "url": "https://infcis.iaea.org/NFCFDB/Facilities", "retrieved": "2026-09-22"}], "coord_tier": null, "coord_source": null}}, {"type": "Feature", "geometry": null, "properties": {"id": "NFCFDB:kazakhstan:kendala kz jsc", "name": "KenDala.kz JSC", "country": "Kazakhstan", "stage": "mining", "subtype": "Uranium Ore Processing", "fuel_type": null, "status": "In Operation", "scale": "Commercial", "capacity": "1000 t U/year", "start": 2005, "end": null, "prov": [{"tier": 1, "source": "IAEA NFCFDB facility list export", "record": "KenDala.kz JSC", "url": "https://infcis.iaea.org/NFCFDB/Facilities", "retrieved": "2026-09-22"}], "coord_tier": null, "coord_source": null}}, {"type": "Feature", "geometry": null, "properties": {"id": "NFCFDB:kazakhstan:ulba fa", "name": "Ulba-FA Plant", "country": "Kazakhstan", "stage": "fabrication", "subtype": "Fuel Fabrication (U Pellet, Pin, FA)", "fuel_type": "UOX for PWR", "status": "In Operation", "scale": "Commercial", "capacity": "200 t HM/year", "start": 2021, "end": null, "prov": [{"tier": 1, "source": "IAEA NFCFDB facility list export", "record": "Ulba-FA Plant", "url": "https://infcis.iaea.org/NFCFDB/Facilities", "retrieved": "2026-09-22"}], "coord_tier": null, "coord_source": null}}, {"type": "Feature", "geometry": null, "properties": {"id": "NFCFDB:korea republic:uranium re conversion", "name": "Uranium Re-Conversion Facility", "country": "Korea, Republic of", "stage": "conversion", "subtype": "Conversion to UO2", "fuel_type": null, "status": "In Operation", "scale": "Pilot plant", "capacity": "700 t U/year", "start": 1990, "end": null, "prov": [{"tier": 1, "source": "IAEA NFCFDB facility list export", "record": "Uranium Re-Conversion Facility", "url": "https://infcis.iaea.org/NFCFDB/Facilities", "retrieved": "2026-09-22"}], "coord_tier": null, "coord_source": null}}, {"type": "Feature", "geometry": null, "properties": {"id": "NFCFDB:korea republic:candu fuel fabrication 1", "name": "Candu Fuel Fabrication Plant (1)", "country": "Korea, Republic of", "stage": "fabrication", "subtype": "Fuel Fabrication (U Pellet, Pin, FA)", "fuel_type": "Nat U for PHWR", "status": "Shutdown", "scale": "Commercial", "capacity": "100 t HM/year", "start": 1987, "end": 1996, "prov": [{"tier": 1, "source": "IAEA NFCFDB facility list export", "record": "Candu Fuel Fabrication Plant (1)", "url": "https://infcis.iaea.org/NFCFDB/Facilities", "retrieved": "2026-09-22"}], "coord_tier": null, "coord_source": null}}, {"type": "Feature", "geometry": null, "properties": {"id": "NFCFDB:korea republic:pwr fuel fabrication", "name": "PWR Fuel Fabrication Plant", "country": "Korea, Republic of", "stage": "fabrication", "subtype": "Fuel Fabrication (U Pellet, Pin, FA)", "fuel_type": "UOX for PWR", "status": "In Operation", "scale": "Commercial", "capacity": "550 t U/year", "start": 1989, "end": null, "prov": [{"tier": 1, "source": "IAEA NFCFDB facility list export", "record": "PWR Fuel Fabrication Plant", "url": "https://infcis.iaea.org/NFCFDB/Facilities", "retrieved": "2026-09-22"}], "coord_tier": null, "coord_source": null}}, {"type": "Feature", "geometry": null, "properties": {"id": "NFCFDB:korea republic:wolsong dry storage", "name": "Wolsong Dry Storage", "country": "Korea, Republic of", "stage": "waste", "subtype": "AFR Dry Spent Fuel Storage", "fuel_type": "Nat U for PHWR", "status": "In Operation", "scale": "Commercial", "capacity": "6250 t HM", "start": 1992, "end": null, "prov": [{"tier": 1, "source": "IAEA NFCFDB facility list export", "record": "Wolsong Dry Storage", "url": "https://infcis.iaea.org/NFCFDB/Facilities", "retrieved": "2026-09-22"}], "coord_tier": null, "coord_source": null}}, {"type": "Feature", "geometry": null, "properties": {"id": "NFCFDB:korea republic:dupic fuel dev fac dfdf", "name": "DUPIC Fuel Dev. Fac. (DFDF)", "country": "Korea, Republic of", "stage": "fabrication", "subtype": "Fuel Fabrication (U Pellet, Pin, FA)", "fuel_type": "Fuel for DUPIC", "status": "In Operation", "scale": "Laboratory", "capacity": "0.2 t HM/year", "start": 1999, "end": null, "prov": [{"tier": 1, "source": "IAEA NFCFDB facility list export", "record": "DUPIC Fuel Dev. Fac. (DFDF)", "url": "https://infcis.iaea.org/NFCFDB/Facilities", "retrieved": "2026-09-22"}], "coord_tier": null, "coord_source": null}}, {"type": "Feature", "geometry": null, "properties": {"id": "NFCFDB:korea republic:dupic pilot scale", "name": "DUPIC Pilot Scale Facility", "country": "Korea, Republic of", "stage": "fabrication", "subtype": "Fuel Fabrication (U Pellet, Pin, FA)", "fuel_type": "Fuel for DUPIC", "status": "Others", "scale": "Pilot plant", "capacity": "5 t HM/year", "start": null, "end": null, "prov": [{"tier": 1, "source": "IAEA NFCFDB facility list export", "record": "DUPIC Pilot Scale Facility", "url": "https://infcis.iaea.org/NFCFDB/Facilities", "retrieved": "2026-09-22"}], "coord_tier": null, "coord_source": null}}, {"type": "Feature", "geometry": null, "properties": {"id": "NFCFDB:korea republic:phwr fuel fabrication", "name": "PHWR Fuel Fabrication Plant", "country": "Korea, Republic of", "stage": "fabrication", "subtype": "Fuel Fabrication (U Pellet, Pin, FA)", "fuel_type": "Nat U for PHWR", "status": "In Operation", "scale": "Commercial", "capacity": "400 t U/year", "start": 1998, "end": null, "prov": [{"tier": 1, "source": "IAEA NFCFDB facility list export", "record": "PHWR Fuel Fabrication Plant", "url": "https://infcis.iaea.org/NFCFDB/Facilities", "retrieved": "2026-09-22"}], "coord_tier": null, "coord_source": null}}, {"type": "Feature", "geometry": null, "properties": {"id": "NFCFDB:korea republic:advanced spent fuel conditioning process", "name": "Advanced Spent Fuel Conditioning Process Facility", "country": "Korea, Republic of", "stage": "waste", "subtype": "Disposal (HLW)", "fuel_type": "UOX for PWR", "status": "Stand By", "scale": "Laboratory", "capacity": "0.1 t HM", "start": 2009, "end": null, "prov": [{"tier": 1, "source": "IAEA NFCFDB facility list export", "record": "Advanced Spent Fuel Conditioning Process Facility", "url": "https://infcis.iaea.org/NFCFDB/Facilities", "retrieved": "2026-09-22"}], "coord_tier": null, "coord_source": null}}, {"type": "Feature", "geometry": null, "properties": {"id": "NFCFDB:kyrgyzstan:kara balta", "name": "Kara Balta", "country": "Kyrgyzstan", "stage": "mining", "subtype": "Uranium Ore Processing", "fuel_type": null, "status": "In Operation", "scale": "Commercial", "capacity": "2000 t U/year", "start": 1956, "end": null, "prov": [{"tier": 1, "source": "IAEA NFCFDB facility list export", "record": "Kara Balta", "url": "https://infcis.iaea.org/NFCFDB/Facilities", "retrieved": "2026-09-22"}], "coord_tier": null, "coord_source": null}}, {"type": "Feature", "geometry": null, "properties": {"id": "NFCFDB:lithuania:spent fuel storage 1", "name": "Spent Fuel Storage Facility - 1", "country": "Lithuania", "stage": "waste", "subtype": "AFR Dry Spent Fuel Storage", "fuel_type": "Fuel for RBMK/LWGR", "status": "In Operation", "scale": "Commercial", "capacity": "120 Cask-Bund.", "start": 1998, "end": 2058, "prov": [{"tier": 1, "source": "IAEA NFCFDB facility list export", "record": "Spent Fuel Storage Facility - 1", "url": "https://infcis.iaea.org/NFCFDB/Facilities", "retrieved": "2026-09-22"}], "coord_tier": null, "coord_source": null}}, {"type": "Feature", "geometry": null, "properties": {"id": "NFCFDB:lithuania:spent fuel storage 2", "name": "Spent Fuel Storage Facility - 2", "country": "Lithuania", "stage": "waste", "subtype": "AFR Dry Spent Fuel Storage", "fuel_type": "Fuel for RBMK/LWGR", "status": "In Operation", "scale": "Commercial", "capacity": "202 Cask-Bund.", "start": 2017, "end": 2066, "prov": [{"tier": 1, "source": "IAEA NFCFDB facility list export", "record": "Spent Fuel Storage Facility - 2", "url": "https://infcis.iaea.org/NFCFDB/Facilities", "retrieved": "2026-09-22"}], "coord_tier": null, "coord_source": null}}, {"type": "Feature", "geometry": null, "properties": {"id": "NFCFDB:lithuania:solid radioactive waste treatment and storage", "name": "Solid Radioactive Waste Treatment and storage Facility", "country": "Lithuania", "stage": "waste", "subtype": "Disposal (HLW)", "fuel_type": null, "status": "Commissioning", "scale": "Commercial", "capacity": " ", "start": 2017, "end": null, "prov": [{"tier": 1, "source": "IAEA NFCFDB facility list export", "record": "Solid Radioactive Waste Treatment and storage Facility", "url": "https://infcis.iaea.org/NFCFDB/Facilities", "retrieved": "2026-09-22"}], "coord_tier": null, "coord_source": null}}, {"type": "Feature", "geometry": null, "properties": {"id": "NFCFDB:luxembourg:local de collecte de dechets radioactifs lcdr", "name": "Local de collecte de déchets radioactifs (LCDR)", "country": "Luxembourg", "stage": "waste", "subtype": "Other-Waste Management Facilities", "fuel_type": null, "status": "In Operation", "scale": "Commercial", "capacity": " ", "start": null, "end": null, "prov": [{"tier": 1, "source": "IAEA NFCFDB facility list export", "record": "Local de collecte de déchets radioactifs (LCDR)", "url": "https://infcis.iaea.org/NFCFDB/Facilities", "retrieved": "2026-09-22"}], "coord_tier": null, "coord_source": null}}, {"type": "Feature", "geometry": null, "properties": {"id": "NFCFDB:malawi:kayelekera", "name": "Kayelekera", "country": "Malawi", "stage": "mining", "subtype": "Uranium Ore Processing", "fuel_type": null, "status": "In Operation", "scale": "Commercial", "capacity": "1270 t U/year", "start": 2009, "end": null, "prov": [{"tier": 1, "source": "IAEA NFCFDB facility list export", "record": "Kayelekera", "url": "https://infcis.iaea.org/NFCFDB/Facilities", "retrieved": "2026-09-22"}], "coord_tier": null, "coord_source": null}}, {"type": "Feature", "geometry": null, "properties": {"id": "NFCFDB:mexico:uranium concentrates refining pilot pprcu", "name": "Uranium Concentrates Refining Pilot Plant (PPRCU)", "country": "Mexico", "stage": "conversion", "subtype": "Conversion to UO2", "fuel_type": null, "status": "Decommissioned", "scale": "Pilot plant", "capacity": "2.25 t HM/year", "start": 1988, "end": 1990, "prov": [{"tier": 1, "source": "IAEA NFCFDB facility list export", "record": "Uranium Concentrates Refining Pilot Plant (PPRCU)", "url": "https://infcis.iaea.org/NFCFDB/Facilities", "retrieved": "2026-09-22"}], "coord_tier": null, "coord_source": null}}, {"type": "Feature", "geometry": null, "properties": {"id": "NFCFDB:mexico:planta piloto de fabrication de combustible ppfc", "name": "Planta Piloto de Fabrication de Combustible (PPFC)", "country": "Mexico", "stage": "fabrication", "subtype": "Fuel Fabrication (U Pellet, Pin, FA)", "fuel_type": "UOX for PWR, UOX for BWR", "status": "Stand By", "scale": "Pilot plant", "capacity": "20 Elements/year", "start": 1992, "end": null, "prov": [{"tier": 1, "source": "IAEA NFCFDB facility list export", "record": "Planta Piloto de Fabrication de Combustible (PPFC)", "url": "https://infcis.iaea.org/NFCFDB/Facilities", "retrieved": "2026-09-22"}], "coord_tier": null, "coord_source": null}}, {"type": "Feature", "geometry": null, "properties": {"id": "NFCFDB:mexico:planta de beneficio de uranio de villa aldama chi", "name": "Planta de Beneficio de Uranio de Villa Aldama Chi.", "country": "Mexico", "stage": "mining", "subtype": "Uranium Ore Processing", "fuel_type": null, "status": "Decommissioned", "scale": "Commercial", "capacity": "80 t -ore/day", "start": 1969, "end": 1971, "prov": [{"tier": 1, "source": "IAEA NFCFDB facility list export", "record": "Planta de Beneficio de Uranio de Villa Aldama Chi.", "url": "https://infcis.iaea.org/NFCFDB/Facilities", "retrieved": "2026-09-22"}], "coord_tier": null, "coord_source": null}}, {"type": "Feature", "geometry": null, "properties": {"id": "NFCFDB:mexico:planta provisional de fabricacion de combustible", "name": "Planta Provisional de Fabricacion de Combustible", "country": "Mexico", "stage": "fabrication", "subtype": "Fuel Fabrication (U Pellet, Pin, FA)", "fuel_type": null, "status": "Decommissioned", "scale": "Laboratory", "capacity": " t HM/year", "start": 1983, "end": 1990, "prov": [{"tier": 1, "source": "IAEA NFCFDB facility list export", "record": "Planta Provisional de Fabricacion de Combustible", "url": "https://infcis.iaea.org/NFCFDB/Facilities", "retrieved": "2026-09-22"}], "coord_tier": null, "coord_source": null}}, {"type": "Feature", "geometry": null, "properties": {"id": "NFCFDB:mongolia:dornod erdes", "name": "Dornod / Erdes", "country": "Mongolia", "stage": "mining", "subtype": "Uranium Ore Processing", "fuel_type": null, "status": "Stand By", "scale": "Commercial", "capacity": "300 t U/year", "start": 1998, "end": null, "prov": [{"tier": 1, "source": "IAEA NFCFDB facility list export", "record": "Dornod / Erdes", "url": "https://infcis.iaea.org/NFCFDB/Facilities", "retrieved": "2026-09-22"}], "coord_tier": null, "coord_source": null}}, {"type": "Feature", "geometry": null, "properties": {"id": "NFCFDB:morocco:jorf lasfar khouribga", "name": "Jorf Lasfar - Khouribga", "country": "Morocco", "stage": "other", "subtype": "Uranium Recovery from Phosphates", "fuel_type": null, "status": "Others", "scale": "Commercial", "capacity": "370 t U/year", "start": null, "end": null, "prov": [{"tier": 1, "source": "IAEA NFCFDB facility list export", "record": "Jorf Lasfar - Khouribga", "url": "https://infcis.iaea.org/NFCFDB/Facilities", "retrieved": "2026-09-22"}], "coord_tier": null, "coord_source": null}}, {"type": "Feature", "geometry": null, "properties": {"id": "NFCFDB:morocco:safi youssoufia", "name": "Safi - Youssoufia", "country": "Morocco", "stage": "other", "subtype": "Uranium Recovery from Phosphates", "fuel_type": null, "status": "Others", "scale": "Commercial", "capacity": "470 t U/year", "start": null, "end": null, "prov": [{"tier": 1, "source": "IAEA NFCFDB facility list export", "record": "Safi - Youssoufia", "url": "https://infcis.iaea.org/NFCFDB/Facilities", "retrieved": "2026-09-22"}], "coord_tier": null, "coord_source": null}}, {"type": "Feature", "geometry": null, "properties": {"id": "NFCFDB:namibia:rossing", "name": "Rössing", "country": "Namibia", "stage": "mining", "subtype": "Uranium Ore Processing", "fuel_type": null, "status": "In Operation", "scale": "Commercial", "capacity": "1900 t U/year", "start": 1976, "end": null, "prov": [{"tier": 1, "source": "IAEA NFCFDB facility list export", "record": "Rössing", "url": "https://infcis.iaea.org/NFCFDB/Facilities", "retrieved": "2026-09-22"}], "coord_tier": null, "coord_source": null}}, {"type": "Feature", "geometry": null, "properties": {"id": "NFCFDB:namibia:langer heinrich uranium", "name": "Langer Heinrich Uranium", "country": "Namibia", "stage": "mining", "subtype": "Uranium Ore Processing", "fuel_type": null, "status": "Stand By", "scale": "Commercial", "capacity": "2000 t U/year", "start": 2006, "end": null, "prov": [{"tier": 1, "source": "IAEA NFCFDB facility list export", "record": "Langer Heinrich Uranium", "url": "https://infcis.iaea.org/NFCFDB/Facilities", "retrieved": "2026-09-22"}], "coord_tier": null, "coord_source": null}}, {"type": "Feature", "geometry": null, "properties": {"id": "NFCFDB:namibia:husab mine", "name": "Husab mine", "country": "Namibia", "stage": "mining", "subtype": "Uranium Ore Processing", "fuel_type": null, "status": "In Operation", "scale": "Commercial", "capacity": "4400 t U/year", "start": 2014, "end": null, "prov": [{"tier": 1, "source": "IAEA NFCFDB facility list export", "record": "Husab mine", "url": "https://infcis.iaea.org/NFCFDB/Facilities", "retrieved": "2026-09-22"}], "coord_tier": null, "coord_source": null}}, {"type": "Feature", "geometry": null, "properties": {"id": "NFCFDB:namibia:trekkopje mine", "name": "Trekkopje Mine", "country": "Namibia", "stage": "mining", "subtype": "Uranium Ore Processing", "fuel_type": null, "status": "Stand By", "scale": "Commercial", "capacity": "3000 t U/year", "start": 2011, "end": null, "prov": [{"tier": 1, "source": "IAEA NFCFDB facility list export", "record": "Trekkopje Mine", "url": "https://infcis.iaea.org/NFCFDB/Facilities", "retrieved": "2026-09-22"}], "coord_tier": null, "coord_source": null}}, {"type": "Feature", "geometry": null, "properties": {"id": "NFCFDB:namibia:happy valley", "name": "Happy valley", "country": "Namibia", "stage": "mining", "subtype": "Uranium Ore Processing", "fuel_type": null, "status": "Under Construction", "scale": null, "capacity": " ", "start": null, "end": null, "prov": [{"tier": 1, "source": "IAEA NFCFDB facility list export", "record": "Happy valley", "url": "https://infcis.iaea.org/NFCFDB/Facilities", "retrieved": "2026-09-22"}], "coord_tier": null, "coord_source": null}}, {"type": "Feature", "geometry": null, "properties": {"id": "NFCFDB:namibia:norasa uranium project", "name": "Norasa Uranium project", "country": "Namibia", "stage": "mining", "subtype": "Uranium Ore Processing", "fuel_type": null, "status": "Under Construction", "scale": null, "capacity": " ", "start": null, "end": null, "prov": [{"tier": 1, "source": "IAEA NFCFDB facility list export", "record": "Norasa Uranium project", "url": "https://infcis.iaea.org/NFCFDB/Facilities", "retrieved": "2026-09-22"}], "coord_tier": null, "coord_source": null}}, {"type": "Feature", "geometry": null, "properties": {"id": "NFCFDB:netherlands kingdom:urenco nederland", "name": "Urenco Nederland", "country": "Netherlands, Kingdom of the", "stage": "enrichment", "subtype": "Uranium Enrichment", "fuel_type": null, "status": "In Operation", "scale": "Commercial", "capacity": "6200 MTSWU/year", "start": 1973, "end": null, "prov": [{"tier": 1, "source": "IAEA NFCFDB facility list export", "record": "Urenco Nederland", "url": "https://infcis.iaea.org/NFCFDB/Facilities", "retrieved": "2026-09-22"}], "coord_tier": null, "coord_source": null}}, {"type": "Feature", "geometry": null, "properties": {"id": "NFCFDB:netherlands kingdom:covra", "name": "COVRA", "country": "Netherlands, Kingdom of the", "stage": "waste", "subtype": "Disposal (HLW)", "fuel_type": null, "status": "In Operation", "scale": "Commercial", "capacity": " ", "start": 2003, "end": null, "prov": [{"tier": 1, "source": "IAEA NFCFDB facility list export", "record": "COVRA", "url": "https://infcis.iaea.org/NFCFDB/Facilities", "retrieved": "2026-09-22"}], "coord_tier": null, "coord_source": null}}, {"type": "Feature", "geometry": null, "properties": {"id": "NFCFDB:netherlands kingdom:molybdenum production facilities", "name": "Molybdenum production Facilities", "country": "Netherlands, Kingdom of the", "stage": "other", "subtype": "Other-Related Industrial Activities", "fuel_type": "HALEU targets", "status": "In Operation", "scale": "Commercial", "capacity": " ", "start": 1961, "end": null, "prov": [{"tier": 1, "source": "IAEA NFCFDB facility list export", "record": "Molybdenum production Facilities", "url": "https://infcis.iaea.org/NFCFDB/Facilities", "retrieved": "2026-09-22"}], "coord_tier": null, "coord_source": null}}, {"type": "Feature", "geometry": null, "properties": {"id": "NFCFDB:netherlands kingdom:waste storage", "name": "Waste Storage Facility", "country": "Netherlands, Kingdom of the", "stage": "waste", "subtype": "AFR Dry Spent Fuel Storage", "fuel_type": null, "status": "In Operation", "scale": null, "capacity": " ", "start": 1961, "end": null, "prov": [{"tier": 1, "source": "IAEA NFCFDB facility list export", "record": "Waste Storage Facility", "url": "https://infcis.iaea.org/NFCFDB/Facilities", "retrieved": "2026-09-22"}], "coord_tier": null, "coord_source": null}}, {"type": "Feature", "geometry": null, "properties": {"id": "NFCFDB:niger:cominak", "name": "COMINAK", "country": "Niger", "stage": "mining", "subtype": "Uranium Ore Processing", "fuel_type": null, "status": "Decommissioning", "scale": "Commercial", "capacity": "2300 t U/year", "start": 1978, "end": null, "prov": [{"tier": 1, "source": "IAEA NFCFDB facility list export", "record": "COMINAK", "url": "https://infcis.iaea.org/NFCFDB/Facilities", "retrieved": "2026-09-22"}], "coord_tier": null, "coord_source": null}}, {"type": "Feature", "geometry": null, "properties": {"id": "NFCFDB:niger:somair", "name": "SOMAIR", "country": "Niger", "stage": "mining", "subtype": "Uranium Ore Processing", "fuel_type": null, "status": "In Operation", "scale": "Commercial", "capacity": "1500 t U/year", "start": 1970, "end": null, "prov": [{"tier": 1, "source": "IAEA NFCFDB facility list export", "record": "SOMAIR", "url": "https://infcis.iaea.org/NFCFDB/Facilities", "retrieved": "2026-09-22"}], "coord_tier": null, "coord_source": null}}, {"type": "Feature", "geometry": null, "properties": {"id": "NFCFDB:norway:rjukan", "name": "Rjukan", "country": "Norway", "stage": "heavy-water", "subtype": "Heavy Water Production", "fuel_type": null, "status": "Shutdown", "scale": "Commercial", "capacity": "2 t/year", "start": 1980, "end": 1991, "prov": [{"tier": 1, "source": "IAEA NFCFDB facility list export", "record": "Rjukan", "url": "https://infcis.iaea.org/NFCFDB/Facilities", "retrieved": "2026-09-22"}], "coord_tier": null, "coord_source": null}}, {"type": "Feature", "geometry": null, "properties": {"id": "NFCFDB:norway:pilot uranium reprocessing", "name": "Pilot Uranium Reprocessing Plant", "country": "Norway", "stage": "reprocessing", "subtype": "Spent Fuel Reprocessing - aqueous route", "fuel_type": null, "status": "Decommissioned", "scale": "Pilot plant", "capacity": "0 t HM/year", "start": 1961, "end": 1968, "prov": [{"tier": 1, "source": "IAEA NFCFDB facility list export", "record": "Pilot Uranium Reprocessing Plant", "url": "https://infcis.iaea.org/NFCFDB/Facilities", "retrieved": "2026-09-22"}], "coord_tier": null, "coord_source": null}}, {"type": "Feature", "geometry": null, "properties": {"id": "NFCFDB:norway:fuel fabrication", "name": "Fuel Fabrication Plant", "country": "Norway", "stage": "fabrication", "subtype": "Fuel Fabrication (U Pellet, Pin, FA)", "fuel_type": "UOX for PWR", "status": "In Operation", "scale": "Pilot plant", "capacity": "0.3 t HM/year", "start": 1965, "end": null, "prov": [{"tier": 1, "source": "IAEA NFCFDB facility list export", "record": "Fuel Fabrication Plant", "url": "https://infcis.iaea.org/NFCFDB/Facilities", "retrieved": "2026-09-22"}], "coord_tier": null, "coord_source": null}}, {"type": "Feature", "geometry": null, "properties": {"id": "NFCFDB:portugal:nisa", "name": "NISA", "country": "Portugal", "stage": "mining", "subtype": "Uranium Ore Processing", "fuel_type": null, "status": "Others", "scale": "Commercial", "capacity": "160 t U/year", "start": null, "end": null, "prov": [{"tier": 1, "source": "IAEA NFCFDB facility list export", "record": "NISA", "url": "https://infcis.iaea.org/NFCFDB/Facilities", "retrieved": "2026-09-22"}], "coord_tier": null, "coord_source": null}}, {"type": "Feature", "geometry": null, "properties": {"id": "NFCFDB:portugal:urgeirica", "name": "Urgeirica", "country": "Portugal", "stage": "mining", "subtype": "Uranium Ore Processing", "fuel_type": null, "status": "Shutdown", "scale": "Commercial", "capacity": "170 t U/year", "start": 1951, "end": 1991, "prov": [{"tier": 1, "source": "IAEA NFCFDB facility list export", "record": "Urgeirica", "url": "https://infcis.iaea.org/NFCFDB/Facilities", "retrieved": "2026-09-22"}], "coord_tier": null, "coord_source": null}}, {"type": "Feature", "geometry": null, "properties": {"id": "NFCFDB:portugal:oficina de tratamento quim", "name": "Oficina De Tratamento Quim.", "country": "Portugal", "stage": "mining", "subtype": "Uranium Ore Processing", "fuel_type": null, "status": "Shutdown", "scale": "Commercial", "capacity": "50 t U/year", "start": 1951, "end": 2001, "prov": [{"tier": 1, "source": "IAEA NFCFDB facility list export", "record": "Oficina De Tratamento Quim.", "url": "https://infcis.iaea.org/NFCFDB/Facilities", "retrieved": "2026-09-22"}], "coord_tier": null, "coord_source": null}}, {"type": "Feature", "geometry": null, "properties": {"id": "NFCFDB:portugal:mina de castelejo", "name": "Mina De Castelejo", "country": "Portugal", "stage": "mining", "subtype": "Uranium Ore Processing", "fuel_type": null, "status": "Shutdown", "scale": "Commercial", "capacity": "24 t U/year", "start": 1977, "end": 1994, "prov": [{"tier": 1, "source": "IAEA NFCFDB facility list export", "record": "Mina De Castelejo", "url": "https://infcis.iaea.org/NFCFDB/Facilities", "retrieved": "2026-09-22"}], "coord_tier": null, "coord_source": null}}, {"type": "Feature", "geometry": null, "properties": {"id": "NFCFDB:portugal:mina da quinta do bispo", "name": "Mina Da Quinta Do Bispo", "country": "Portugal", "stage": "mining", "subtype": "Uranium Ore Processing", "fuel_type": null, "status": "Shutdown", "scale": "Commercial", "capacity": "22 t U/year", "start": 1979, "end": 2000, "prov": [{"tier": 1, "source": "IAEA NFCFDB facility list export", "record": "Mina Da Quinta Do Bispo", "url": "https://infcis.iaea.org/NFCFDB/Facilities", "retrieved": "2026-09-22"}], "coord_tier": null, "coord_source": null}}, {"type": "Feature", "geometry": null, "properties": {"id": "NFCFDB:portugal:mina cunha baixa", "name": "Mina Cunha Baixa", "country": "Portugal", "stage": "mining", "subtype": "Uranium Ore Processing", "fuel_type": null, "status": "Shutdown", "scale": "Commercial", "capacity": "12 t U/year", "start": 1968, "end": 1991, "prov": [{"tier": 1, "source": "IAEA NFCFDB facility list export", "record": "Mina Cunha Baixa", "url": "https://infcis.iaea.org/NFCFDB/Facilities", "retrieved": "2026-09-22"}], "coord_tier": null, "coord_source": null}}, {"type": "Feature", "geometry": null, "properties": {"id": "NFCFDB:portugal:mina da bica", "name": "Mina Da Bica", "country": "Portugal", "stage": "mining", "subtype": "Uranium Ore Processing", "fuel_type": null, "status": "Shutdown", "scale": "Commercial", "capacity": "6 t U/year", "start": 1951, "end": 1998, "prov": [{"tier": 1, "source": "IAEA NFCFDB facility list export", "record": "Mina Da Bica", "url": "https://infcis.iaea.org/NFCFDB/Facilities", "retrieved": "2026-09-22"}], "coord_tier": null, "coord_source": null}}, {"type": "Feature", "geometry": null, "properties": {"id": "NFCFDB:portugal:mina senhora das fontes", "name": "Mina Senhora Das Fontes", "country": "Portugal", "stage": "mining", "subtype": "Uranium Ore Processing", "fuel_type": null, "status": "Shutdown", "scale": "Pilot plant", "capacity": "4 t U/year", "start": 1956, "end": 1982, "prov": [{"tier": 1, "source": "IAEA NFCFDB facility list export", "record": "Mina Senhora Das Fontes", "url": "https://infcis.iaea.org/NFCFDB/Facilities", "retrieved": "2026-09-22"}], "coord_tier": null, "coord_source": null}}, {"type": "Feature", "geometry": null, "properties": {"id": "NFCFDB:portugal:mina de sevilha", "name": "Mina De Sevilha", "country": "Portugal", "stage": "mining", "subtype": "Uranium Ore Processing", "fuel_type": null, "status": "Shutdown", "scale": "Commercial", "capacity": " t U/year", "start": 1998, "end": 1999, "prov": [{"tier": 1, "source": "IAEA NFCFDB facility list export", "record": "Mina De Sevilha", "url": "https://infcis.iaea.org/NFCFDB/Facilities", "retrieved": "2026-09-22"}], "coord_tier": null, "coord_source": null}}, {"type": "Feature", "geometry": null, "properties": {"id": "NFCFDB:romania:fuel subsidiary pitesti fcn pitesti", "name": "Nuclear Fuel Plant  Subsidiary Pitesti (FCN Pitesti)", "country": "Romania", "stage": "fabrication", "subtype": "Fuel Fabrication (U Pellet, Pin, FA)", "fuel_type": "Nat U for PHWR", "status": "In Operation", "scale": "Commercial", "capacity": "200 t HM/year", "start": 1980, "end": null, "prov": [{"tier": 1, "source": "IAEA NFCFDB facility list export", "record": "Nuclear Fuel Plant  Subsidiary Pitesti (FCN Pitesti)", "url": "https://infcis.iaea.org/NFCFDB/Facilities", "retrieved": "2026-09-22"}], "coord_tier": null, "coord_source": null}}, {"type": "Feature", "geometry": null, "properties": {"id": "NFCFDB:romania:feldioara branch", "name": "Feldioara Branch", "country": "Romania", "stage": "mining", "subtype": "Uranium Ore Processing", "fuel_type": null, "status": "Others", "scale": "Commercial", "capacity": "300 t U/year", "start": 1978, "end": null, "prov": [{"tier": 1, "source": "IAEA NFCFDB facility list export", "record": "Feldioara Branch", "url": "https://infcis.iaea.org/NFCFDB/Facilities", "retrieved": "2026-09-22"}], "coord_tier": null, "coord_source": null}}, {"type": "Feature", "geometry": null, "properties": {"id": "NFCFDB:romania:romag prod heavy water", "name": "Romag-PROD Heavy Water Plant", "country": "Romania", "stage": "heavy-water", "subtype": "Heavy Water Production", "fuel_type": null, "status": "Others", "scale": "Commercial", "capacity": "360 t/year", "start": 1988, "end": null, "prov": [{"tier": 1, "source": "IAEA NFCFDB facility list export", "record": "Romag-PROD Heavy Water Plant", "url": "https://infcis.iaea.org/NFCFDB/Facilities", "retrieved": "2026-09-22"}], "coord_tier": null, "coord_source": null}}, {"type": "Feature", "geometry": null, "properties": {"id": "NFCFDB:romania:dry storage wrmg", "name": "Dry Storage Facility (WRMG)", "country": "Romania", "stage": "waste", "subtype": "AFR Dry Spent Fuel Storage", "fuel_type": null, "status": "In Operation", "scale": "Commercial", "capacity": "108000 Bundle/year", "start": 2003, "end": null, "prov": [{"tier": 1, "source": "IAEA NFCFDB facility list export", "record": "Dry Storage Facility (WRMG)", "url": "https://infcis.iaea.org/NFCFDB/Facilities", "retrieved": "2026-09-22"}], "coord_tier": null, "coord_source": null}}, {"type": "Feature", "geometry": null, "properties": {"id": "NFCFDB:romania:suceava branch", "name": "Suceava Branch", "country": "Romania", "stage": "mining", "subtype": "Uranium Mining", "fuel_type": null, "status": "Decommissioning", "scale": "Commercial", "capacity": "410 t -ore/day", "start": 1983, "end": null, "prov": [{"tier": 1, "source": "IAEA NFCFDB facility list export", "record": "Suceava Branch", "url": "https://infcis.iaea.org/NFCFDB/Facilities", "retrieved": "2026-09-22"}], "coord_tier": null, "coord_source": null}}, {"type": "Feature", "geometry": null, "properties": {"id": "NFCFDB:romania:bihor branch", "name": "Bihor Branch", "country": "Romania", "stage": "mining", "subtype": "Uranium Mining", "fuel_type": null, "status": "Decommissioning", "scale": "Commercial", "capacity": "510 t -ore/day", "start": 1952, "end": 2008, "prov": [{"tier": 1, "source": "IAEA NFCFDB facility list export", "record": "Bihor Branch", "url": "https://infcis.iaea.org/NFCFDB/Facilities", "retrieved": "2026-09-22"}], "coord_tier": null, "coord_source": null}}, {"type": "Feature", "geometry": null, "properties": {"id": "NFCFDB:romania:raten institute raten icn pitesi", "name": "RATEN Institute of Nuclear Research(RATEN ICN Pitesi)", "country": "Romania", "stage": "fabrication", "subtype": "Fuel Fabrication (Research Reactors)", "fuel_type": null, "status": "In Operation", "scale": "Laboratory", "capacity": "10 Elements/year", "start": 1971, "end": null, "prov": [{"tier": 1, "source": "IAEA NFCFDB facility list export", "record": "RATEN Institute of Nuclear Research(RATEN ICN Pitesi)", "url": "https://infcis.iaea.org/NFCFDB/Facilities", "retrieved": "2026-09-22"}], "coord_tier": null, "coord_source": null}}, {"type": "Feature", "geometry": null, "properties": {"id": "NFCFDB:romania:oravita subsidiary", "name": "Oravita subsidiary", "country": "Romania", "stage": "mining", "subtype": "Uranium Ore Processing", "fuel_type": null, "status": "Decommissioning", "scale": "Commercial", "capacity": " ", "start": 1956, "end": 2000, "prov": [{"tier": 1, "source": "IAEA NFCFDB facility list export", "record": "Oravita subsidiary", "url": "https://infcis.iaea.org/NFCFDB/Facilities", "retrieved": "2026-09-22"}], "coord_tier": null, "coord_source": null}}, {"type": "Feature", "geometry": null, "properties": {"id": "NFCFDB:romania:feldioara uranium cocentrates processing", "name": "Feldioara Uranium Cocentrates Processing Plant", "country": "Romania", "stage": "conversion", "subtype": "Conversion to UO2", "fuel_type": "Others", "status": "In Operation", "scale": "Commercial", "capacity": " ", "start": 2023, "end": null, "prov": [{"tier": 1, "source": "IAEA NFCFDB facility list export", "record": "Feldioara Uranium Cocentrates Processing Plant", "url": "https://infcis.iaea.org/NFCFDB/Facilities", "retrieved": "2026-09-22"}], "coord_tier": null, "coord_source": null}}, {"type": "Feature", "geometry": null, "properties": {"id": "NFCFDB:russian federation:machine building jsc msz wwer", "name": "Machine - Building Plant, JSC MSZ (WWER)", "country": "Russian Federation", "stage": "fabrication", "subtype": "Fuel Fabrication (U Pellet, Pin, FA)", "fuel_type": "UOX for PWR, UOX for VVER", "status": "In Operation", "scale": "Commercial", "capacity": "1100 t U/year", "start": 1965, "end": null, "prov": [{"tier": 1, "source": "IAEA NFCFDB facility list export", "record": "Machine - Building Plant, JSC MSZ (WWER)", "url": "https://infcis.iaea.org/NFCFDB/Facilities", "retrieved": "2026-09-22"}], "coord_tier": null, "coord_source": null}}, {"type": "Feature", "geometry": null, "properties": {"id": "NFCFDB:russian federation:leningrad site", "name": "Leningrad NPP Site", "country": "Russian Federation", "stage": "waste", "subtype": "AFR Wet Spent Fuel Storage (Pool)", "fuel_type": null, "status": "In Operation", "scale": "Commercial", "capacity": "4000 t HM", "start": 1984, "end": null, "prov": [{"tier": 1, "source": "IAEA NFCFDB facility list export", "record": "Leningrad NPP Site", "url": "https://infcis.iaea.org/NFCFDB/Facilities", "retrieved": "2026-09-22"}], "coord_tier": null, "coord_source": null}}, {"type": "Feature", "geometry": null, "properties": {"id": "NFCFDB:russian federation:novovoronezh site", "name": "Novovoronezh NPP Site", "country": "Russian Federation", "stage": "waste", "subtype": "AFR Wet Spent Fuel Storage (Pool)", "fuel_type": null, "status": "In Operation", "scale": "Commercial", "capacity": "400 t HM", "start": 1986, "end": null, "prov": [{"tier": 1, "source": "IAEA NFCFDB facility list export", "record": "Novovoronezh NPP Site", "url": "https://infcis.iaea.org/NFCFDB/Facilities", "retrieved": "2026-09-22"}], "coord_tier": null, "coord_source": null}}, {"type": "Feature", "geometry": null, "properties": {"id": "NFCFDB:russian federation:machine building jsc msz fbr", "name": "Machine - Building Plant ,JSC MSZ (FBR)", "country": "Russian Federation", "stage": "fabrication", "subtype": "Fuel Fabrication (U Pellet, Pin, FA)", "fuel_type": "Fuel for FBR", "status": "In Operation", "scale": "Commercial", "capacity": "50 t HM/year", "start": 1965, "end": null, "prov": [{"tier": 1, "source": "IAEA NFCFDB facility list export", "record": "Machine - Building Plant ,JSC MSZ (FBR)", "url": "https://infcis.iaea.org/NFCFDB/Facilities", "retrieved": "2026-09-22"}], "coord_tier": null, "coord_source": null}}, {"type": "Feature", "geometry": null, "properties": {"id": "NFCFDB:russian federation:ural electrochemical intergrated jsc ueip", "name": "Ural Electrochemical Intergrated Plant, JSC UEIP", "country": "Russian Federation", "stage": "enrichment", "subtype": "Uranium Enrichment", "fuel_type": null, "status": "In Operation", "scale": "Commercial", "capacity": " ", "start": 1949, "end": null, "prov": [{"tier": 1, "source": "IAEA NFCFDB facility list export", "record": "Ural Electrochemical Intergrated Plant, JSC UEIP", "url": "https://infcis.iaea.org/NFCFDB/Facilities", "retrieved": "2026-09-22"}], "coord_tier": null, "coord_source": null}}, {"type": "Feature", "geometry": null, "properties": {"id": "NFCFDB:russian federation:rt 1", "name": "RT-1 Plant", "country": "Russian Federation", "stage": "reprocessing", "subtype": "Spent Fuel Reprocessing - aqueous route", "fuel_type": null, "status": "In Operation", "scale": "Commercial", "capacity": "400 t U/year", "start": 1977, "end": null, "prov": [{"tier": 1, "source": "IAEA NFCFDB facility list export", "record": "RT-1 Plant", "url": "https://infcis.iaea.org/NFCFDB/Facilities", "retrieved": "2026-09-22"}], "coord_tier": null, "coord_source": null}}, {"type": "Feature", "geometry": null, "properties": {"id": "NFCFDB:russian federation:high capacity snf reprocessing", "name": "High Capacity Plant (SNF reprocessing)", "country": "Russian Federation", "stage": "reprocessing", "subtype": "Spent Fuel Reprocessing - aqueous route", "fuel_type": null, "status": "Others", "scale": "Commercial", "capacity": "800 t HM/year", "start": 2035, "end": null, "prov": [{"tier": 1, "source": "IAEA NFCFDB facility list export", "record": "High Capacity Plant (SNF reprocessing)", "url": "https://infcis.iaea.org/NFCFDB/Facilities", "retrieved": "2026-09-22"}], "coord_tier": null, "coord_source": null}}, {"type": "Feature", "geometry": null, "properties": {"id": "NFCFDB:russian federation:kursk site", "name": "Kursk NPP Site", "country": "Russian Federation", "stage": "waste", "subtype": "AFR Wet Spent Fuel Storage (Pool)", "fuel_type": null, "status": "In Operation", "scale": "Commercial", "capacity": "2000 t HM", "start": 1986, "end": null, "prov": [{"tier": 1, "source": "IAEA NFCFDB facility list export", "record": "Kursk NPP Site", "url": "https://infcis.iaea.org/NFCFDB/Facilities", "retrieved": "2026-09-22"}], "coord_tier": null, "coord_source": null}}, {"type": "Feature", "geometry": null, "properties": {"id": "NFCFDB:russian federation:smolensk site", "name": "Smolensk NPP Site", "country": "Russian Federation", "stage": "waste", "subtype": "AFR Wet Spent Fuel Storage (Pool)", "fuel_type": null, "status": "In Operation", "scale": "Commercial", "capacity": "2000 t HM", "start": 1996, "end": null, "prov": [{"tier": 1, "source": "IAEA NFCFDB facility list export", "record": "Smolensk NPP Site", "url": "https://infcis.iaea.org/NFCFDB/Facilities", "retrieved": "2026-09-22"}], "coord_tier": null, "coord_source": null}}, {"type": "Feature", "geometry": null, "properties": {"id": "NFCFDB:russian federation:vver 1000 snf wet storage", "name": "VVER-1000 SNF wet storage facility", "country": "Russian Federation", "stage": "waste", "subtype": "AFR Wet Spent Fuel Storage (Pool)", "fuel_type": null, "status": "In Operation", "scale": "Commercial", "capacity": "7600 t HM", "start": 1985, "end": null, "prov": [{"tier": 1, "source": "IAEA NFCFDB facility list export", "record": "VVER-1000 SNF wet storage facility", "url": "https://infcis.iaea.org/NFCFDB/Facilities", "retrieved": "2026-09-22"}], "coord_tier": null, "coord_source": null}}, {"type": "Feature", "geometry": null, "properties": {"id": "NFCFDB:russian federation:priargunski krasnokamensk", "name": "Priargunski / Krasnokamensk", "country": "Russian Federation", "stage": "mining", "subtype": "Uranium Ore Processing", "fuel_type": null, "status": "In Operation", "scale": "Commercial", "capacity": "3500 t U/year", "start": 1968, "end": null, "prov": [{"tier": 1, "source": "IAEA NFCFDB facility list export", "record": "Priargunski / Krasnokamensk", "url": "https://infcis.iaea.org/NFCFDB/Facilities", "retrieved": "2026-09-22"}], "coord_tier": null, "coord_source": null}}, {"type": "Feature", "geometry": null, "properties": {"id": "NFCFDB:russian federation:electrochemical jsc enrichment ecp jsc", "name": "Electrochemical Plant, JSC (Enrichment) ECP, JSC", "country": "Russian Federation", "stage": "enrichment", "subtype": "Uranium Enrichment", "fuel_type": null, "status": "In Operation", "scale": "Commercial", "capacity": " MTSWU/year", "start": 1964, "end": null, "prov": [{"tier": 1, "source": "IAEA NFCFDB facility list export", "record": "Electrochemical Plant, JSC (Enrichment) ECP, JSC", "url": "https://infcis.iaea.org/NFCFDB/Facilities", "retrieved": "2026-09-22"}], "coord_tier": null, "coord_source": null}}, {"type": "Feature", "geometry": null, "properties": {"id": "NFCFDB:russian federation:siberian chemical enrichment scp jsc", "name": "Siberian Chemical Plant (Enrichment), SCP JSC", "country": "Russian Federation", "stage": "enrichment", "subtype": "Uranium Enrichment", "fuel_type": null, "status": "In Operation", "scale": "Commercial", "capacity": "4000 MTSWU/year", "start": 1953, "end": null, "prov": [{"tier": 1, "source": "IAEA NFCFDB facility list export", "record": "Siberian Chemical Plant (Enrichment), SCP JSC", "url": "https://infcis.iaea.org/NFCFDB/Facilities", "retrieved": "2026-09-22"}], "coord_tier": null, "coord_source": null}}, {"type": "Feature", "geometry": null, "properties": {"id": "NFCFDB:russian federation:angarsk electrolysis chemical complex enrichment jsc aecc", "name": "Angarsk Electrolysis Chemical Complex (Enrichment), JSC AECC", "country": "Russian Federation", "stage": "enrichment", "subtype": "Uranium Enrichment", "fuel_type": null, "status": "In Operation", "scale": "Commercial", "capacity": "1000 MTSWU/year", "start": 1954, "end": null, "prov": [{"tier": 1, "source": "IAEA NFCFDB facility list export", "record": "Angarsk Electrolysis Chemical Complex (Enrichment), JSC AECC", "url": "https://infcis.iaea.org/NFCFDB/Facilities", "retrieved": "2026-09-22"}], "coord_tier": null, "coord_source": null}}, {"type": "Feature", "geometry": null, "properties": {"id": "NFCFDB:russian federation:angarsk elecrolysis chemical complex conversion jsc aecc", "name": "Angarsk Elecrolysis Chemical Complex (Conversion), JSC AECC", "country": "Russian Federation", "stage": "conversion", "subtype": "Conversion to UF6", "fuel_type": null, "status": "Shutdown", "scale": "Commercial", "capacity": "20000 t HM/year", "start": 1954, "end": null, "prov": [{"tier": 1, "source": "IAEA NFCFDB facility list export", "record": "Angarsk Elecrolysis Chemical Complex (Conversion), JSC AECC", "url": "https://infcis.iaea.org/NFCFDB/Facilities", "retrieved": "2026-09-22"}], "coord_tier": null, "coord_source": null}}, {"type": "Feature", "geometry": null, "properties": {"id": "NFCFDB:russian federation:machine building jsc msz rbmk", "name": "Machine - Building Plant, JSC MSZ (RBMK)", "country": "Russian Federation", "stage": "fabrication", "subtype": "Fuel Fabrication (U Pellet, Pin, FA)", "fuel_type": "Fuel for RBMK/LWGR", "status": "In Operation", "scale": "Commercial", "capacity": "460 t U/year", "start": 1965, "end": null, "prov": [{"tier": 1, "source": "IAEA NFCFDB facility list export", "record": "Machine - Building Plant, JSC MSZ (RBMK)", "url": "https://infcis.iaea.org/NFCFDB/Facilities", "retrieved": "2026-09-22"}], "coord_tier": null, "coord_source": null}}, {"type": "Feature", "geometry": null, "properties": {"id": "NFCFDB:russian federation:chepetski machine jsc", "name": "Chepetski Machine Plant, JSC", "country": "Russian Federation", "stage": "materials", "subtype": "Zirconium Alloy Tubing", "fuel_type": null, "status": "In Operation", "scale": "Commercial", "capacity": "650 t/year", "start": 1951, "end": null, "prov": [{"tier": 1, "source": "IAEA NFCFDB facility list export", "record": "Chepetski Machine Plant, JSC", "url": "https://infcis.iaea.org/NFCFDB/Facilities", "retrieved": "2026-09-22"}], "coord_tier": null, "coord_source": null}}, {"type": "Feature", "geometry": null, "properties": {"id": "NFCFDB:russian federation:novosibirsk chemical concentrates jcs nccp assembly", "name": "Novosibirsk Chemical Concentrates Plant, JCS NCCP (Assembly)", "country": "Russian Federation", "stage": "fabrication", "subtype": "Fuel Fabrication (U Pellet, Pin, FA)", "fuel_type": "UOX for VVER", "status": "In Operation", "scale": "Commercial", "capacity": "1200 t HM/year", "start": 1979, "end": null, "prov": [{"tier": 1, "source": "IAEA NFCFDB facility list export", "record": "Novosibirsk Chemical Concentrates Plant, JCS NCCP (Assembly)", "url": "https://infcis.iaea.org/NFCFDB/Facilities", "retrieved": "2026-09-22"}], "coord_tier": null, "coord_source": null}}, {"type": "Feature", "geometry": null, "properties": {"id": "NFCFDB:russian federation:rt 1 mayak reprocessing site", "name": "RT-1, Mayak, Reprocessing Plant Site", "country": "Russian Federation", "stage": "waste", "subtype": "AFR Wet Spent Fuel Storage (Pool)", "fuel_type": null, "status": "In Operation", "scale": "Commercial", "capacity": "560 t HM", "start": 1975, "end": null, "prov": [{"tier": 1, "source": "IAEA NFCFDB facility list export", "record": "RT-1, Mayak, Reprocessing Plant Site", "url": "https://infcis.iaea.org/NFCFDB/Facilities", "retrieved": "2026-09-22"}], "coord_tier": null, "coord_source": null}}, {"type": "Feature", "geometry": null, "properties": {"id": "NFCFDB:russian federation:mayak paket", "name": "Mayak - Paket", "country": "Russian Federation", "stage": "fabrication", "subtype": "MOX fuel fabrication (Mox Powder, Pellet, Pin, FA)", "fuel_type": null, "status": "In Operation", "scale": "Pilot plant", "capacity": "0.5 t HM/year", "start": 1980, "end": null, "prov": [{"tier": 1, "source": "IAEA NFCFDB facility list export", "record": "Mayak - Paket", "url": "https://infcis.iaea.org/NFCFDB/Facilities", "retrieved": "2026-09-22"}], "coord_tier": null, "coord_source": null}}, {"type": "Feature", "geometry": null, "properties": {"id": "NFCFDB:russian federation:riar institute atomic reactors", "name": "RIAR (Research Institute of Atomic Reactors)", "country": "Russian Federation", "stage": "fabrication", "subtype": "MOX fuel fabrication (Mox Powder, Pellet, Pin, FA)", "fuel_type": null, "status": "In Operation", "scale": "Pilot plant", "capacity": "1 t HM/year", "start": 1975, "end": null, "prov": [{"tier": 1, "source": "IAEA NFCFDB facility list export", "record": "RIAR (Research Institute of Atomic Reactors)", "url": "https://infcis.iaea.org/NFCFDB/Facilities", "retrieved": "2026-09-22"}], "coord_tier": null, "coord_source": null}}, {"type": "Feature", "geometry": null, "properties": {"id": "NFCFDB:russian federation:dalur", "name": "Dalur", "country": "Russian Federation", "stage": "mining", "subtype": "Uranium Ore Processing", "fuel_type": null, "status": "In Operation", "scale": "Commercial", "capacity": "800 t U/year", "start": 2002, "end": null, "prov": [{"tier": 1, "source": "IAEA NFCFDB facility list export", "record": "Dalur", "url": "https://infcis.iaea.org/NFCFDB/Facilities", "retrieved": "2026-09-22"}], "coord_tier": null, "coord_source": null}}, {"type": "Feature", "geometry": null, "properties": {"id": "NFCFDB:russian federation:khiagda", "name": "Khiagda", "country": "Russian Federation", "stage": "mining", "subtype": "Uranium Ore Processing", "fuel_type": null, "status": "Under Construction", "scale": "Commercial", "capacity": "1800 t U/year", "start": 2011, "end": null, "prov": [{"tier": 1, "source": "IAEA NFCFDB facility list export", "record": "Khiagda", "url": "https://infcis.iaea.org/NFCFDB/Facilities", "retrieved": "2026-09-22"}], "coord_tier": null, "coord_source": null}}, {"type": "Feature", "geometry": null, "properties": {"id": "NFCFDB:russian federation:riar institute atomic reactors", "name": "RIAR (Research Institute of Atomic Reactors)", "country": "Russian Federation", "stage": "reprocessing", "subtype": "Spent Fuel Reprocessing - aqueous route", "fuel_type": null, "status": "In Operation", "scale": "Pilot plant", "capacity": "1 t HM/year", "start": 1965, "end": null, "prov": [{"tier": 1, "source": "IAEA NFCFDB facility list export", "record": "RIAR (Research Institute of Atomic Reactors)", "url": "https://infcis.iaea.org/NFCFDB/Facilities", "retrieved": "2026-09-22"}], "coord_tier": null, "coord_source": null}}, {"type": "Feature", "geometry": null, "properties": {"id": "NFCFDB:russian federation:siberian chemical conversion scp jsc", "name": "Siberian Chemical Plant (Conversion), SCP JSC", "country": "Russian Federation", "stage": "conversion", "subtype": "Conversion to UF6", "fuel_type": null, "status": "In Operation", "scale": "Commercial", "capacity": "10000 t HM/year", "start": 1953, "end": null, "prov": [{"tier": 1, "source": "IAEA NFCFDB facility list export", "record": "Siberian Chemical Plant (Conversion), SCP JSC", "url": "https://infcis.iaea.org/NFCFDB/Facilities", "retrieved": "2026-09-22"}], "coord_tier": null, "coord_source": null}}, {"type": "Feature", "geometry": null, "properties": {"id": "NFCFDB:russian federation:machine building jsc msz lwr", "name": "Machine Building Plant, JSC MSZ (LWR)", "country": "Russian Federation", "stage": "fabrication", "subtype": "Fuel Fabrication (U Pellet, Pin, FA)", "fuel_type": null, "status": "In Operation", "scale": "Commercial", "capacity": "1100 t U/year", "start": 1965, "end": null, "prov": [{"tier": 1, "source": "IAEA NFCFDB facility list export", "record": "Machine Building Plant, JSC MSZ (LWR)", "url": "https://infcis.iaea.org/NFCFDB/Facilities", "retrieved": "2026-09-22"}], "coord_tier": null, "coord_source": null}}, {"type": "Feature", "geometry": null, "properties": {"id": "NFCFDB:russian federation:novosibirsk chemical concentrates jsc nccp", "name": "Novosibirsk Chemical Concentrates Plant, JSC NCCP", "country": "Russian Federation", "stage": "fabrication", "subtype": "Fuel Fabrication (U Pellet, Pin, FA)", "fuel_type": "UOX for PWR, UOX for VVER", "status": "In Operation", "scale": "Commercial", "capacity": "1200 t U/year", "start": 1979, "end": null, "prov": [{"tier": 1, "source": "IAEA NFCFDB facility list export", "record": "Novosibirsk Chemical Concentrates Plant, JSC NCCP", "url": "https://infcis.iaea.org/NFCFDB/Facilities", "retrieved": "2026-09-22"}], "coord_tier": null, "coord_source": null}}, {"type": "Feature", "geometry": null, "properties": {"id": "NFCFDB:russian federation:mining and chemical complex site stage i", "name": "Mining and Chemical Complex Site, Stage I", "country": "Russian Federation", "stage": "waste", "subtype": "AFR Dry Spent Fuel Storage", "fuel_type": null, "status": "In Operation", "scale": "Commercial", "capacity": "8130 t HM", "start": 2011, "end": null, "prov": [{"tier": 1, "source": "IAEA NFCFDB facility list export", "record": "Mining and Chemical Complex Site, Stage I", "url": "https://infcis.iaea.org/NFCFDB/Facilities", "retrieved": "2026-09-22"}], "coord_tier": null, "coord_source": null}}, {"type": "Feature", "geometry": null, "properties": {"id": "NFCFDB:russian federation:rbmk 1000 snf dry storage", "name": "RBMK-1000 SNF dry storage facility", "country": "Russian Federation", "stage": "waste", "subtype": "AFR Dry Spent Fuel Storage", "fuel_type": "Fuel for RBMK/LWGR", "status": "In Operation", "scale": "Commercial", "capacity": "17700 t HM", "start": 2012, "end": null, "prov": [{"tier": 1, "source": "IAEA NFCFDB facility list export", "record": "RBMK-1000 SNF dry storage facility", "url": "https://infcis.iaea.org/NFCFDB/Facilities", "retrieved": "2026-09-22"}], "coord_tier": null, "coord_source": null}}, {"type": "Feature", "geometry": null, "properties": {"id": "NFCFDB:russian federation:vver 1000 snf dry storage", "name": "VVER-1000 SNF dry storage Facility", "country": "Russian Federation", "stage": "waste", "subtype": "AFR Dry Spent Fuel Storage", "fuel_type": null, "status": "In Operation", "scale": "Commercial", "capacity": "8900 t HM", "start": 2016, "end": null, "prov": [{"tier": 1, "source": "IAEA NFCFDB facility list export", "record": "VVER-1000 SNF dry storage Facility", "url": "https://infcis.iaea.org/NFCFDB/Facilities", "retrieved": "2026-09-22"}], "coord_tier": null, "coord_source": null}}, {"type": "Feature", "geometry": null, "properties": {"id": "NFCFDB:russian federation:rbmk 1000 snf dry storage", "name": "RBMK 1000 SNF dry storage facility", "country": "Russian Federation", "stage": "waste", "subtype": "AFR Dry Spent Fuel Storage", "fuel_type": null, "status": "In Operation", "scale": "Commercial", "capacity": "22000 t HM", "start": 2012, "end": null, "prov": [{"tier": 1, "source": "IAEA NFCFDB facility list export", "record": "RBMK 1000 SNF dry storage facility", "url": "https://infcis.iaea.org/NFCFDB/Facilities", "retrieved": "2026-09-22"}], "coord_tier": null, "coord_source": null}}, {"type": "Feature", "geometry": null, "properties": {"id": "NFCFDB:russian federation:pilot demonstration centre pdc for vver 1000 snf reprocessing with chamber stage i", "name": "Pilot Demonstration Centre (PDC) for VVER-1000 SNF reprocessing with research chamber - Stage I", "country": "Russian Federation", "stage": "reprocessing", "subtype": "Spent Fuel Reprocessing - aqueous route", "fuel_type": "UOX for PWR, UOX for BWR", "status": "In Operation", "scale": "Pilot plant", "capacity": "4.4 t U/year", "start": 2016, "end": null, "prov": [{"tier": 1, "source": "IAEA NFCFDB facility list export", "record": "Pilot Demonstration Centre (PDC) for VVER-1000 SNF reprocessing with research chamber - Stage I", "url": "https://infcis.iaea.org/NFCFDB/Facilities", "retrieved": "2026-09-22"}], "coord_tier": null, "coord_source": null}}, {"type": "Feature", "geometry": null, "properties": {"id": "NFCFDB:russian federation:pilot demonstration for vver 1000 snf reprocessing phaseii", "name": "Pilot Demonstration facility for VVER-1000 SNF reprocessing-PhaseII", "country": "Russian Federation", "stage": "reprocessing", "subtype": "Spent Fuel Reprocessing - aqueous route", "fuel_type": null, "status": "Under Construction", "scale": "Commercial", "capacity": "226 t HM/year", "start": 2026, "end": null, "prov": [{"tier": 1, "source": "IAEA NFCFDB facility list export", "record": "Pilot Demonstration facility for VVER-1000 SNF reprocessing-PhaseII", "url": "https://infcis.iaea.org/NFCFDB/Facilities", "retrieved": "2026-09-22"}], "coord_tier": null, "coord_source": null}}, {"type": "Feature", "geometry": null, "properties": {"id": "NFCFDB:russian federation:mox fuel fabrication", "name": "MOX fuel fabrication plant", "country": "Russian Federation", "stage": "fabrication", "subtype": "MOX fuel fabrication (Mox Powder, Pellet, Pin, FA)", "fuel_type": "MOX for FR", "status": "In Operation", "scale": "Commercial", "capacity": "400 Elements/year", "start": 2015, "end": null, "prov": [{"tier": 1, "source": "IAEA NFCFDB facility list export", "record": "MOX fuel fabrication plant", "url": "https://infcis.iaea.org/NFCFDB/Facilities", "retrieved": "2026-09-22"}], "coord_tier": null, "coord_source": null}}, {"type": "Feature", "geometry": null, "properties": {"id": "NFCFDB:russian federation:electrochemical jsc deconversion ecp jsc", "name": "Electrochemical Plant, JSC (Deconversion), ECP, JSC", "country": "Russian Federation", "stage": "conversion", "subtype": "Other-Conversion", "fuel_type": null, "status": "In Operation", "scale": "Commercial", "capacity": " ", "start": 2009, "end": null, "prov": [{"tier": 1, "source": "IAEA NFCFDB facility list export", "record": "Electrochemical Plant, JSC (Deconversion), ECP, JSC", "url": "https://infcis.iaea.org/NFCFDB/Facilities", "retrieved": "2026-09-22"}], "coord_tier": null, "coord_source": null}}, {"type": "Feature", "geometry": null, "properties": {"id": "NFCFDB:russian federation:fabrication refabrication module brest od 300", "name": "Fabrication-Refabrication module BREST-OD-300", "country": "Russian Federation", "stage": "fabrication", "subtype": "Other-Fuel Fabrication", "fuel_type": "Mixed nitride uranium-plutonium fuel for lead-cooled fast neutron reactor BREST-OD-300", "status": "In Operation", "scale": "Commercial", "capacity": " ", "start": 2024, "end": null, "prov": [{"tier": 1, "source": "IAEA NFCFDB facility list export", "record": "Fabrication-Refabrication module BREST-OD-300", "url": "https://infcis.iaea.org/NFCFDB/Facilities", "retrieved": "2026-09-22"}], "coord_tier": null, "coord_source": null}}, {"type": "Feature", "geometry": null, "properties": {"id": "NFCFDB:russian federation:mox fuel fabrication remix", "name": "MOX Fuel Fabrication Plant (REMIX)", "country": "Russian Federation", "stage": "fabrication", "subtype": "MOX fuel fabrication (Mox Powder, Pellet, Pin, FA)", "fuel_type": null, "status": "In Operation", "scale": "Commercial", "capacity": " ", "start": null, "end": null, "prov": [{"tier": 1, "source": "IAEA NFCFDB facility list export", "record": "MOX Fuel Fabrication Plant (REMIX)", "url": "https://infcis.iaea.org/NFCFDB/Facilities", "retrieved": "2026-09-22"}], "coord_tier": null, "coord_source": null}}, {"type": "Feature", "geometry": null, "properties": {"id": "NFCFDB:russian federation:siberian chemical remix fuel scp jsc", "name": "Siberian Chemical Plant (REMIX fuel), SCP JSC", "country": "Russian Federation", "stage": "fabrication", "subtype": "MOX fuel fabrication (Mox Powder, Pellet, Pin, FA)", "fuel_type": null, "status": "In Operation", "scale": "Commercial", "capacity": " ", "start": null, "end": null, "prov": [{"tier": 1, "source": "IAEA NFCFDB facility list export", "record": "Siberian Chemical Plant (REMIX fuel), SCP JSC", "url": "https://infcis.iaea.org/NFCFDB/Facilities", "retrieved": "2026-09-22"}], "coord_tier": null, "coord_source": null}}, {"type": "Feature", "geometry": null, "properties": {"id": "NFCFDB:russian federation:reprocessing module at brest od 300 pilot demonstration complex", "name": "Reprocessing module at BREST-OD-300 pilot demonstration power complex", "country": "Russian Federation", "stage": "reprocessing", "subtype": "Other-SF reprocessing and P & T ", "fuel_type": "Fuel for FBR", "status": "Under Construction", "scale": "Pilot plant", "capacity": " ", "start": 2026, "end": null, "prov": [{"tier": 1, "source": "IAEA NFCFDB facility list export", "record": "Reprocessing module at BREST-OD-300 pilot demonstration power complex", "url": "https://infcis.iaea.org/NFCFDB/Facilities", "retrieved": "2026-09-22"}], "coord_tier": null, "coord_source": null}}, {"type": "Feature", "geometry": null, "properties": {"id": "NFCFDB:serbia:kalna mine", "name": "KALNA Mine", "country": "Serbia", "stage": "mining", "subtype": "Uranium Ore Processing", "fuel_type": null, "status": "Shutdown", "scale": "Pilot plant", "capacity": "200 t -ore/day", "start": 1963, "end": 1965, "prov": [{"tier": 1, "source": "IAEA NFCFDB facility list export", "record": "KALNA Mine", "url": "https://infcis.iaea.org/NFCFDB/Facilities", "retrieved": "2026-09-22"}], "coord_tier": null, "coord_source": null}}, {"type": "Feature", "geometry": null, "properties": {"id": "NFCFDB:slovakia:bohunice site sfsf", "name": "Bohunice NPP Site SFSF", "country": "Slovakia", "stage": "waste", "subtype": "AFR Wet Spent Fuel Storage (Pool)", "fuel_type": null, "status": "In Operation", "scale": "Commercial", "capacity": "14112 Elements/year", "start": 1987, "end": null, "prov": [{"tier": 1, "source": "IAEA NFCFDB facility list export", "record": "Bohunice NPP Site SFSF", "url": "https://infcis.iaea.org/NFCFDB/Facilities", "retrieved": "2026-09-22"}], "coord_tier": null, "coord_source": null}}, {"type": "Feature", "geometry": null, "properties": {"id": "NFCFDB:slovakia:bohumice site sfsf", "name": "Bohumice NPP Site SFSF", "country": "Slovakia", "stage": "waste", "subtype": "AR Spent Fuel Storage", "fuel_type": "UOX for VVER", "status": "Under Construction", "scale": "Commercial", "capacity": "10115 Elements/year", "start": 2023, "end": null, "prov": [{"tier": 1, "source": "IAEA NFCFDB facility list export", "record": "Bohumice NPP Site SFSF", "url": "https://infcis.iaea.org/NFCFDB/Facilities", "retrieved": "2026-09-22"}], "coord_tier": null, "coord_source": null}}, {"type": "Feature", "geometry": null, "properties": {"id": "NFCFDB:slovenia:rudnik zirovski vrh", "name": "Rudnik Zirovski VRH", "country": "Slovenia", "stage": "mining", "subtype": "Uranium Ore Processing", "fuel_type": null, "status": "Decommissioning", "scale": "Commercial", "capacity": "102 t U/year", "start": 1984, "end": 1991, "prov": [{"tier": 1, "source": "IAEA NFCFDB facility list export", "record": "Rudnik Zirovski VRH", "url": "https://infcis.iaea.org/NFCFDB/Facilities", "retrieved": "2026-09-22"}], "coord_tier": null, "coord_source": null}}, {"type": "Feature", "geometry": null, "properties": {"id": "NFCFDB:slovenia:nuklearna elektrarna krsko", "name": "Nuklearna elektrarna Krško", "country": "Slovenia", "stage": "waste", "subtype": "AFR Dry Spent Fuel Storage", "fuel_type": "UOX for PWR", "status": "In Operation", "scale": "Commercial", "capacity": "2600 Elements/year", "start": 2023, "end": 2122, "prov": [{"tier": 1, "source": "IAEA NFCFDB facility list export", "record": "Nuklearna elektrarna Krško", "url": "https://infcis.iaea.org/NFCFDB/Facilities", "retrieved": "2026-09-22"}], "coord_tier": null, "coord_source": null}}, {"type": "Feature", "geometry": null, "properties": {"id": "NFCFDB:south africa:beisa", "name": "Beisa", "country": "South Africa", "stage": "mining", "subtype": "Uranium Ore Processing", "fuel_type": null, "status": "Shutdown", "scale": "Commercial", "capacity": "450 t U/year", "start": 1982, "end": 1984, "prov": [{"tier": 1, "source": "IAEA NFCFDB facility list export", "record": "Beisa", "url": "https://infcis.iaea.org/NFCFDB/Facilities", "retrieved": "2026-09-22"}], "coord_tier": null, "coord_source": null}}, {"type": "Feature", "geometry": null, "properties": {"id": "NFCFDB:south africa:blyvooruitzicht", "name": "Blyvooruitzicht", "country": "South Africa", "stage": "mining", "subtype": "Uranium Ore Processing", "fuel_type": null, "status": "Decommissioned", "scale": "Commercial", "capacity": "500 t U/year", "start": 1956, "end": 1984, "prov": [{"tier": 1, "source": "IAEA NFCFDB facility list export", "record": "Blyvooruitzicht", "url": "https://infcis.iaea.org/NFCFDB/Facilities", "retrieved": "2026-09-22"}], "coord_tier": null, "coord_source": null}}, {"type": "Feature", "geometry": null, "properties": {"id": "NFCFDB:south africa:buffelsfontein", "name": "Buffelsfontein", "country": "South Africa", "stage": "mining", "subtype": "Uranium Ore Processing", "fuel_type": null, "status": "Under Construction", "scale": "Commercial", "capacity": "400 t U/year", "start": 1957, "end": null, "prov": [{"tier": 1, "source": "IAEA NFCFDB facility list export", "record": "Buffelsfontein", "url": "https://infcis.iaea.org/NFCFDB/Facilities", "retrieved": "2026-09-22"}], "coord_tier": null, "coord_source": null}}, {"type": "Feature", "geometry": null, "properties": {"id": "NFCFDB:south africa:driefontein", "name": "Driefontein", "country": "South Africa", "stage": "mining", "subtype": "Uranium Ore Processing", "fuel_type": null, "status": "Decommissioned", "scale": "Commercial", "capacity": "500 t U/year", "start": 1956, "end": 1988, "prov": [{"tier": 1, "source": "IAEA NFCFDB facility list export", "record": "Driefontein", "url": "https://infcis.iaea.org/NFCFDB/Facilities", "retrieved": "2026-09-22"}], "coord_tier": null, "coord_source": null}}, {"type": "Feature", "geometry": null, "properties": {"id": "NFCFDB:south africa:east rand", "name": "East Rand", "country": "South Africa", "stage": "mining", "subtype": "Uranium Ore Processing", "fuel_type": null, "status": "Decommissioned", "scale": "Commercial", "capacity": "140 t U/year", "start": 1978, "end": 1991, "prov": [{"tier": 1, "source": "IAEA NFCFDB facility list export", "record": "East Rand", "url": "https://infcis.iaea.org/NFCFDB/Facilities", "retrieved": "2026-09-22"}], "coord_tier": null, "coord_source": null}}, {"type": "Feature", "geometry": null, "properties": {"id": "NFCFDB:south africa:freegold", "name": "Freegold", "country": "South Africa", "stage": "mining", "subtype": "Uranium Ore Processing", "fuel_type": null, "status": "Decommissioned", "scale": "Commercial", "capacity": "500 t U/year", "start": 1977, "end": 1997, "prov": [{"tier": 1, "source": "IAEA NFCFDB facility list export", "record": "Freegold", "url": "https://infcis.iaea.org/NFCFDB/Facilities", "retrieved": "2026-09-22"}], "coord_tier": null, "coord_source": null}}, {"type": "Feature", "geometry": null, "properties": {"id": "NFCFDB:south africa:harmony merriespruit", "name": "Harmony (Merriespruit)", "country": "South Africa", "stage": "mining", "subtype": "Uranium Ore Processing", "fuel_type": null, "status": "Decommissioned", "scale": "Commercial", "capacity": "150 t U/year", "start": 1956, "end": 1984, "prov": [{"tier": 1, "source": "IAEA NFCFDB facility list export", "record": "Harmony (Merriespruit)", "url": "https://infcis.iaea.org/NFCFDB/Facilities", "retrieved": "2026-09-22"}], "coord_tier": null, "coord_source": null}}, {"type": "Feature", "geometry": null, "properties": {"id": "NFCFDB:south africa:hartebeestfontein", "name": "Hartebeestfontein", "country": "South Africa", "stage": "mining", "subtype": "Uranium Ore Processing", "fuel_type": null, "status": "Shutdown", "scale": "Commercial", "capacity": "350 t U/year", "start": 1956, "end": null, "prov": [{"tier": 1, "source": "IAEA NFCFDB facility list export", "record": "Hartebeestfontein", "url": "https://infcis.iaea.org/NFCFDB/Facilities", "retrieved": "2026-09-22"}], "coord_tier": null, "coord_source": null}}, {"type": "Feature", "geometry": null, "properties": {"id": "NFCFDB:south africa:fuels corporation nufcor", "name": "Nuclear Fuels Corporation (NUFCOR)", "country": "South Africa", "stage": "mining", "subtype": "Uranium Ore Processing", "fuel_type": null, "status": "In Operation", "scale": "Commercial", "capacity": "5900 t U/year", "start": 1977, "end": null, "prov": [{"tier": 1, "source": "IAEA NFCFDB facility list export", "record": "Nuclear Fuels Corporation (NUFCOR)", "url": "https://infcis.iaea.org/NFCFDB/Facilities", "retrieved": "2026-09-22"}], "coord_tier": null, "coord_source": null}}, {"type": "Feature", "geometry": null, "properties": {"id": "NFCFDB:south africa:palabora", "name": "Palabora", "country": "South Africa", "stage": "mining", "subtype": "Uranium Ore Processing", "fuel_type": null, "status": "Shutdown", "scale": "Commercial", "capacity": "200 t U/year", "start": 1971, "end": 2002, "prov": [{"tier": 1, "source": "IAEA NFCFDB facility list export", "record": "Palabora", "url": "https://infcis.iaea.org/NFCFDB/Facilities", "retrieved": "2026-09-22"}], "coord_tier": null, "coord_source": null}}, {"type": "Feature", "geometry": null, "properties": {"id": "NFCFDB:south africa:randfontein cooke", "name": "Randfontein (Cooke)", "country": "South Africa", "stage": "mining", "subtype": "Uranium Ore Processing", "fuel_type": null, "status": "Decommissioned", "scale": "Commercial", "capacity": "500 t U/year", "start": 1978, "end": 1988, "prov": [{"tier": 1, "source": "IAEA NFCFDB facility list export", "record": "Randfontein (Cooke)", "url": "https://infcis.iaea.org/NFCFDB/Facilities", "retrieved": "2026-09-22"}], "coord_tier": null, "coord_source": null}}, {"type": "Feature", "geometry": null, "properties": {"id": "NFCFDB:south africa:stilfontein", "name": "Stilfontein", "country": "South Africa", "stage": "mining", "subtype": "Uranium Ore Processing", "fuel_type": null, "status": "Decommissioned", "scale": "Commercial", "capacity": "400 t U/year", "start": 1953, "end": 1961, "prov": [{"tier": 1, "source": "IAEA NFCFDB facility list export", "record": "Stilfontein", "url": "https://infcis.iaea.org/NFCFDB/Facilities", "retrieved": "2026-09-22"}], "coord_tier": null, "coord_source": null}}, {"type": "Feature", "geometry": null, "properties": {"id": "NFCFDB:south africa:vaal reefs 1", "name": "Vaal Reefs - 1", "country": "South Africa", "stage": "mining", "subtype": "Uranium Ore Processing", "fuel_type": null, "status": "Shutdown", "scale": "Commercial", "capacity": "2880 t U/year", "start": 1953, "end": 1997, "prov": [{"tier": 1, "source": "IAEA NFCFDB facility list export", "record": "Vaal Reefs - 1", "url": "https://infcis.iaea.org/NFCFDB/Facilities", "retrieved": "2026-09-22"}], "coord_tier": null, "coord_source": null}}, {"type": "Feature", "geometry": null, "properties": {"id": "NFCFDB:south africa:valindaba uf6", "name": "Valindaba (UF6)", "country": "South Africa", "stage": "conversion", "subtype": "Conversion to UF6", "fuel_type": null, "status": "Shutdown", "scale": "Commercial", "capacity": "1400 t HM/year", "start": 1986, "end": 1997, "prov": [{"tier": 1, "source": "IAEA NFCFDB facility list export", "record": "Valindaba (UF6)", "url": "https://infcis.iaea.org/NFCFDB/Facilities", "retrieved": "2026-09-22"}], "coord_tier": null, "coord_source": null}}, {"type": "Feature", "geometry": null, "properties": {"id": "NFCFDB:south africa:valindaba z", "name": "Valindaba Z - Plant", "country": "South Africa", "stage": "enrichment", "subtype": "Uranium Enrichment", "fuel_type": null, "status": "Decommissioning", "scale": "Commercial", "capacity": "300 MTSWU/year", "start": 1986, "end": 1995, "prov": [{"tier": 1, "source": "IAEA NFCFDB facility list export", "record": "Valindaba Z - Plant", "url": "https://infcis.iaea.org/NFCFDB/Facilities", "retrieved": "2026-09-22"}], "coord_tier": null, "coord_source": null}}, {"type": "Feature", "geometry": null, "properties": {"id": "NFCFDB:south africa:west rand consolidated", "name": "West Rand Consolidated", "country": "South Africa", "stage": "mining", "subtype": "Uranium Ore Processing", "fuel_type": null, "status": "Decommissioned", "scale": "Commercial", "capacity": "500 t U/year", "start": 1952, "end": 1981, "prov": [{"tier": 1, "source": "IAEA NFCFDB facility list export", "record": "West Rand Consolidated", "url": "https://infcis.iaea.org/NFCFDB/Facilities", "retrieved": "2026-09-22"}], "coord_tier": null, "coord_source": null}}, {"type": "Feature", "geometry": null, "properties": {"id": "NFCFDB:south africa:western areas", "name": "Western Areas", "country": "South Africa", "stage": "mining", "subtype": "Uranium Ore Processing", "fuel_type": null, "status": "Shutdown", "scale": "Commercial", "capacity": "250 t U/year", "start": 1982, "end": 1998, "prov": [{"tier": 1, "source": "IAEA NFCFDB facility list export", "record": "Western Areas", "url": "https://infcis.iaea.org/NFCFDB/Facilities", "retrieved": "2026-09-22"}], "coord_tier": null, "coord_source": null}}, {"type": "Feature", "geometry": null, "properties": {"id": "NFCFDB:south africa:western deep levels", "name": "Western Deep Levels", "country": "South Africa", "stage": "mining", "subtype": "Uranium Ore Processing", "fuel_type": null, "status": "Shutdown", "scale": "Commercial", "capacity": "300 t U/year", "start": 1970, "end": 1985, "prov": [{"tier": 1, "source": "IAEA NFCFDB facility list export", "record": "Western Deep Levels", "url": "https://infcis.iaea.org/NFCFDB/Facilities", "retrieved": "2026-09-22"}], "coord_tier": null, "coord_source": null}}, {"type": "Feature", "geometry": null, "properties": {"id": "NFCFDB:south africa:valindaba y", "name": "Valindaba Y - Plant", "country": "South Africa", "stage": "enrichment", "subtype": "Uranium Enrichment", "fuel_type": null, "status": "Decommissioning", "scale": "Pilot plant", "capacity": "10 MTSWU/year", "start": 1978, "end": 1990, "prov": [{"tier": 1, "source": "IAEA NFCFDB facility list export", "record": "Valindaba Y - Plant", "url": "https://infcis.iaea.org/NFCFDB/Facilities", "retrieved": "2026-09-22"}], "coord_tier": null, "coord_source": null}}, {"type": "Feature", "geometry": null, "properties": {"id": "NFCFDB:south africa:valindaba laser", "name": "Valindaba (Laser)", "country": "South Africa", "stage": "enrichment", "subtype": "Uranium Enrichment", "fuel_type": null, "status": "Others", "scale": "Pilot plant", "capacity": "30 MTSWU/year", "start": 1995, "end": 1998, "prov": [{"tier": 1, "source": "IAEA NFCFDB facility list export", "record": "Valindaba (Laser)", "url": "https://infcis.iaea.org/NFCFDB/Facilities", "retrieved": "2026-09-22"}], "coord_tier": null, "coord_source": null}}, {"type": "Feature", "geometry": null, "properties": {"id": "NFCFDB:south africa:beva", "name": "Beva", "country": "South Africa", "stage": "fabrication", "subtype": "Fuel Fabrication (U Pellet, Pin, FA)", "fuel_type": "UOX for PWR", "status": "Shutdown", "scale": "Commercial", "capacity": "100 t HM/year", "start": 1988, "end": 1996, "prov": [{"tier": 1, "source": "IAEA NFCFDB facility list export", "record": "Beva", "url": "https://infcis.iaea.org/NFCFDB/Facilities", "retrieved": "2026-09-22"}], "coord_tier": null, "coord_source": null}}, {"type": "Feature", "geometry": null, "properties": {"id": "NFCFDB:south africa:pelindaba fuel fabrication", "name": "Pelindaba Fuel Fabrication", "country": "South Africa", "stage": "fabrication", "subtype": "Fuel Fabrication (Research Reactors)", "fuel_type": null, "status": "In Operation", "scale": "Pilot plant", "capacity": "1 t HM/year", "start": 1978, "end": null, "prov": [{"tier": 1, "source": "IAEA NFCFDB facility list export", "record": "Pelindaba Fuel Fabrication", "url": "https://infcis.iaea.org/NFCFDB/Facilities", "retrieved": "2026-09-22"}], "coord_tier": null, "coord_source": null}}, {"type": "Feature", "geometry": null, "properties": {"id": "NFCFDB:south africa:pelindaba zircaloy tubing", "name": "Pelindaba Zircaloy Tubing", "country": "South Africa", "stage": "materials", "subtype": "Zirconium Alloy Tubing", "fuel_type": null, "status": "Shutdown", "scale": "Commercial", "capacity": "0 km/year", "start": 1988, "end": 1993, "prov": [{"tier": 1, "source": "IAEA NFCFDB facility list export", "record": "Pelindaba Zircaloy Tubing", "url": "https://infcis.iaea.org/NFCFDB/Facilities", "retrieved": "2026-09-22"}], "coord_tier": null, "coord_source": null}}, {"type": "Feature", "geometry": null, "properties": {"id": "NFCFDB:south africa:vaal reefs 2", "name": "Vaal Reefs - 2", "country": "South Africa", "stage": "mining", "subtype": "Uranium Ore Processing", "fuel_type": null, "status": "In Operation", "scale": "Commercial", "capacity": "1272 t U/year", "start": 1977, "end": null, "prov": [{"tier": 1, "source": "IAEA NFCFDB facility list export", "record": "Vaal Reefs - 2", "url": "https://infcis.iaea.org/NFCFDB/Facilities", "retrieved": "2026-09-22"}], "coord_tier": null, "coord_source": null}}, {"type": "Feature", "geometry": null, "properties": {"id": "NFCFDB:south africa:uranium one", "name": "Uranium One", "country": "South Africa", "stage": "mining", "subtype": "Uranium Ore Processing", "fuel_type": null, "status": "In Operation", "scale": "Commercial", "capacity": "1200 t U/year", "start": 2007, "end": null, "prov": [{"tier": 1, "source": "IAEA NFCFDB facility list export", "record": "Uranium One", "url": "https://infcis.iaea.org/NFCFDB/Facilities", "retrieved": "2026-09-22"}], "coord_tier": null, "coord_source": null}}, {"type": "Feature", "geometry": null, "properties": {"id": "NFCFDB:south africa:doornfontain", "name": "Doornfontain", "country": "South Africa", "stage": "mining", "subtype": "Uranium Mining", "fuel_type": null, "status": "Shutdown", "scale": "Commercial", "capacity": "0 ", "start": 1956, "end": 1962, "prov": [{"tier": 1, "source": "IAEA NFCFDB facility list export", "record": "Doornfontain", "url": "https://infcis.iaea.org/NFCFDB/Facilities", "retrieved": "2026-09-22"}], "coord_tier": null, "coord_source": null}}, {"type": "Feature", "geometry": null, "properties": {"id": "NFCFDB:south africa:daggafontain", "name": "Daggafontain", "country": "South Africa", "stage": "mining", "subtype": "Uranium Mining", "fuel_type": null, "status": "Shutdown", "scale": "Commercial", "capacity": "0 ", "start": 1953, "end": 1956, "prov": [{"tier": 1, "source": "IAEA NFCFDB facility list export", "record": "Daggafontain", "url": "https://infcis.iaea.org/NFCFDB/Facilities", "retrieved": "2026-09-22"}], "coord_tier": null, "coord_source": null}}, {"type": "Feature", "geometry": null, "properties": {"id": "NFCFDB:south africa:president styne gold mine", "name": "President Styne Gold Mine", "country": "South Africa", "stage": "mining", "subtype": "Uranium Mining", "fuel_type": null, "status": "Shutdown", "scale": "Commercial", "capacity": "0 ", "start": 1956, "end": 1960, "prov": [{"tier": 1, "source": "IAEA NFCFDB facility list export", "record": "President Styne Gold Mine", "url": "https://infcis.iaea.org/NFCFDB/Facilities", "retrieved": "2026-09-22"}], "coord_tier": null, "coord_source": null}}, {"type": "Feature", "geometry": null, "properties": {"id": "NFCFDB:south africa:president brand gold mine", "name": "President Brand Gold Mine", "country": "South Africa", "stage": "mining", "subtype": "Uranium Mining", "fuel_type": null, "status": "Decommissioned", "scale": "Commercial", "capacity": "0 ", "start": 1977, "end": 1990, "prov": [{"tier": 1, "source": "IAEA NFCFDB facility list export", "record": "President Brand Gold Mine", "url": "https://infcis.iaea.org/NFCFDB/Facilities", "retrieved": "2026-09-22"}], "coord_tier": null, "coord_source": null}}, {"type": "Feature", "geometry": null, "properties": {"id": "NFCFDB:south africa:beatrix gold mine", "name": "Beatrix Gold Mine", "country": "South Africa", "stage": "mining", "subtype": "Uranium Mining", "fuel_type": null, "status": "Decommissioned", "scale": "Commercial", "capacity": "0 ", "start": 1982, "end": 1984, "prov": [{"tier": 1, "source": "IAEA NFCFDB facility list export", "record": "Beatrix Gold Mine", "url": "https://infcis.iaea.org/NFCFDB/Facilities", "retrieved": "2026-09-22"}], "coord_tier": null, "coord_source": null}}, {"type": "Feature", "geometry": null, "properties": {"id": "NFCFDB:south africa:millsite", "name": "Millsite", "country": "South Africa", "stage": "mining", "subtype": "Uranium Mining", "fuel_type": null, "status": "Shutdown", "scale": "Commercial", "capacity": "0 ", "start": 1966, "end": 1976, "prov": [{"tier": 1, "source": "IAEA NFCFDB facility list export", "record": "Millsite", "url": "https://infcis.iaea.org/NFCFDB/Facilities", "retrieved": "2026-09-22"}], "coord_tier": null, "coord_source": null}}, {"type": "Feature", "geometry": null, "properties": {"id": "NFCFDB:south africa:lorraine gold mine", "name": "Lorraine Gold Mine", "country": "South Africa", "stage": "mining", "subtype": "Uranium Mining", "fuel_type": null, "status": "Decommissioned", "scale": "Commercial", "capacity": "0 ", "start": 1956, "end": 1960, "prov": [{"tier": 1, "source": "IAEA NFCFDB facility list export", "record": "Lorraine Gold Mine", "url": "https://infcis.iaea.org/NFCFDB/Facilities", "retrieved": "2026-09-22"}], "coord_tier": null, "coord_source": null}}, {"type": "Feature", "geometry": null, "properties": {"id": "NFCFDB:south africa:luipaardsvlei gold mine", "name": "Luipaardsvlei Gold Mine", "country": "South Africa", "stage": "mining", "subtype": "Uranium Mining", "fuel_type": null, "status": "Shutdown", "scale": "Commercial", "capacity": "0 ", "start": 1955, "end": 1964, "prov": [{"tier": 1, "source": "IAEA NFCFDB facility list export", "record": "Luipaardsvlei Gold Mine", "url": "https://infcis.iaea.org/NFCFDB/Facilities", "retrieved": "2026-09-22"}], "coord_tier": null, "coord_source": null}}, {"type": "Feature", "geometry": null, "properties": {"id": "NFCFDB:south africa:vogelstruitbult gold mine", "name": "Vogelstruitbult Gold Mine", "country": "South Africa", "stage": "mining", "subtype": "Uranium Mining", "fuel_type": null, "status": "Shutdown", "scale": "Commercial", "capacity": "0 ", "start": 1955, "end": 1964, "prov": [{"tier": 1, "source": "IAEA NFCFDB facility list export", "record": "Vogelstruitbult Gold Mine", "url": "https://infcis.iaea.org/NFCFDB/Facilities", "retrieved": "2026-09-22"}], "coord_tier": null, "coord_source": null}}, {"type": "Feature", "geometry": null, "properties": {"id": "NFCFDB:south africa:virginia gold mine", "name": "Virginia Gold Mine", "country": "South Africa", "stage": "mining", "subtype": "Uranium Mining", "fuel_type": null, "status": "Shutdown", "scale": "Commercial", "capacity": "0 ", "start": 1955, "end": 1986, "prov": [{"tier": 1, "source": "IAEA NFCFDB facility list export", "record": "Virginia Gold Mine", "url": "https://infcis.iaea.org/NFCFDB/Facilities", "retrieved": "2026-09-22"}], "coord_tier": null, "coord_source": null}}, {"type": "Feature", "geometry": null, "properties": {"id": "NFCFDB:south africa:freddies gold mine", "name": "Freddies Gold Mine", "country": "South Africa", "stage": "mining", "subtype": "Uranium Mining", "fuel_type": null, "status": "Shutdown", "scale": "Commercial", "capacity": "0 ", "start": 1955, "end": 1960, "prov": [{"tier": 1, "source": "IAEA NFCFDB facility list export", "record": "Freddies Gold Mine", "url": "https://infcis.iaea.org/NFCFDB/Facilities", "retrieved": "2026-09-22"}], "coord_tier": null, "coord_source": null}}, {"type": "Feature", "geometry": null, "properties": {"id": "NFCFDB:south africa:saaiplaas gold mine", "name": "Saaiplaas Gold Mine", "country": "South Africa", "stage": "mining", "subtype": "Uranium Mining", "fuel_type": null, "status": "Shutdown", "scale": "Commercial", "capacity": "0 ", "start": null, "end": 2004, "prov": [{"tier": 1, "source": "IAEA NFCFDB facility list export", "record": "Saaiplaas Gold Mine", "url": "https://infcis.iaea.org/NFCFDB/Facilities", "retrieved": "2026-09-22"}], "coord_tier": null, "coord_source": null}}, {"type": "Feature", "geometry": null, "properties": {"id": "NFCFDB:south africa:uranium one", "name": "Uranium One", "country": "South Africa", "stage": "mining", "subtype": "Uranium Mining", "fuel_type": null, "status": "In Operation", "scale": "Commercial", "capacity": "200 t U/year", "start": 2007, "end": null, "prov": [{"tier": 1, "source": "IAEA NFCFDB facility list export", "record": "Uranium One", "url": "https://infcis.iaea.org/NFCFDB/Facilities", "retrieved": "2026-09-22"}], "coord_tier": null, "coord_source": null}}, {"type": "Feature", "geometry": null, "properties": {"id": "NFCFDB:south africa:mine waste solution", "name": "Mine Waste Solution", "country": "South Africa", "stage": "mining", "subtype": "Uranium Mining", "fuel_type": null, "status": "Under Construction", "scale": "Commercial", "capacity": "0 ", "start": 1979, "end": 1988, "prov": [{"tier": 1, "source": "IAEA NFCFDB facility list export", "record": "Mine Waste Solution", "url": "https://infcis.iaea.org/NFCFDB/Facilities", "retrieved": "2026-09-22"}], "coord_tier": null, "coord_source": null}}, {"type": "Feature", "geometry": null, "properties": {"id": "NFCFDB:south africa:ezulwini mining company", "name": "Ezulwini Mining Company", "country": "South Africa", "stage": "mining", "subtype": "Uranium Mining", "fuel_type": null, "status": "Under Construction", "scale": "Commercial", "capacity": "0 ", "start": 2009, "end": null, "prov": [{"tier": 1, "source": "IAEA NFCFDB facility list export", "record": "Ezulwini Mining Company", "url": "https://infcis.iaea.org/NFCFDB/Facilities", "retrieved": "2026-09-22"}], "coord_tier": null, "coord_source": null}}, {"type": "Feature", "geometry": null, "properties": {"id": "NFCFDB:spain:planta lobo g", "name": "Planta Lobo-G", "country": "Spain", "stage": "mining", "subtype": "Uranium Ore Processing", "fuel_type": null, "status": "Decommissioned", "scale": "Commercial", "capacity": "27 t U/year", "start": 1989, "end": 1991, "prov": [{"tier": 1, "source": "IAEA NFCFDB facility list export", "record": "Planta Lobo-G", "url": "https://infcis.iaea.org/NFCFDB/Facilities", "retrieved": "2026-09-22"}], "coord_tier": null, "coord_source": null}}, {"type": "Feature", "geometry": null, "properties": {"id": "NFCFDB:spain:planta elefante", "name": "Planta Elefante", "country": "Spain", "stage": "mining", "subtype": "Uranium Ore Processing", "fuel_type": null, "status": "Decommissioned", "scale": "Commercial", "capacity": "212 t U/year", "start": 1978, "end": 1993, "prov": [{"tier": 1, "source": "IAEA NFCFDB facility list export", "record": "Planta Elefante", "url": "https://infcis.iaea.org/NFCFDB/Facilities", "retrieved": "2026-09-22"}], "coord_tier": null, "coord_source": null}}, {"type": "Feature", "geometry": null, "properties": {"id": "NFCFDB:spain:fabrica de combustible juzbado", "name": "Fabrica de combustible(Juzbado)", "country": "Spain", "stage": "fabrication", "subtype": "Fuel Fabrication (U Pellet, Pin, FA)", "fuel_type": "UOX for PWR, UOX for BWR", "status": "In Operation", "scale": "Commercial", "capacity": "500 t HM/year", "start": 1985, "end": null, "prov": [{"tier": 1, "source": "IAEA NFCFDB facility list export", "record": "Fabrica de combustible(Juzbado)", "url": "https://infcis.iaea.org/NFCFDB/Facilities", "retrieved": "2026-09-22"}], "coord_tier": null, "coord_source": null}}, {"type": "Feature", "geometry": null, "properties": {"id": "NFCFDB:spain:planta quercus", "name": "Planta Quercus", "country": "Spain", "stage": "mining", "subtype": "Uranium Ore Processing", "fuel_type": null, "status": "Shutdown", "scale": "Commercial", "capacity": "805 t U/year", "start": 1993, "end": 2002, "prov": [{"tier": 1, "source": "IAEA NFCFDB facility list export", "record": "Planta Quercus", "url": "https://infcis.iaea.org/NFCFDB/Facilities", "retrieved": "2026-09-22"}], "coord_tier": null, "coord_source": null}}, {"type": "Feature", "geometry": null, "properties": {"id": "NFCFDB:spain:andujar", "name": "Andujar", "country": "Spain", "stage": "mining", "subtype": "Uranium Ore Processing", "fuel_type": null, "status": "Decommissioned", "scale": "Commercial", "capacity": "80 t U/year", "start": 1959, "end": 1981, "prov": [{"tier": 1, "source": "IAEA NFCFDB facility list export", "record": "Andujar", "url": "https://infcis.iaea.org/NFCFDB/Facilities", "retrieved": "2026-09-22"}], "coord_tier": null, "coord_source": null}}, {"type": "Feature", "geometry": {"type": "Point", "coordinates": [-2.62222, 40.70139]}, "properties": {"id": "NFCFDB:spain:trillo", "name": "Trillo NPP", "country": "Spain", "stage": "waste", "subtype": "AFR Dry Spent Fuel Storage", "fuel_type": null, "status": "In Operation", "scale": "Commercial", "capacity": "1045 t HM", "start": 2002, "end": null, "prov": [{"tier": 1, "source": "IAEA NFCFDB facility list export", "record": "Trillo NPP", "url": "https://infcis.iaea.org/NFCFDB/Facilities", "retrieved": "2026-09-22"}], "coord_tier": 3, "coord_source": "wikidata Q1739484"}}, {"type": "Feature", "geometry": null, "properties": {"id": "NFCFDB:spain:afr dry storage almaraz", "name": "AFR Dry storage Facility, Almaraz", "country": "Spain", "stage": "waste", "subtype": "AFR Dry Spent Fuel Storage", "fuel_type": "UOX for PWR", "status": "In Operation", "scale": "Commercial", "capacity": "297 t HM", "start": 2018, "end": null, "prov": [{"tier": 1, "source": "IAEA NFCFDB facility list export", "record": "AFR Dry storage Facility, Almaraz", "url": "https://infcis.iaea.org/NFCFDB/Facilities", "retrieved": "2026-09-22"}], "coord_tier": null, "coord_source": null}}, {"type": "Feature", "geometry": null, "properties": {"id": "NFCFDB:spain:afr dry storage jose cabrera", "name": "AFR dry storage facility-Jose Cabrera NPP", "country": "Spain", "stage": "waste", "subtype": "AFR Dry Spent Fuel Storage", "fuel_type": "UOX for PWR", "status": "In Operation", "scale": "Commercial", "capacity": "100 t HM", "start": 2021, "end": null, "prov": [{"tier": 1, "source": "IAEA NFCFDB facility list export", "record": "AFR dry storage facility-Jose Cabrera NPP", "url": "https://infcis.iaea.org/NFCFDB/Facilities", "retrieved": "2026-09-22"}], "coord_tier": null, "coord_source": null}}, {"type": "Feature", "geometry": null, "properties": {"id": "NFCFDB:spain:afr dsf asco", "name": "AFR DSF-ASCO", "country": "Spain", "stage": "waste", "subtype": "AFR Dry Spent Fuel Storage", "fuel_type": "UOX for PWR", "status": "In Operation", "scale": "Commercial", "capacity": "475 t HM", "start": 2013, "end": null, "prov": [{"tier": 1, "source": "IAEA NFCFDB facility list export", "record": "AFR DSF-ASCO", "url": "https://infcis.iaea.org/NFCFDB/Facilities", "retrieved": "2026-09-22"}], "coord_tier": null, "coord_source": null}}, {"type": "Feature", "geometry": null, "properties": {"id": "NFCFDB:spain:la virgen", "name": "La Virgen", "country": "Spain", "stage": "mining", "subtype": "Uranium Mining", "fuel_type": null, "status": "Decommissioned", "scale": null, "capacity": " ", "start": null, "end": null, "prov": [{"tier": 1, "source": "IAEA NFCFDB facility list export", "record": "La Virgen", "url": "https://infcis.iaea.org/NFCFDB/Facilities", "retrieved": "2026-09-22"}], "coord_tier": null, "coord_source": null}}, {"type": "Feature", "geometry": null, "properties": {"id": "NFCFDB:spain:montealegre u mine", "name": "Montealegre U mine", "country": "Spain", "stage": "mining", "subtype": "Uranium Mining", "fuel_type": null, "status": "Decommissioned", "scale": null, "capacity": " ", "start": null, "end": null, "prov": [{"tier": 1, "source": "IAEA NFCFDB facility list export", "record": "Montealegre U mine", "url": "https://infcis.iaea.org/NFCFDB/Facilities", "retrieved": "2026-09-22"}], "coord_tier": null, "coord_source": null}}, {"type": "Feature", "geometry": null, "properties": {"id": "NFCFDB:spain:navalsano u mine", "name": "Navalsano U Mine", "country": "Spain", "stage": "mining", "subtype": "Uranium Mining", "fuel_type": null, "status": "Decommissioned", "scale": null, "capacity": " ", "start": null, "end": null, "prov": [{"tier": 1, "source": "IAEA NFCFDB facility list export", "record": "Navalsano U Mine", "url": "https://infcis.iaea.org/NFCFDB/Facilities", "retrieved": "2026-09-22"}], "coord_tier": null, "coord_source": null}}, {"type": "Feature", "geometry": null, "properties": {"id": "NFCFDB:spain:cano u mine", "name": "Cano U mine", "country": "Spain", "stage": "mining", "subtype": "Uranium Mining", "fuel_type": null, "status": "Decommissioned", "scale": null, "capacity": " ", "start": null, "end": null, "prov": [{"tier": 1, "source": "IAEA NFCFDB facility list export", "record": "Cano U mine", "url": "https://infcis.iaea.org/NFCFDB/Facilities", "retrieved": "2026-09-22"}], "coord_tier": null, "coord_source": null}}, {"type": "Feature", "geometry": null, "properties": {"id": "NFCFDB:spain:trapero u mine", "name": "Trapero U Mine", "country": "Spain", "stage": "mining", "subtype": "Uranium Mining", "fuel_type": null, "status": "Decommissioned", "scale": null, "capacity": " ", "start": null, "end": null, "prov": [{"tier": 1, "source": "IAEA NFCFDB facility list export", "record": "Trapero U Mine", "url": "https://infcis.iaea.org/NFCFDB/Facilities", "retrieved": "2026-09-22"}], "coord_tier": null, "coord_source": null}}, {"type": "Feature", "geometry": null, "properties": {"id": "NFCFDB:spain:san vicente u mine", "name": "San Vicente U mine", "country": "Spain", "stage": "mining", "subtype": "Uranium Mining", "fuel_type": null, "status": "Decommissioned", "scale": null, "capacity": " ", "start": null, "end": null, "prov": [{"tier": 1, "source": "IAEA NFCFDB facility list export", "record": "San Vicente U mine", "url": "https://infcis.iaea.org/NFCFDB/Facilities", "retrieved": "2026-09-22"}], "coord_tier": null, "coord_source": null}}, {"type": "Feature", "geometry": null, "properties": {"id": "NFCFDB:spain:casilla de la flores u mine", "name": "Casilla de la Flores U mine", "country": "Spain", "stage": "mining", "subtype": "Uranium Mining", "fuel_type": null, "status": "Decommissioned", "scale": null, "capacity": " ", "start": null, "end": null, "prov": [{"tier": 1, "source": "IAEA NFCFDB facility list export", "record": "Casilla de la Flores U mine", "url": "https://infcis.iaea.org/NFCFDB/Facilities", "retrieved": "2026-09-22"}], "coord_tier": null, "coord_source": null}}, {"type": "Feature", "geometry": null, "properties": {"id": "NFCFDB:spain:vadellascon u mine", "name": "Vadellascon U mine", "country": "Spain", "stage": "mining", "subtype": "Uranium Mining", "fuel_type": null, "status": "Decommissioned", "scale": null, "capacity": " ", "start": null, "end": null, "prov": [{"tier": 1, "source": "IAEA NFCFDB facility list export", "record": "Vadellascon U mine", "url": "https://infcis.iaea.org/NFCFDB/Facilities", "retrieved": "2026-09-22"}], "coord_tier": null, "coord_source": null}}, {"type": "Feature", "geometry": null, "properties": {"id": "NFCFDB:spain:viesgo ii u mine", "name": "Viesgo II U  mine", "country": "Spain", "stage": "mining", "subtype": "Uranium Mining", "fuel_type": null, "status": "Decommissioned", "scale": null, "capacity": " ", "start": null, "end": null, "prov": [{"tier": 1, "source": "IAEA NFCFDB facility list export", "record": "Viesgo II U  mine", "url": "https://infcis.iaea.org/NFCFDB/Facilities", "retrieved": "2026-09-22"}], "coord_tier": null, "coord_source": null}}, {"type": "Feature", "geometry": null, "properties": {"id": "NFCFDB:spain:sevillana u mine", "name": "Sevillana U mine", "country": "Spain", "stage": "mining", "subtype": "Uranium Mining", "fuel_type": null, "status": "Decommissioned", "scale": null, "capacity": " ", "start": null, "end": null, "prov": [{"tier": 1, "source": "IAEA NFCFDB facility list export", "record": "Sevillana U mine", "url": "https://infcis.iaea.org/NFCFDB/Facilities", "retrieved": "2026-09-22"}], "coord_tier": null, "coord_source": null}}, {"type": "Feature", "geometry": null, "properties": {"id": "NFCFDB:spain:carretona u mine", "name": "Carretona U mine", "country": "Spain", "stage": "mining", "subtype": "Uranium Mining", "fuel_type": null, "status": "Decommissioned", "scale": null, "capacity": " ", "start": null, "end": null, "prov": [{"tier": 1, "source": "IAEA NFCFDB facility list export", "record": "Carretona U mine", "url": "https://infcis.iaea.org/NFCFDB/Facilities", "retrieved": "2026-09-22"}], "coord_tier": null, "coord_source": null}}, {"type": "Feature", "geometry": null, "properties": {"id": "NFCFDB:spain:ratones u mine", "name": "Ratones U mine", "country": "Spain", "stage": "mining", "subtype": "Uranium Mining", "fuel_type": null, "status": "Decommissioned", "scale": null, "capacity": " ", "start": null, "end": null, "prov": [{"tier": 1, "source": "IAEA NFCFDB facility list export", "record": "Ratones U mine", "url": "https://infcis.iaea.org/NFCFDB/Facilities", "retrieved": "2026-09-22"}], "coord_tier": null, "coord_source": null}}, {"type": "Feature", "geometry": null, "properties": {"id": "NFCFDB:spain:broncana u mine", "name": "Broncana U mine", "country": "Spain", "stage": "mining", "subtype": "Uranium Mining", "fuel_type": null, "status": "Decommissioned", "scale": null, "capacity": " ", "start": null, "end": null, "prov": [{"tier": 1, "source": "IAEA NFCFDB facility list export", "record": "Broncana U mine", "url": "https://infcis.iaea.org/NFCFDB/Facilities", "retrieved": "2026-09-22"}], "coord_tier": null, "coord_source": null}}, {"type": "Feature", "geometry": null, "properties": {"id": "NFCFDB:spain:cabra baja u mine", "name": "cabra baja U mine", "country": "Spain", "stage": "mining", "subtype": "Uranium Mining", "fuel_type": null, "status": "Decommissioned", "scale": null, "capacity": " ", "start": null, "end": null, "prov": [{"tier": 1, "source": "IAEA NFCFDB facility list export", "record": "cabra baja U mine", "url": "https://infcis.iaea.org/NFCFDB/Facilities", "retrieved": "2026-09-22"}], "coord_tier": null, "coord_source": null}}, {"type": "Feature", "geometry": null, "properties": {"id": "NFCFDB:spain:garguera", "name": "Garguera", "country": "Spain", "stage": "mining", "subtype": "Uranium Mining", "fuel_type": null, "status": "Decommissioned", "scale": null, "capacity": " ", "start": null, "end": null, "prov": [{"tier": 1, "source": "IAEA NFCFDB facility list export", "record": "Garguera", "url": "https://infcis.iaea.org/NFCFDB/Facilities", "retrieved": "2026-09-22"}], "coord_tier": null, "coord_source": null}}, {"type": "Feature", "geometry": null, "properties": {"id": "NFCFDB:spain:perdices", "name": "Perdices", "country": "Spain", "stage": "mining", "subtype": "Uranium Mining", "fuel_type": null, "status": "Decommissioned", "scale": null, "capacity": " ", "start": null, "end": null, "prov": [{"tier": 1, "source": "IAEA NFCFDB facility list export", "record": "Perdices", "url": "https://infcis.iaea.org/NFCFDB/Facilities", "retrieved": "2026-09-22"}], "coord_tier": null, "coord_source": null}}, {"type": "Feature", "geometry": null, "properties": {"id": "NFCFDB:spain:el sabio u mine", "name": "El Sabio U Mine", "country": "Spain", "stage": "mining", "subtype": "Uranium Mining", "fuel_type": null, "status": "Decommissioned", "scale": null, "capacity": " ", "start": null, "end": null, "prov": [{"tier": 1, "source": "IAEA NFCFDB facility list export", "record": "El Sabio U Mine", "url": "https://infcis.iaea.org/NFCFDB/Facilities", "retrieved": "2026-09-22"}], "coord_tier": null, "coord_source": null}}, {"type": "Feature", "geometry": null, "properties": {"id": "NFCFDB:spain:zafrilla u mine", "name": "Zafrilla U mine", "country": "Spain", "stage": "mining", "subtype": "Uranium Mining", "fuel_type": null, "status": "Decommissioned", "scale": null, "capacity": " ", "start": null, "end": null, "prov": [{"tier": 1, "source": "IAEA NFCFDB facility list export", "record": "Zafrilla U mine", "url": "https://infcis.iaea.org/NFCFDB/Facilities", "retrieved": "2026-09-22"}], "coord_tier": null, "coord_source": null}}, {"type": "Feature", "geometry": null, "properties": {"id": "NFCFDB:spain:pedregal u mine", "name": "Pedregal U mine", "country": "Spain", "stage": "mining", "subtype": "Uranium Mining", "fuel_type": null, "status": "Decommissioned", "scale": null, "capacity": " ", "start": null, "end": null, "prov": [{"tier": 1, "source": "IAEA NFCFDB facility list export", "record": "Pedregal U mine", "url": "https://infcis.iaea.org/NFCFDB/Facilities", "retrieved": "2026-09-22"}], "coord_tier": null, "coord_source": null}}, {"type": "Feature", "geometry": null, "properties": {"id": "NFCFDB:spain:maria lozano u mine", "name": "Maria Lozano U mine", "country": "Spain", "stage": "mining", "subtype": "Uranium Mining", "fuel_type": null, "status": "Decommissioned", "scale": null, "capacity": " ", "start": null, "end": null, "prov": [{"tier": 1, "source": "IAEA NFCFDB facility list export", "record": "Maria Lozano U mine", "url": "https://infcis.iaea.org/NFCFDB/Facilities", "retrieved": "2026-09-22"}], "coord_tier": null, "coord_source": null}}, {"type": "Feature", "geometry": null, "properties": {"id": "NFCFDB:spain:intermedia u mine", "name": "Intermedia U mine", "country": "Spain", "stage": "mining", "subtype": "Uranium Mining", "fuel_type": null, "status": "Decommissioned", "scale": null, "capacity": " ", "start": null, "end": null, "prov": [{"tier": 1, "source": "IAEA NFCFDB facility list export", "record": "Intermedia U mine", "url": "https://infcis.iaea.org/NFCFDB/Facilities", "retrieved": "2026-09-22"}], "coord_tier": null, "coord_source": null}}, {"type": "Feature", "geometry": null, "properties": {"id": "NFCFDB:spain:lobo u mine", "name": "Lobo U Mine", "country": "Spain", "stage": "mining", "subtype": "Uranium Mining", "fuel_type": null, "status": "Decommissioned", "scale": null, "capacity": " ", "start": null, "end": null, "prov": [{"tier": 1, "source": "IAEA NFCFDB facility list export", "record": "Lobo U Mine", "url": "https://infcis.iaea.org/NFCFDB/Facilities", "retrieved": "2026-09-22"}], "coord_tier": null, "coord_source": null}}, {"type": "Feature", "geometry": null, "properties": {"id": "NFCFDB:sweden:clab isf", "name": "Clab ISF", "country": "Sweden", "stage": "waste", "subtype": "AFR Wet Spent Fuel Storage (Pool)", "fuel_type": "UOX for PWR, UOX for BWR", "status": "In Operation", "scale": "Commercial", "capacity": "8000 t HM", "start": 1985, "end": null, "prov": [{"tier": 1, "source": "IAEA NFCFDB facility list export", "record": "Clab ISF", "url": "https://infcis.iaea.org/NFCFDB/Facilities", "retrieved": "2026-09-22"}], "coord_tier": null, "coord_source": null}}, {"type": "Feature", "geometry": null, "properties": {"id": "NFCFDB:sweden:sandvik materials technology", "name": "Sandvik Materials Technology", "country": "Sweden", "stage": "materials", "subtype": "Zirconium Alloy Tubing", "fuel_type": null, "status": "In Operation", "scale": "Commercial", "capacity": "1000 km/year", "start": 1958, "end": null, "prov": [{"tier": 1, "source": "IAEA NFCFDB facility list export", "record": "Sandvik Materials Technology", "url": "https://infcis.iaea.org/NFCFDB/Facilities", "retrieved": "2026-09-22"}], "coord_tier": null, "coord_source": null}}, {"type": "Feature", "geometry": null, "properties": {"id": "NFCFDB:sweden:westinghouse electric sweden ab", "name": "Westinghouse Electric Sweden AB", "country": "Sweden", "stage": "fabrication", "subtype": "Fuel Fabrication (U Pellet, Pin, FA)", "fuel_type": "UOX for PWR, UOX for BWR, UOX for VVER", "status": "In Operation", "scale": "Commercial", "capacity": "900 t HM/year", "start": 1971, "end": null, "prov": [{"tier": 1, "source": "IAEA NFCFDB facility list export", "record": "Westinghouse Electric Sweden AB", "url": "https://infcis.iaea.org/NFCFDB/Facilities", "retrieved": "2026-09-22"}], "coord_tier": null, "coord_source": null}}, {"type": "Feature", "geometry": null, "properties": {"id": "NFCFDB:sweden:ranstad mineral ab", "name": "Ranstad Mineral AB", "country": "Sweden", "stage": "mining", "subtype": "Uranium Ore Processing", "fuel_type": null, "status": "Decommissioned", "scale": "Commercial", "capacity": "120 t U/year", "start": 1965, "end": 2019, "prov": [{"tier": 1, "source": "IAEA NFCFDB facility list export", "record": "Ranstad Mineral AB", "url": "https://infcis.iaea.org/NFCFDB/Facilities", "retrieved": "2026-09-22"}], "coord_tier": null, "coord_source": null}}, {"type": "Feature", "geometry": null, "properties": {"id": "NFCFDB:sweden:studsvik ab", "name": "Studsvik Nuclear AB", "country": "Sweden", "stage": "waste", "subtype": "Disposal (HLW)", "fuel_type": null, "status": "In Operation", "scale": "Laboratory", "capacity": " ", "start": 1947, "end": null, "prov": [{"tier": 1, "source": "IAEA NFCFDB facility list export", "record": "Studsvik Nuclear AB", "url": "https://infcis.iaea.org/NFCFDB/Facilities", "retrieved": "2026-09-22"}], "coord_tier": null, "coord_source": null}}, {"type": "Feature", "geometry": null, "properties": {"id": "NFCFDB:sweden:sfr", "name": "SFR", "country": "Sweden", "stage": "waste", "subtype": "Disposal (HLW)", "fuel_type": null, "status": "In Operation", "scale": "Commercial", "capacity": "63000 t HM", "start": 1980, "end": null, "prov": [{"tier": 1, "source": "IAEA NFCFDB facility list export", "record": "SFR", "url": "https://infcis.iaea.org/NFCFDB/Facilities", "retrieved": "2026-09-22"}], "coord_tier": null, "coord_source": null}}, {"type": "Feature", "geometry": null, "properties": {"id": "NFCFDB:sweden:chalmers university technology", "name": "Chalmers university of Technology", "country": "Sweden", "stage": "waste", "subtype": "Disposal (HLW)", "fuel_type": null, "status": "In Operation", "scale": "Laboratory", "capacity": " ", "start": 2018, "end": null, "prov": [{"tier": 1, "source": "IAEA NFCFDB facility list export", "record": "Chalmers university of Technology", "url": "https://infcis.iaea.org/NFCFDB/Facilities", "retrieved": "2026-09-22"}], "coord_tier": null, "coord_source": null}}, {"type": "Feature", "geometry": null, "properties": {"id": "NFCFDB:sweden:cyclife", "name": "Cyclife", "country": "Sweden", "stage": "other", "subtype": "Other-Related Industrial Activities", "fuel_type": null, "status": "In Operation", "scale": "Commercial", "capacity": "5000 t/year", "start": 2016, "end": null, "prov": [{"tier": 1, "source": "IAEA NFCFDB facility list export", "record": "Cyclife", "url": "https://infcis.iaea.org/NFCFDB/Facilities", "retrieved": "2026-09-22"}], "coord_tier": null, "coord_source": null}}, {"type": "Feature", "geometry": null, "properties": {"id": "NFCFDB:switzerland:zwilag", "name": "ZWILAG", "country": "Switzerland", "stage": "waste", "subtype": "AFR Dry Spent Fuel Storage", "fuel_type": null, "status": "In Operation", "scale": "Commercial", "capacity": "2500 t HM", "start": 2001, "end": null, "prov": [{"tier": 1, "source": "IAEA NFCFDB facility list export", "record": "ZWILAG", "url": "https://infcis.iaea.org/NFCFDB/Facilities", "retrieved": "2026-09-22"}], "coord_tier": null, "coord_source": null}}, {"type": "Feature", "geometry": null, "properties": {"id": "NFCFDB:switzerland:zwibez", "name": "ZWIBEZ", "country": "Switzerland", "stage": "waste", "subtype": "AFR Dry Spent Fuel Storage", "fuel_type": null, "status": "In Operation", "scale": "Commercial", "capacity": "600 t HM", "start": 2010, "end": null, "prov": [{"tier": 1, "source": "IAEA NFCFDB facility list export", "record": "ZWIBEZ", "url": "https://infcis.iaea.org/NFCFDB/Facilities", "retrieved": "2026-09-22"}], "coord_tier": null, "coord_source": null}}, {"type": "Feature", "geometry": null, "properties": {"id": "NFCFDB:syrian arab republic:syrian fertilizers", "name": "Syrian fertilizers plant", "country": "Syrian Arab Republic", "stage": "other", "subtype": "Uranium Recovery from Phosphates", "fuel_type": null, "status": "Under Construction", "scale": "Pilot plant", "capacity": "0 t U/year", "start": null, "end": null, "prov": [{"tier": 1, "source": "IAEA NFCFDB facility list export", "record": "Syrian fertilizers plant", "url": "https://infcis.iaea.org/NFCFDB/Facilities", "retrieved": "2026-09-22"}], "coord_tier": null, "coord_source": null}}, {"type": "Feature", "geometry": null, "properties": {"id": "NFCFDB:tajikistan:state unitary interprise tajik rare metals tajredmet", "name": "State Unitary Interprise \"Tajik Rare metals-Tajredmet\"", "country": "Tajikistan", "stage": "mining", "subtype": "Uranium Ore Processing", "fuel_type": null, "status": "Shutdown", "scale": "Commercial", "capacity": "2000 t U/year", "start": null, "end": 1993, "prov": [{"tier": 1, "source": "IAEA NFCFDB facility list export", "record": "State Unitary Interprise \"Tajik Rare metals-Tajredmet\"", "url": "https://infcis.iaea.org/NFCFDB/Facilities", "retrieved": "2026-09-22"}], "coord_tier": null, "coord_source": null}}, {"type": "Feature", "geometry": null, "properties": {"id": "NFCFDB:thailand:trr 1 m1 spent fuel storage", "name": "TRR-1/M1 Spent fuel storage facility", "country": "Thailand", "stage": "waste", "subtype": "AR Spent Fuel Storage (Wet)", "fuel_type": "Fuel for Research Reactor", "status": "In Operation", "scale": "Commercial", "capacity": "100 Elements/year", "start": 1977, "end": 2043, "prov": [{"tier": 1, "source": "IAEA NFCFDB facility list export", "record": "TRR-1/M1 Spent fuel storage facility", "url": "https://infcis.iaea.org/NFCFDB/Facilities", "retrieved": "2026-09-22"}], "coord_tier": null, "coord_source": null}}, {"type": "Feature", "geometry": null, "properties": {"id": "NFCFDB:tunisia:gabes", "name": "Gabes", "country": "Tunisia", "stage": "other", "subtype": "Uranium Recovery from Phosphates", "fuel_type": null, "status": "Others", "scale": "Commercial", "capacity": "120 t U/year", "start": null, "end": null, "prov": [{"tier": 1, "source": "IAEA NFCFDB facility list export", "record": "Gabes", "url": "https://infcis.iaea.org/NFCFDB/Facilities", "retrieved": "2026-09-22"}], "coord_tier": null, "coord_source": null}}, {"type": "Feature", "geometry": null, "properties": {"id": "NFCFDB:turkiye:cnrc fuel pilot conversion", "name": "CNRC Nuclear Fuel Pilot Plant - Conversion", "country": "Türkiye", "stage": "conversion", "subtype": "Conversion to UO2", "fuel_type": null, "status": "In Operation", "scale": "Pilot plant", "capacity": "0.1 t HM/year", "start": 1986, "end": null, "prov": [{"tier": 1, "source": "IAEA NFCFDB facility list export", "record": "CNRC Nuclear Fuel Pilot Plant - Conversion", "url": "https://infcis.iaea.org/NFCFDB/Facilities", "retrieved": "2026-09-22"}], "coord_tier": null, "coord_source": null}}, {"type": "Feature", "geometry": null, "properties": {"id": "NFCFDB:turkiye:koprubasi pilot", "name": "Koprubasi Pilot Plant", "country": "Türkiye", "stage": "mining", "subtype": "Uranium Ore Processing", "fuel_type": null, "status": "Shutdown", "scale": "Pilot plant", "capacity": "1 t U/year", "start": 1974, "end": 1982, "prov": [{"tier": 1, "source": "IAEA NFCFDB facility list export", "record": "Koprubasi Pilot Plant", "url": "https://infcis.iaea.org/NFCFDB/Facilities", "retrieved": "2026-09-22"}], "coord_tier": null, "coord_source": null}}, {"type": "Feature", "geometry": null, "properties": {"id": "NFCFDB:turkiye:mta technology lab", "name": "MTA Technology Lab.", "country": "Türkiye", "stage": "other", "subtype": "Uranium Recovery from Phosphates", "fuel_type": null, "status": "Shutdown", "scale": "Pilot plant", "capacity": "0.1 t U/year", "start": 1987, "end": 1990, "prov": [{"tier": 1, "source": "IAEA NFCFDB facility list export", "record": "MTA Technology Lab.", "url": "https://infcis.iaea.org/NFCFDB/Facilities", "retrieved": "2026-09-22"}], "coord_tier": null, "coord_source": null}}, {"type": "Feature", "geometry": null, "properties": {"id": "NFCFDB:turkiye:mta technology lab tho2 recovery", "name": "MTA Technology Lab - ThO2 Recovery", "country": "Türkiye", "stage": "mining", "subtype": "Uranium Ore Processing", "fuel_type": null, "status": "Shutdown", "scale": "Laboratory", "capacity": "0 t U/year", "start": 2003, "end": 2006, "prov": [{"tier": 1, "source": "IAEA NFCFDB facility list export", "record": "MTA Technology Lab - ThO2 Recovery", "url": "https://infcis.iaea.org/NFCFDB/Facilities", "retrieved": "2026-09-22"}], "coord_tier": null, "coord_source": null}}, {"type": "Feature", "geometry": null, "properties": {"id": "NFCFDB:turkiye:cnrc fuel pilot pellet production", "name": "CNRC Nuclear Fuel Pilot Plant - Pellet Production", "country": "Türkiye", "stage": "fabrication", "subtype": "Fuel Fabrication (U Pellet, Pin, FA)", "fuel_type": null, "status": "In Operation", "scale": "Pilot plant", "capacity": "0.1 t HM/year", "start": 1986, "end": null, "prov": [{"tier": 1, "source": "IAEA NFCFDB facility list export", "record": "CNRC Nuclear Fuel Pilot Plant - Pellet Production", "url": "https://infcis.iaea.org/NFCFDB/Facilities", "retrieved": "2026-09-22"}], "coord_tier": null, "coord_source": null}}, {"type": "Feature", "geometry": null, "properties": {"id": "NFCFDB:turkiye:mta technology lab uranium ore processing", "name": "MTA Technology Lab - Uranium Ore Processing", "country": "Türkiye", "stage": "mining", "subtype": "Uranium Ore Processing", "fuel_type": null, "status": "Shutdown", "scale": "Laboratory", "capacity": "0 t U/year", "start": 2009, "end": 2010, "prov": [{"tier": 1, "source": "IAEA NFCFDB facility list export", "record": "MTA Technology Lab - Uranium Ore Processing", "url": "https://infcis.iaea.org/NFCFDB/Facilities", "retrieved": "2026-09-22"}], "coord_tier": null, "coord_source": null}}, {"type": "Feature", "geometry": null, "properties": {"id": "NFCFDB:turkiye:rwmf", "name": "RWMF", "country": "Türkiye", "stage": "waste", "subtype": "Disposal (LILW)", "fuel_type": null, "status": "In Operation", "scale": "Commercial", "capacity": "5000 m3", "start": 1989, "end": 2035, "prov": [{"tier": 1, "source": "IAEA NFCFDB facility list export", "record": "RWMF", "url": "https://infcis.iaea.org/NFCFDB/Facilities", "retrieved": "2026-09-22"}], "coord_tier": null, "coord_source": null}}, {"type": "Feature", "geometry": null, "properties": {"id": "NFCFDB:ukraine:dnieprodzerzynsk", "name": "Dnieprodzerzynsk", "country": "Ukraine", "stage": "mining", "subtype": "Uranium Ore Processing", "fuel_type": null, "status": "Decommissioned", "scale": "Commercial", "capacity": "0 t U/year", "start": 1947, "end": 1990, "prov": [{"tier": 1, "source": "IAEA NFCFDB facility list export", "record": "Dnieprodzerzynsk", "url": "https://infcis.iaea.org/NFCFDB/Facilities", "retrieved": "2026-09-22"}], "coord_tier": null, "coord_source": null}}, {"type": "Feature", "geometry": null, "properties": {"id": "NFCFDB:ukraine:chernobyl site", "name": "Chernobyl NPP Site", "country": "Ukraine", "stage": "waste", "subtype": "AFR Wet Spent Fuel Storage (Pool)", "fuel_type": null, "status": "In Operation", "scale": "Commercial", "capacity": "2518 t HM", "start": 1986, "end": 2025, "prov": [{"tier": 1, "source": "IAEA NFCFDB facility list export", "record": "Chernobyl NPP Site", "url": "https://infcis.iaea.org/NFCFDB/Facilities", "retrieved": "2026-09-22"}], "coord_tier": null, "coord_source": null}}, {"type": "Feature", "geometry": null, "properties": {"id": "NFCFDB:ukraine:zheltiye vody", "name": "Zheltiye Vody", "country": "Ukraine", "stage": "mining", "subtype": "Uranium Ore Processing", "fuel_type": null, "status": "In Operation", "scale": "Commercial", "capacity": "1000 t U/year", "start": 1959, "end": null, "prov": [{"tier": 1, "source": "IAEA NFCFDB facility list export", "record": "Zheltiye Vody", "url": "https://infcis.iaea.org/NFCFDB/Facilities", "retrieved": "2026-09-22"}], "coord_tier": null, "coord_source": null}}, {"type": "Feature", "geometry": null, "properties": {"id": "NFCFDB:ukraine:chernobyl site", "name": "Chernobyl NPP Site", "country": "Ukraine", "stage": "waste", "subtype": "AFR Dry Spent Fuel Storage", "fuel_type": null, "status": "Others", "scale": "Commercial", "capacity": "21350 Cask-Bund.", "start": 2004, "end": null, "prov": [{"tier": 1, "source": "IAEA NFCFDB facility list export", "record": "Chernobyl NPP Site", "url": "https://infcis.iaea.org/NFCFDB/Facilities", "retrieved": "2026-09-22"}], "coord_tier": null, "coord_source": null}}, {"type": "Feature", "geometry": null, "properties": {"id": "NFCFDB:ukraine:centralised spent fuel storage", "name": "Centralised  spent fuel storage facility", "country": "Ukraine", "stage": "waste", "subtype": "AFR Dry Spent Fuel Storage", "fuel_type": null, "status": "In Operation", "scale": "Commercial", "capacity": "16529 Elements/year", "start": 2023, "end": null, "prov": [{"tier": 1, "source": "IAEA NFCFDB facility list export", "record": "Centralised  spent fuel storage facility", "url": "https://infcis.iaea.org/NFCFDB/Facilities", "retrieved": "2026-09-22"}], "coord_tier": null, "coord_source": null}}, {"type": "Feature", "geometry": null, "properties": {"id": "NFCFDB:united kingdom:nda capenhurst gd", "name": "NDA Capenhurst (GD)", "country": "United Kingdom", "stage": "enrichment", "subtype": "Uranium Enrichment", "fuel_type": null, "status": "Decommissioned", "scale": "Commercial", "capacity": "350 MTSWU/year", "start": 1953, "end": 1982, "prov": [{"tier": 1, "source": "IAEA NFCFDB facility list export", "record": "NDA Capenhurst (GD)", "url": "https://infcis.iaea.org/NFCFDB/Facilities", "retrieved": "2026-09-22"}], "coord_tier": null, "coord_source": null}}, {"type": "Feature", "geometry": null, "properties": {"id": "NFCFDB:united kingdom:springfields main line chemical", "name": "Springfields Main Line Chemical Plant", "country": "United Kingdom", "stage": "conversion", "subtype": "Conversion to UF4", "fuel_type": null, "status": "In Operation", "scale": "Commercial", "capacity": "10000 t HM/year", "start": 1960, "end": null, "prov": [{"tier": 1, "source": "IAEA NFCFDB facility list export", "record": "Springfields Main Line Chemical Plant", "url": "https://infcis.iaea.org/NFCFDB/Facilities", "retrieved": "2026-09-22"}], "coord_tier": null, "coord_source": null}}, {"type": "Feature", "geometry": null, "properties": {"id": "NFCFDB:united kingdom:springfields agr fuel canning", "name": "Springfields AGR Fuel Canning Plant", "country": "United Kingdom", "stage": "fabrication", "subtype": "Fuel Fabrication (U Pellet, Pin, FA)", "fuel_type": "Fuel for GCR/AGR", "status": "Shutdown", "scale": "Commercial", "capacity": "300 t U/year", "start": 1968, "end": 1999, "prov": [{"tier": 1, "source": "IAEA NFCFDB facility list export", "record": "Springfields AGR Fuel Canning Plant", "url": "https://infcis.iaea.org/NFCFDB/Facilities", "retrieved": "2026-09-22"}], "coord_tier": null, "coord_source": null}}, {"type": "Feature", "geometry": null, "properties": {"id": "NFCFDB:united kingdom:springfields magnox canning", "name": "Springfields Magnox Canning Plant", "country": "United Kingdom", "stage": "fabrication", "subtype": "Fuel Fabrication (U Pellet, Pin, FA)", "fuel_type": "Fuel for GCR/AGR", "status": "Shutdown", "scale": "Commercial", "capacity": "1000 t U/year", "start": 1960, "end": 2011, "prov": [{"tier": 1, "source": "IAEA NFCFDB facility list export", "record": "Springfields Magnox Canning Plant", "url": "https://infcis.iaea.org/NFCFDB/Facilities", "retrieved": "2026-09-22"}], "coord_tier": null, "coord_source": null}}, {"type": "Feature", "geometry": null, "properties": {"id": "NFCFDB:united kingdom:springfields oxide fuel complex pwr", "name": "Springfields Oxide Fuel Complex (PWR)", "country": "United Kingdom", "stage": "fabrication", "subtype": "Fuel Fabrication (U Pellet, Pin, FA)", "fuel_type": "UOX for PWR", "status": "In Operation", "scale": "Commercial", "capacity": "200 t U/year", "start": 1993, "end": null, "prov": [{"tier": 1, "source": "IAEA NFCFDB facility list export", "record": "Springfields Oxide Fuel Complex (PWR)", "url": "https://infcis.iaea.org/NFCFDB/Facilities", "retrieved": "2026-09-22"}], "coord_tier": null, "coord_source": null}}, {"type": "Feature", "geometry": null, "properties": {"id": "NFCFDB:united kingdom:springfields hex conversion", "name": "Springfields ( Hex Conversion)", "country": "United Kingdom", "stage": "conversion", "subtype": "Conversion to UF6", "fuel_type": null, "status": "In Operation", "scale": "Commercial", "capacity": "6000 t HM/year", "start": 1993, "end": null, "prov": [{"tier": 1, "source": "IAEA NFCFDB facility list export", "record": "Springfields ( Hex Conversion)", "url": "https://infcis.iaea.org/NFCFDB/Facilities", "retrieved": "2026-09-22"}], "coord_tier": null, "coord_source": null}}, {"type": "Feature", "geometry": null, "properties": {"id": "NFCFDB:united kingdom:springfields u metal", "name": "Springfields U Metal Plant", "country": "United Kingdom", "stage": "conversion", "subtype": "Conversion to U Metal", "fuel_type": null, "status": "Decommissioning", "scale": "Commercial", "capacity": "2000 t HM/year", "start": 1960, "end": 2006, "prov": [{"tier": 1, "source": "IAEA NFCFDB facility list export", "record": "Springfields U Metal Plant", "url": "https://infcis.iaea.org/NFCFDB/Facilities", "retrieved": "2026-09-22"}], "coord_tier": null, "coord_source": null}}, {"type": "Feature", "geometry": null, "properties": {"id": "NFCFDB:united kingdom:nda sellafield magnox reprocessing", "name": "NDA Sellafield Magnox Reprocessing", "country": "United Kingdom", "stage": "reprocessing", "subtype": "Spent Fuel Reprocessing - aqueous route", "fuel_type": null, "status": "In Operation", "scale": "Commercial", "capacity": "1000 t U/year", "start": 1964, "end": 2020, "prov": [{"tier": 1, "source": "IAEA NFCFDB facility list export", "record": "NDA Sellafield Magnox Reprocessing", "url": "https://infcis.iaea.org/NFCFDB/Facilities", "retrieved": "2026-09-22"}], "coord_tier": null, "coord_source": null}}, {"type": "Feature", "geometry": null, "properties": {"id": "NFCFDB:united kingdom:nda sellafield pond 3", "name": "NDA Sellafield Pond 3", "country": "United Kingdom", "stage": "waste", "subtype": "AFR Wet Spent Fuel Storage (Pool)", "fuel_type": null, "status": "In Operation", "scale": "Commercial", "capacity": "2300 t HM", "start": 1964, "end": 2046, "prov": [{"tier": 1, "source": "IAEA NFCFDB facility list export", "record": "NDA Sellafield Pond 3", "url": "https://infcis.iaea.org/NFCFDB/Facilities", "retrieved": "2026-09-22"}], "coord_tier": null, "coord_source": null}}, {"type": "Feature", "geometry": null, "properties": {"id": "NFCFDB:united kingdom:nda sellafield pond", "name": "NDA Sellafield  Pond", "country": "United Kingdom", "stage": "waste", "subtype": "AFR Wet Spent Fuel Storage (Pool)", "fuel_type": null, "status": "Decommissioning", "scale": "Commercial", "capacity": "1500 t HM", "start": 1960, "end": 1986, "prov": [{"tier": 1, "source": "IAEA NFCFDB facility list export", "record": "NDA Sellafield  Pond", "url": "https://infcis.iaea.org/NFCFDB/Facilities", "retrieved": "2026-09-22"}], "coord_tier": null, "coord_source": null}}, {"type": "Feature", "geometry": null, "properties": {"id": "NFCFDB:united kingdom:nda reprocessing mtr", "name": "NDA Reprocessing Plant, MTR", "country": "United Kingdom", "stage": "reprocessing", "subtype": "Spent Fuel Reprocessing - aqueous route", "fuel_type": null, "status": "Decommissioning", "scale": "Commercial", "capacity": "0.2 t HM/year", "start": 1958, "end": 1998, "prov": [{"tier": 1, "source": "IAEA NFCFDB facility list export", "record": "NDA Reprocessing Plant, MTR", "url": "https://infcis.iaea.org/NFCFDB/Facilities", "retrieved": "2026-09-22"}], "coord_tier": null, "coord_source": null}}, {"type": "Feature", "geometry": null, "properties": {"id": "NFCFDB:united kingdom:nda reprocessing mox", "name": "NDA Reprocessing Plant, MOX", "country": "United Kingdom", "stage": "reprocessing", "subtype": "Spent Fuel Reprocessing - aqueous route", "fuel_type": null, "status": "Decommissioning", "scale": "Commercial", "capacity": "4 t HM/year", "start": 1980, "end": 1998, "prov": [{"tier": 1, "source": "IAEA NFCFDB facility list export", "record": "NDA Reprocessing Plant, MOX", "url": "https://infcis.iaea.org/NFCFDB/Facilities", "retrieved": "2026-09-22"}], "coord_tier": null, "coord_source": null}}, {"type": "Feature", "geometry": null, "properties": {"id": "NFCFDB:united kingdom:springfields line 3 hex", "name": "Springfields Line 3 Hex Plant", "country": "United Kingdom", "stage": "conversion", "subtype": "Conversion to UF6", "fuel_type": null, "status": "Decommissioned", "scale": "Commercial", "capacity": "1200 t HM/year", "start": null, "end": null, "prov": [{"tier": 1, "source": "IAEA NFCFDB facility list export", "record": "Springfields Line 3 Hex Plant", "url": "https://infcis.iaea.org/NFCFDB/Facilities", "retrieved": "2026-09-22"}], "coord_tier": null, "coord_source": null}}, {"type": "Feature", "geometry": null, "properties": {"id": "NFCFDB:united kingdom:nda sellafield fuel handling", "name": "NDA Sellafield Fuel Handling Plant", "country": "United Kingdom", "stage": "waste", "subtype": "AFR Wet Spent Fuel Storage (Pool)", "fuel_type": null, "status": "In Operation", "scale": "Commercial", "capacity": "2700 t HM", "start": 1986, "end": null, "prov": [{"tier": 1, "source": "IAEA NFCFDB facility list export", "record": "NDA Sellafield Fuel Handling Plant", "url": "https://infcis.iaea.org/NFCFDB/Facilities", "retrieved": "2026-09-22"}], "coord_tier": null, "coord_source": null}}, {"type": "Feature", "geometry": null, "properties": {"id": "NFCFDB:united kingdom:nda sellafield pond 4", "name": "NDA Sellafield Pond 4", "country": "United Kingdom", "stage": "waste", "subtype": "AFR Wet Spent Fuel Storage (Pool)", "fuel_type": null, "status": "In Operation", "scale": "Commercial", "capacity": "1500 t HM", "start": 1981, "end": 2040, "prov": [{"tier": 1, "source": "IAEA NFCFDB facility list export", "record": "NDA Sellafield Pond 4", "url": "https://infcis.iaea.org/NFCFDB/Facilities", "retrieved": "2026-09-22"}], "coord_tier": null, "coord_source": null}}, {"type": "Feature", "geometry": null, "properties": {"id": "NFCFDB:united kingdom:nda mox for fbr", "name": "NDA MOX For FBR", "country": "United Kingdom", "stage": "fabrication", "subtype": "MOX fuel fabrication (Mox Powder, Pellet, Pin, FA)", "fuel_type": null, "status": "Shutdown", "scale": "Commercial", "capacity": "6 t HM/year", "start": 1970, "end": 1988, "prov": [{"tier": 1, "source": "IAEA NFCFDB facility list export", "record": "NDA MOX For FBR", "url": "https://infcis.iaea.org/NFCFDB/Facilities", "retrieved": "2026-09-22"}], "coord_tier": null, "coord_source": null}}, {"type": "Feature", "geometry": null, "properties": {"id": "NFCFDB:united kingdom:nda sellafield mox smp", "name": "NDA Sellafield MOX Plant (SMP)", "country": "United Kingdom", "stage": "fabrication", "subtype": "MOX fuel fabrication (Mox Powder, Pellet, Pin, FA)", "fuel_type": null, "status": "Shutdown", "scale": "Commercial", "capacity": " t HM/year", "start": 1999, "end": 2012, "prov": [{"tier": 1, "source": "IAEA NFCFDB facility list export", "record": "NDA Sellafield MOX Plant (SMP)", "url": "https://infcis.iaea.org/NFCFDB/Facilities", "retrieved": "2026-09-22"}], "coord_tier": null, "coord_source": null}}, {"type": "Feature", "geometry": null, "properties": {"id": "NFCFDB:united kingdom:nda thorp rt and st 1 2", "name": "NDA Thorp RT and ST-1,2", "country": "United Kingdom", "stage": "waste", "subtype": "AFR Wet Spent Fuel Storage (Pool)", "fuel_type": null, "status": "In Operation", "scale": "Commercial", "capacity": "3800 t HM", "start": 1988, "end": 2085, "prov": [{"tier": 1, "source": "IAEA NFCFDB facility list export", "record": "NDA Thorp RT and ST-1,2", "url": "https://infcis.iaea.org/NFCFDB/Facilities", "retrieved": "2026-09-22"}], "coord_tier": null, "coord_source": null}}, {"type": "Feature", "geometry": null, "properties": {"id": "NFCFDB:united kingdom:nda sellafield thorp", "name": "NDA Sellafield Thorp", "country": "United Kingdom", "stage": "reprocessing", "subtype": "Spent Fuel Reprocessing - aqueous route", "fuel_type": null, "status": "Shutdown", "scale": "Commercial", "capacity": "900 t U/year", "start": 1994, "end": 2018, "prov": [{"tier": 1, "source": "IAEA NFCFDB facility list export", "record": "NDA Sellafield Thorp", "url": "https://infcis.iaea.org/NFCFDB/Facilities", "retrieved": "2026-09-22"}], "coord_tier": null, "coord_source": null}}, {"type": "Feature", "geometry": null, "properties": {"id": "NFCFDB:united kingdom:urenco uk", "name": "Urenco UK", "country": "United Kingdom", "stage": "enrichment", "subtype": "Uranium Enrichment", "fuel_type": null, "status": "In Operation", "scale": "Commercial", "capacity": "4500 MTSWU/year", "start": 1972, "end": null, "prov": [{"tier": 1, "source": "IAEA NFCFDB facility list export", "record": "Urenco UK", "url": "https://infcis.iaea.org/NFCFDB/Facilities", "retrieved": "2026-09-22"}], "coord_tier": null, "coord_source": null}}, {"type": "Feature", "geometry": null, "properties": {"id": "NFCFDB:united kingdom:nda sellafield mdf mox demonstration", "name": "NDA Sellafield MDF (MOX Demonstration Facility)", "country": "United Kingdom", "stage": "fabrication", "subtype": "MOX fuel fabrication (Mox Powder, Pellet, Pin, FA)", "fuel_type": null, "status": "Shutdown", "scale": "Pilot plant", "capacity": "8 t HM/year", "start": 1993, "end": 2000, "prov": [{"tier": 1, "source": "IAEA NFCFDB facility list export", "record": "NDA Sellafield MDF (MOX Demonstration Facility)", "url": "https://infcis.iaea.org/NFCFDB/Facilities", "retrieved": "2026-09-22"}], "coord_tier": null, "coord_source": null}}, {"type": "Feature", "geometry": null, "properties": {"id": "NFCFDB:united kingdom:nda fuel fabrication", "name": "NDA Fuel Fabrication Plant", "country": "United Kingdom", "stage": "fabrication", "subtype": "Fuel Fabrication (Research Reactors)", "fuel_type": null, "status": "Decommissioned", "scale": "Commercial", "capacity": "500 Elements/year", "start": 1957, "end": 2004, "prov": [{"tier": 1, "source": "IAEA NFCFDB facility list export", "record": "NDA Fuel Fabrication Plant", "url": "https://infcis.iaea.org/NFCFDB/Facilities", "retrieved": "2026-09-22"}], "coord_tier": null, "coord_source": null}}, {"type": "Feature", "geometry": null, "properties": {"id": "NFCFDB:united kingdom:dounreay fuel storage", "name": "DOUNREAY Fuel Storage Facility", "country": "United Kingdom", "stage": "waste", "subtype": "AFR Wet Spent Fuel Storage (Pool)", "fuel_type": null, "status": "In Operation", "scale": "Commercial", "capacity": "20 t HM", "start": 1982, "end": null, "prov": [{"tier": 1, "source": "IAEA NFCFDB facility list export", "record": "DOUNREAY Fuel Storage Facility", "url": "https://infcis.iaea.org/NFCFDB/Facilities", "retrieved": "2026-09-22"}], "coord_tier": null, "coord_source": null}}, {"type": "Feature", "geometry": null, "properties": {"id": "NFCFDB:united kingdom:nda conversion", "name": "NDA Conversion Plant", "country": "United Kingdom", "stage": "conversion", "subtype": "Conversion to U Metal", "fuel_type": null, "status": "Decommissioning", "scale": "Commercial", "capacity": "4 t HM/year", "start": 1957, "end": null, "prov": [{"tier": 1, "source": "IAEA NFCFDB facility list export", "record": "NDA Conversion Plant", "url": "https://infcis.iaea.org/NFCFDB/Facilities", "retrieved": "2026-09-22"}], "coord_tier": null, "coord_source": null}}, {"type": "Feature", "geometry": null, "properties": {"id": "NFCFDB:united kingdom:springfields line 4 hex", "name": "Springfields Line 4 Hex Plant", "country": "United Kingdom", "stage": "conversion", "subtype": "Conversion to UF6", "fuel_type": null, "status": "In Operation", "scale": "Commercial", "capacity": "6000 t U/year", "start": 1993, "end": null, "prov": [{"tier": 1, "source": "IAEA NFCFDB facility list export", "record": "Springfields Line 4 Hex Plant", "url": "https://infcis.iaea.org/NFCFDB/Facilities", "retrieved": "2026-09-22"}], "coord_tier": null, "coord_source": null}}, {"type": "Feature", "geometry": null, "properties": {"id": "NFCFDB:united kingdom:springfields ofc agr line", "name": "Springfields OFC AGR Line", "country": "United Kingdom", "stage": "fabrication", "subtype": "Fuel Fabrication (U Pellet, Pin, FA)", "fuel_type": "Fuel for GCR/AGR", "status": "In Operation", "scale": "Commercial", "capacity": "290 t U/year", "start": 1996, "end": null, "prov": [{"tier": 1, "source": "IAEA NFCFDB facility list export", "record": "Springfields OFC AGR Line", "url": "https://infcis.iaea.org/NFCFDB/Facilities", "retrieved": "2026-09-22"}], "coord_tier": null, "coord_source": null}}, {"type": "Feature", "geometry": null, "properties": {"id": "NFCFDB:united kingdom:springfields uo2 conversion", "name": "Springfields ( UO2 Conversion)", "country": "United Kingdom", "stage": "conversion", "subtype": "Conversion to UO2", "fuel_type": null, "status": "In Operation", "scale": "Commercial", "capacity": "900 t U/year", "start": 1993, "end": null, "prov": [{"tier": 1, "source": "IAEA NFCFDB facility list export", "record": "Springfields ( UO2 Conversion)", "url": "https://infcis.iaea.org/NFCFDB/Facilities", "retrieved": "2026-09-22"}], "coord_tier": null, "coord_source": null}}, {"type": "Feature", "geometry": null, "properties": {"id": "NFCFDB:united kingdom:springfields ofc lwr line", "name": "Springfields OFC LWR Line", "country": "United Kingdom", "stage": "fabrication", "subtype": "Fuel Fabrication (U Pellet, Pin, FA)", "fuel_type": "UOX for PWR, UOX for BWR", "status": "Shutdown", "scale": "Commercial", "capacity": "200 t U/year", "start": 1996, "end": 1999, "prov": [{"tier": 1, "source": "IAEA NFCFDB facility list export", "record": "Springfields OFC LWR Line", "url": "https://infcis.iaea.org/NFCFDB/Facilities", "retrieved": "2026-09-22"}], "coord_tier": null, "coord_source": null}}, {"type": "Feature", "geometry": null, "properties": {"id": "NFCFDB:united kingdom:springfields idr", "name": "Springfields IDR Plant", "country": "United Kingdom", "stage": "conversion", "subtype": "Conversion to UO2", "fuel_type": null, "status": "Decommissioning", "scale": "Commercial", "capacity": "500 t HM/year", "start": 1970, "end": 1999, "prov": [{"tier": 1, "source": "IAEA NFCFDB facility list export", "record": "Springfields IDR Plant", "url": "https://infcis.iaea.org/NFCFDB/Facilities", "retrieved": "2026-09-22"}], "coord_tier": null, "coord_source": null}}, {"type": "Feature", "geometry": null, "properties": {"id": "NFCFDB:united kingdom:miscellaneous pellet", "name": "Miscellaneous Pellet Plant", "country": "United Kingdom", "stage": "fabrication", "subtype": "Fuel Fabrication (U Pellet, Pin, FA)", "fuel_type": null, "status": "Decommissioning", "scale": "Commercial", "capacity": "150 t HM/year", "start": 1985, "end": 1998, "prov": [{"tier": 1, "source": "IAEA NFCFDB facility list export", "record": "Miscellaneous Pellet Plant", "url": "https://infcis.iaea.org/NFCFDB/Facilities", "retrieved": "2026-09-22"}], "coord_tier": null, "coord_source": null}}, {"type": "Feature", "geometry": null, "properties": {"id": "NFCFDB:united kingdom:springfields enr u residue recovery", "name": "Springfields Enr. U Residue Recovery Plant", "country": "United Kingdom", "stage": "conversion", "subtype": "Conversion to UO2", "fuel_type": null, "status": "In Operation", "scale": "Commercial", "capacity": "65 t HM/year", "start": 1985, "end": null, "prov": [{"tier": 1, "source": "IAEA NFCFDB facility list export", "record": "Springfields Enr. U Residue Recovery Plant", "url": "https://infcis.iaea.org/NFCFDB/Facilities", "retrieved": "2026-09-22"}], "coord_tier": null, "coord_source": null}}, {"type": "Feature", "geometry": null, "properties": {"id": "NFCFDB:united kingdom:nda wylfa site", "name": "NDA Wylfa NPP Site", "country": "United Kingdom", "stage": "waste", "subtype": "AFR Dry Spent Fuel Storage", "fuel_type": null, "status": "In Operation", "scale": "Commercial", "capacity": "700 t HM", "start": 1979, "end": 2015, "prov": [{"tier": 1, "source": "IAEA NFCFDB facility list export", "record": "NDA Wylfa NPP Site", "url": "https://infcis.iaea.org/NFCFDB/Facilities", "retrieved": "2026-09-22"}], "coord_tier": null, "coord_source": null}}, {"type": "Feature", "geometry": null, "properties": {"id": "NFCFDB:united kingdom:nda plutonium finishing line iii", "name": "NDA Plutonium Finishing Line III", "country": "United Kingdom", "stage": "fabrication", "subtype": "MOX fuel fabrication (Mox Powder, Pellet, Pin, FA)", "fuel_type": null, "status": "Decommissioning", "scale": "Commercial", "capacity": "0 t HM/year", "start": 1962, "end": 1988, "prov": [{"tier": 1, "source": "IAEA NFCFDB facility list export", "record": "NDA Plutonium Finishing Line III", "url": "https://infcis.iaea.org/NFCFDB/Facilities", "retrieved": "2026-09-22"}], "coord_tier": null, "coord_source": null}}, {"type": "Feature", "geometry": null, "properties": {"id": "NFCFDB:united kingdom:nda fuel manufacturing winfrith", "name": "NDA Fuel Manufacturing Facility (Winfrith)", "country": "United Kingdom", "stage": "fabrication", "subtype": "MOX fuel fabrication (Mox Powder, Pellet, Pin, FA)", "fuel_type": null, "status": "Decommissioned", "scale": "Pilot plant", "capacity": "10 t HM/year", "start": 1962, "end": 1992, "prov": [{"tier": 1, "source": "IAEA NFCFDB facility list export", "record": "NDA Fuel Manufacturing Facility (Winfrith)", "url": "https://infcis.iaea.org/NFCFDB/Facilities", "retrieved": "2026-09-22"}], "coord_tier": null, "coord_source": null}}, {"type": "Feature", "geometry": null, "properties": {"id": "NFCFDB:united kingdom:nda dry recovery", "name": "NDA Dry Recovery Plant", "country": "United Kingdom", "stage": "fabrication", "subtype": "Fuel Fabrication (U Pellet, Pin, FA)", "fuel_type": null, "status": "Decommissioned", "scale": "Commercial", "capacity": "0 t HM/year", "start": 1974, "end": 1975, "prov": [{"tier": 1, "source": "IAEA NFCFDB facility list export", "record": "NDA Dry Recovery Plant", "url": "https://infcis.iaea.org/NFCFDB/Facilities", "retrieved": "2026-09-22"}], "coord_tier": null, "coord_source": null}}, {"type": "Feature", "geometry": null, "properties": {"id": "NFCFDB:united kingdom:nda coprecipitation", "name": "NDA Coprecipitation Plant", "country": "United Kingdom", "stage": "fabrication", "subtype": "MOX fuel fabrication (Mox Powder, Pellet, Pin, FA)", "fuel_type": null, "status": "Decommissioning", "scale": "Commercial", "capacity": "0 t HM/year", "start": 1969, "end": 1976, "prov": [{"tier": 1, "source": "IAEA NFCFDB facility list export", "record": "NDA Coprecipitation Plant", "url": "https://infcis.iaea.org/NFCFDB/Facilities", "retrieved": "2026-09-22"}], "coord_tier": null, "coord_source": null}}, {"type": "Feature", "geometry": null, "properties": {"id": "NFCFDB:united kingdom:nda magnox reprocessing pilot", "name": "NDA Magnox Reprocessing Pilot Plant", "country": "United Kingdom", "stage": "reprocessing", "subtype": "Spent Fuel Reprocessing - aqueous route", "fuel_type": null, "status": "Decommissioning", "scale": "Pilot plant", "capacity": "0 t HM/year", "start": 1956, "end": 1968, "prov": [{"tier": 1, "source": "IAEA NFCFDB facility list export", "record": "NDA Magnox Reprocessing Pilot Plant", "url": "https://infcis.iaea.org/NFCFDB/Facilities", "retrieved": "2026-09-22"}], "coord_tier": null, "coord_source": null}}, {"type": "Feature", "geometry": null, "properties": {"id": "NFCFDB:united kingdom:nda uranium purification", "name": "NDA Uranium Purification Plant", "country": "United Kingdom", "stage": "reprocessing", "subtype": "Spent Fuel Reprocessing - aqueous route", "fuel_type": null, "status": "Decommissioning", "scale": "Commercial", "capacity": "0 t HM/year", "start": 1952, "end": 1973, "prov": [{"tier": 1, "source": "IAEA NFCFDB facility list export", "record": "NDA Uranium Purification Plant", "url": "https://infcis.iaea.org/NFCFDB/Facilities", "retrieved": "2026-09-22"}], "coord_tier": null, "coord_source": null}}, {"type": "Feature", "geometry": null, "properties": {"id": "NFCFDB:united kingdom:nda solvent regeneration", "name": "NDA Solvent Regeneration Plant", "country": "United Kingdom", "stage": "reprocessing", "subtype": "Spent Fuel Reprocessing - aqueous route", "fuel_type": null, "status": "Decommissioning", "scale": "Commercial", "capacity": "0 t HM/year", "start": 1952, "end": 1963, "prov": [{"tier": 1, "source": "IAEA NFCFDB facility list export", "record": "NDA Solvent Regeneration Plant", "url": "https://infcis.iaea.org/NFCFDB/Facilities", "retrieved": "2026-09-22"}], "coord_tier": null, "coord_source": null}}, {"type": "Feature", "geometry": null, "properties": {"id": "NFCFDB:united kingdom:nda pu residues recovery", "name": "NDA  Pu Residues Recovery Plant", "country": "United Kingdom", "stage": "reprocessing", "subtype": "Spent Fuel Reprocessing - aqueous route", "fuel_type": null, "status": "Decommissioning", "scale": "Commercial", "capacity": "0 t HM/year", "start": 1954, "end": 1987, "prov": [{"tier": 1, "source": "IAEA NFCFDB facility list export", "record": "NDA  Pu Residues Recovery Plant", "url": "https://infcis.iaea.org/NFCFDB/Facilities", "retrieved": "2026-09-22"}], "coord_tier": null, "coord_source": null}}, {"type": "Feature", "geometry": null, "properties": {"id": "NFCFDB:united kingdom:nda reprocessing", "name": "NDA  Reprocessing Plant", "country": "United Kingdom", "stage": "reprocessing", "subtype": "Spent Fuel Reprocessing - aqueous route", "fuel_type": null, "status": "Decommissioning", "scale": "Commercial", "capacity": "0 t HM/year", "start": 1952, "end": 1973, "prov": [{"tier": 1, "source": "IAEA NFCFDB facility list export", "record": "NDA  Reprocessing Plant", "url": "https://infcis.iaea.org/NFCFDB/Facilities", "retrieved": "2026-09-22"}], "coord_tier": null, "coord_source": null}}, {"type": "Feature", "geometry": null, "properties": {"id": "NFCFDB:united kingdom:nda plutonium operating corridors", "name": "NDA Plutonium Operating Corridors", "country": "United Kingdom", "stage": "reprocessing", "subtype": "Spent Fuel Reprocessing - aqueous route", "fuel_type": null, "status": "Decommissioning", "scale": "Commercial", "capacity": "0 t HM/year", "start": 1964, "end": 1968, "prov": [{"tier": 1, "source": "IAEA NFCFDB facility list export", "record": "NDA Plutonium Operating Corridors", "url": "https://infcis.iaea.org/NFCFDB/Facilities", "retrieved": "2026-09-22"}], "coord_tier": null, "coord_source": null}}, {"type": "Feature", "geometry": null, "properties": {"id": "NFCFDB:united kingdom:nda sellafield pond", "name": "NDA Sellafield Pond", "country": "United Kingdom", "stage": "waste", "subtype": "AFR Wet Spent Fuel Storage (Pool)", "fuel_type": null, "status": "Decommissioning", "scale": "Commercial", "capacity": "0 t HM", "start": 1952, "end": 1964, "prov": [{"tier": 1, "source": "IAEA NFCFDB facility list export", "record": "NDA Sellafield Pond", "url": "https://infcis.iaea.org/NFCFDB/Facilities", "retrieved": "2026-09-22"}], "coord_tier": null, "coord_source": null}}, {"type": "Feature", "geometry": null, "properties": {"id": "NFCFDB:united kingdom:nda dry granulation production", "name": "NDA Dry Granulation Production", "country": "United Kingdom", "stage": "fabrication", "subtype": "Fuel Fabrication (U Pellet, Pin, FA)", "fuel_type": null, "status": "Decommissioning", "scale": "Commercial", "capacity": "0 t HM/year", "start": null, "end": 1988, "prov": [{"tier": 1, "source": "IAEA NFCFDB facility list export", "record": "NDA Dry Granulation Production", "url": "https://infcis.iaea.org/NFCFDB/Facilities", "retrieved": "2026-09-22"}], "coord_tier": null, "coord_source": null}}, {"type": "Feature", "geometry": null, "properties": {"id": "NFCFDB:united kingdom:nda thorp miniature pilot tmpp", "name": "NDA Thorp Miniature Pilot Plant (TMPP)", "country": "United Kingdom", "stage": "reprocessing", "subtype": "Spent Fuel Reprocessing - aqueous route", "fuel_type": null, "status": "Decommissioning", "scale": "Pilot plant", "capacity": "0 t HM/year", "start": null, "end": null, "prov": [{"tier": 1, "source": "IAEA NFCFDB facility list export", "record": "NDA Thorp Miniature Pilot Plant (TMPP)", "url": "https://infcis.iaea.org/NFCFDB/Facilities", "retrieved": "2026-09-22"}], "coord_tier": null, "coord_source": null}}, {"type": "Feature", "geometry": null, "properties": {"id": "NFCFDB:united kingdom:nda sellafield north group facilities", "name": "NDA Sellafield North Group Facilities", "country": "United Kingdom", "stage": "reprocessing", "subtype": "Spent Fuel Reprocessing - aqueous route", "fuel_type": null, "status": "Decommissioned", "scale": "Commercial", "capacity": "0 t HM/year", "start": 1953, "end": 1985, "prov": [{"tier": 1, "source": "IAEA NFCFDB facility list export", "record": "NDA Sellafield North Group Facilities", "url": "https://infcis.iaea.org/NFCFDB/Facilities", "retrieved": "2026-09-22"}], "coord_tier": null, "coord_source": null}}, {"type": "Feature", "geometry": null, "properties": {"id": "NFCFDB:united states america:allens park", "name": "Allens Park", "country": "United States of America", "stage": "materials", "subtype": "Zirconium Alloy Tubing", "fuel_type": null, "status": "In Operation", "scale": "Commercial", "capacity": "500 km/year", "start": 1981, "end": null, "prov": [{"tier": 1, "source": "IAEA NFCFDB facility list export", "record": "Allens Park", "url": "https://infcis.iaea.org/NFCFDB/Facilities", "retrieved": "2026-09-22"}], "coord_tier": null, "coord_source": null}}, {"type": "Feature", "geometry": null, "properties": {"id": "NFCFDB:united states america:apollo", "name": "Apollo", "country": "United States of America", "stage": "fabrication", "subtype": "Fuel Fabrication (U Pellet, Pin, FA)", "fuel_type": "Fuel for FBR", "status": "Decommissioned", "scale": "Commercial", "capacity": "360 t HM/year", "start": 1957, "end": 1986, "prov": [{"tier": 1, "source": "IAEA NFCFDB facility list export", "record": "Apollo", "url": "https://infcis.iaea.org/NFCFDB/Facilities", "retrieved": "2026-09-22"}], "coord_tier": null, "coord_source": null}}, {"type": "Feature", "geometry": null, "properties": {"id": "NFCFDB:united states america:bear creek", "name": "Bear Creek", "country": "United States of America", "stage": "mining", "subtype": "Uranium Ore Processing", "fuel_type": null, "status": "Decommissioned", "scale": "Laboratory", "capacity": "400 t U/year", "start": 1977, "end": 1985, "prov": [{"tier": 1, "source": "IAEA NFCFDB facility list export", "record": "Bear Creek", "url": "https://infcis.iaea.org/NFCFDB/Facilities", "retrieved": "2026-09-22"}], "coord_tier": null, "coord_source": null}}, {"type": "Feature", "geometry": null, "properties": {"id": "NFCFDB:united states america:bluewater", "name": "Bluewater", "country": "United States of America", "stage": "mining", "subtype": "Uranium Ore Processing", "fuel_type": null, "status": "Decommissioned", "scale": "Commercial", "capacity": "0 t U/year", "start": null, "end": 1982, "prov": [{"tier": 1, "source": "IAEA NFCFDB facility list export", "record": "Bluewater", "url": "https://infcis.iaea.org/NFCFDB/Facilities", "retrieved": "2026-09-22"}], "coord_tier": null, "coord_source": null}}, {"type": "Feature", "geometry": null, "properties": {"id": "NFCFDB:united states america:bruni", "name": "Bruni", "country": "United States of America", "stage": "mining", "subtype": "Uranium Ore Processing", "fuel_type": null, "status": "Decommissioned", "scale": "Commercial", "capacity": "330 t U/year", "start": 1977, "end": 1980, "prov": [{"tier": 1, "source": "IAEA NFCFDB facility list export", "record": "Bruni", "url": "https://infcis.iaea.org/NFCFDB/Facilities", "retrieved": "2026-09-22"}], "coord_tier": null, "coord_source": null}}, {"type": "Feature", "geometry": null, "properties": {"id": "NFCFDB:united states america:burns", "name": "Burns", "country": "United States of America", "stage": "mining", "subtype": "Uranium Ore Processing", "fuel_type": null, "status": "Decommissioned", "scale": "Commercial", "capacity": "0 t U/year", "start": 1977, "end": 1987, "prov": [{"tier": 1, "source": "IAEA NFCFDB facility list export", "record": "Burns", "url": "https://infcis.iaea.org/NFCFDB/Facilities", "retrieved": "2026-09-22"}], "coord_tier": null, "coord_source": null}}, {"type": "Feature", "geometry": null, "properties": {"id": "NFCFDB:united states america:canon city i", "name": "Canon City-I", "country": "United States of America", "stage": "mining", "subtype": "Uranium Ore Processing", "fuel_type": null, "status": "Decommissioned", "scale": "Commercial", "capacity": "300 t U/year", "start": 1958, "end": 1987, "prov": [{"tier": 1, "source": "IAEA NFCFDB facility list export", "record": "Canon City-I", "url": "https://infcis.iaea.org/NFCFDB/Facilities", "retrieved": "2026-09-22"}], "coord_tier": null, "coord_source": null}}, {"type": "Feature", "geometry": null, "properties": {"id": "NFCFDB:united states america:l bar", "name": "L-Bar", "country": "United States of America", "stage": "mining", "subtype": "Uranium Ore Processing", "fuel_type": null, "status": "Decommissioned", "scale": "Commercial", "capacity": "1000 t U/year", "start": 1976, "end": 1981, "prov": [{"tier": 1, "source": "IAEA NFCFDB facility list export", "record": "L-Bar", "url": "https://infcis.iaea.org/NFCFDB/Facilities", "retrieved": "2026-09-22"}], "coord_tier": null, "coord_source": null}}, {"type": "Feature", "geometry": null, "properties": {"id": "NFCFDB:united states america:christensen ranch", "name": "Christensen Ranch", "country": "United States of America", "stage": "mining", "subtype": "Uranium Ore Processing", "fuel_type": null, "status": "Stand By", "scale": "Commercial", "capacity": "250 t U/year", "start": 1989, "end": 2000, "prov": [{"tier": 1, "source": "IAEA NFCFDB facility list export", "record": "Christensen Ranch", "url": "https://infcis.iaea.org/NFCFDB/Facilities", "retrieved": "2026-09-22"}], "coord_tier": null, "coord_source": null}}, {"type": "Feature", "geometry": null, "properties": {"id": "NFCFDB:united states america:clay west", "name": "Clay West", "country": "United States of America", "stage": "mining", "subtype": "Uranium Ore Processing", "fuel_type": null, "status": "Decommissioned", "scale": "Commercial", "capacity": "0 t U/year", "start": 1975, "end": 1987, "prov": [{"tier": 1, "source": "IAEA NFCFDB facility list export", "record": "Clay West", "url": "https://infcis.iaea.org/NFCFDB/Facilities", "retrieved": "2026-09-22"}], "coord_tier": null, "coord_source": null}}, {"type": "Feature", "geometry": null, "properties": {"id": "NFCFDB:united states america:columbia fuel fabrication", "name": "Columbia Fuel Fabrication Facility", "country": "United States of America", "stage": "fabrication", "subtype": "Fuel Fabrication (U Pellet, Pin, FA)", "fuel_type": "UOX for PWR", "status": "In Operation", "scale": "Commercial", "capacity": "1350 t U/year", "start": 1969, "end": null, "prov": [{"tier": 1, "source": "IAEA NFCFDB facility list export", "record": "Columbia Fuel Fabrication Facility", "url": "https://infcis.iaea.org/NFCFDB/Facilities", "retrieved": "2026-09-22"}], "coord_tier": null, "coord_source": null}}, {"type": "Feature", "geometry": null, "properties": {"id": "NFCFDB:united states america:faustina agrico", "name": "Faustina (Agrico)", "country": "United States of America", "stage": "other", "subtype": "Uranium Recovery from Phosphates", "fuel_type": null, "status": "Stand By", "scale": "Commercial", "capacity": "181 t U/year", "start": 1981, "end": 1999, "prov": [{"tier": 1, "source": "IAEA NFCFDB facility list export", "record": "Faustina (Agrico)", "url": "https://infcis.iaea.org/NFCFDB/Facilities", "retrieved": "2026-09-22"}], "coord_tier": null, "coord_source": null}}, {"type": "Feature", "geometry": null, "properties": {"id": "NFCFDB:united states america:falls city", "name": "Falls City", "country": "United States of America", "stage": "mining", "subtype": "Uranium Ore Processing", "fuel_type": null, "status": "Decommissioned", "scale": "Commercial", "capacity": "0 t U/year", "start": null, "end": 1983, "prov": [{"tier": 1, "source": "IAEA NFCFDB facility list export", "record": "Falls City", "url": "https://infcis.iaea.org/NFCFDB/Facilities", "retrieved": "2026-09-22"}], "coord_tier": null, "coord_source": null}}, {"type": "Feature", "geometry": null, "properties": {"id": "NFCFDB:united states america:gas hills american", "name": "Gas Hills / American Nuclear", "country": "United States of America", "stage": "mining", "subtype": "Uranium Ore Processing", "fuel_type": null, "status": "Decommissioned", "scale": "Commercial", "capacity": "400 t U/year", "start": 1959, "end": 1986, "prov": [{"tier": 1, "source": "IAEA NFCFDB facility list export", "record": "Gas Hills / American Nuclear", "url": "https://infcis.iaea.org/NFCFDB/Facilities", "retrieved": "2026-09-22"}], "coord_tier": null, "coord_source": null}}, {"type": "Feature", "geometry": null, "properties": {"id": "NFCFDB:united states america:sequoyah", "name": "Sequoyah Facility", "country": "United States of America", "stage": "conversion", "subtype": "Conversion to UF6", "fuel_type": null, "status": "Shutdown", "scale": "Commercial", "capacity": "9090 t HM/year", "start": 1970, "end": 1993, "prov": [{"tier": 1, "source": "IAEA NFCFDB facility list export", "record": "Sequoyah Facility", "url": "https://infcis.iaea.org/NFCFDB/Facilities", "retrieved": "2026-09-22"}], "coord_tier": null, "coord_source": null}}, {"type": "Feature", "geometry": null, "properties": {"id": "NFCFDB:united states america:hematite abb ce", "name": "Hematite (ABB-CE)", "country": "United States of America", "stage": "fabrication", "subtype": "Fuel Fabrication (U Pellet, Pin, FA)", "fuel_type": "UOX for PWR, UOX for BWR", "status": "Decommissioning", "scale": "Commercial", "capacity": "450 t HM/year", "start": 1986, "end": 2001, "prov": [{"tier": 1, "source": "IAEA NFCFDB facility list export", "record": "Hematite (ABB-CE)", "url": "https://infcis.iaea.org/NFCFDB/Facilities", "retrieved": "2026-09-22"}], "coord_tier": null, "coord_source": null}}, {"type": "Feature", "geometry": null, "properties": {"id": "NFCFDB:united states america:hobson", "name": "Hobson", "country": "United States of America", "stage": "mining", "subtype": "Uranium Ore Processing", "fuel_type": null, "status": "In Operation", "scale": "Commercial", "capacity": "385 t U/year", "start": 1979, "end": null, "prov": [{"tier": 1, "source": "IAEA NFCFDB facility list export", "record": "Hobson", "url": "https://infcis.iaea.org/NFCFDB/Facilities", "retrieved": "2026-09-22"}], "coord_tier": null, "coord_source": null}}, {"type": "Feature", "geometry": null, "properties": {"id": "NFCFDB:united states america:grants", "name": "Grants", "country": "United States of America", "stage": "mining", "subtype": "Uranium Ore Processing", "fuel_type": null, "status": "Decommissioned", "scale": "Commercial", "capacity": "0 t U/year", "start": 1958, "end": 1990, "prov": [{"tier": 1, "source": "IAEA NFCFDB facility list export", "record": "Grants", "url": "https://infcis.iaea.org/NFCFDB/Facilities", "retrieved": "2026-09-22"}], "coord_tier": null, "coord_source": null}}, {"type": "Feature", "geometry": null, "properties": {"id": "NFCFDB:united states america:irigaray ranch", "name": "Irigaray Ranch", "country": "United States of America", "stage": "mining", "subtype": "Uranium Ore Processing", "fuel_type": null, "status": "Stand By", "scale": "Commercial", "capacity": "130 t U/year", "start": 1978, "end": null, "prov": [{"tier": 1, "source": "IAEA NFCFDB facility list export", "record": "Irigaray Ranch", "url": "https://infcis.iaea.org/NFCFDB/Facilities", "retrieved": "2026-09-22"}], "coord_tier": null, "coord_source": null}}, {"type": "Feature", "geometry": null, "properties": {"id": "NFCFDB:united states america:split rock", "name": "Split Rock", "country": "United States of America", "stage": "mining", "subtype": "Uranium Ore Processing", "fuel_type": null, "status": "Decommissioned", "scale": "Laboratory", "capacity": "0 t U/year", "start": 1973, "end": 1982, "prov": [{"tier": 1, "source": "IAEA NFCFDB facility list export", "record": "Split Rock", "url": "https://infcis.iaea.org/NFCFDB/Facilities", "retrieved": "2026-09-22"}], "coord_tier": null, "coord_source": null}}, {"type": "Feature", "geometry": null, "properties": {"id": "NFCFDB:united states america:kennewick", "name": "Kennewick", "country": "United States of America", "stage": "materials", "subtype": "Zirconium Alloy Tubing", "fuel_type": null, "status": "In Operation", "scale": "Commercial", "capacity": "2200 km/year", "start": 1981, "end": null, "prov": [{"tier": 1, "source": "IAEA NFCFDB facility list export", "record": "Kennewick", "url": "https://infcis.iaea.org/NFCFDB/Facilities", "retrieved": "2026-09-22"}], "coord_tier": null, "coord_source": null}}, {"type": "Feature", "geometry": null, "properties": {"id": "NFCFDB:united states america:kingsville dome", "name": "Kingsville Dome", "country": "United States of America", "stage": "mining", "subtype": "Uranium Ore Processing", "fuel_type": null, "status": "In Operation", "scale": "Commercial", "capacity": "385 t U/year", "start": 1988, "end": 1999, "prov": [{"tier": 1, "source": "IAEA NFCFDB facility list export", "record": "Kingsville Dome", "url": "https://infcis.iaea.org/NFCFDB/Facilities", "retrieved": "2026-09-22"}], "coord_tier": null, "coord_source": null}}, {"type": "Feature", "geometry": null, "properties": {"id": "NFCFDB:united states america:las palmas", "name": "Las Palmas", "country": "United States of America", "stage": "mining", "subtype": "Uranium Ore Processing", "fuel_type": null, "status": "Decommissioning", "scale": "Commercial", "capacity": "0 t U/year", "start": 1981, "end": 1984, "prov": [{"tier": 1, "source": "IAEA NFCFDB facility list export", "record": "Las Palmas", "url": "https://infcis.iaea.org/NFCFDB/Facilities", "retrieved": "2026-09-22"}], "coord_tier": null, "coord_source": null}}, {"type": "Feature", "geometry": null, "properties": {"id": "NFCFDB:united states america:lisbon", "name": "Lisbon", "country": "United States of America", "stage": "mining", "subtype": "Uranium Ore Processing", "fuel_type": null, "status": "Decommissioned", "scale": "Commercial", "capacity": "350 t U/year", "start": 1972, "end": 1988, "prov": [{"tier": 1, "source": "IAEA NFCFDB facility list export", "record": "Lisbon", "url": "https://infcis.iaea.org/NFCFDB/Facilities", "retrieved": "2026-09-22"}], "coord_tier": null, "coord_source": null}}, {"type": "Feature", "geometry": null, "properties": {"id": "NFCFDB:united states america:lucky mc pathfinder", "name": "Lucky Mc (Pathfinder)", "country": "United States of America", "stage": "mining", "subtype": "Uranium Ore Processing", "fuel_type": null, "status": "Stand By", "scale": "Commercial", "capacity": "710 t U/year", "start": 1978, "end": 1985, "prov": [{"tier": 1, "source": "IAEA NFCFDB facility list export", "record": "Lucky Mc (Pathfinder)", "url": "https://infcis.iaea.org/NFCFDB/Facilities", "retrieved": "2026-09-22"}], "coord_tier": null, "coord_source": null}}, {"type": "Feature", "geometry": null, "properties": {"id": "NFCFDB:united states america:lynchburg fc fuels", "name": "Lynchburg - FC Fuels", "country": "United States of America", "stage": "fabrication", "subtype": "Fuel Fabrication (U Pellet, Pin, FA)", "fuel_type": "UOX for PWR", "status": "In Operation", "scale": "Commercial", "capacity": "400 t HM/year", "start": 1982, "end": null, "prov": [{"tier": 1, "source": "IAEA NFCFDB facility list export", "record": "Lynchburg - FC Fuels", "url": "https://infcis.iaea.org/NFCFDB/Facilities", "retrieved": "2026-09-22"}], "coord_tier": null, "coord_source": null}}, {"type": "Feature", "geometry": null, "properties": {"id": "NFCFDB:united states america:mcbryde", "name": "McBryde", "country": "United States of America", "stage": "mining", "subtype": "Uranium Ore Processing", "fuel_type": null, "status": "Decommissioned", "scale": "Commercial", "capacity": "0 t U/year", "start": 1983, "end": 1985, "prov": [{"tier": 1, "source": "IAEA NFCFDB facility list export", "record": "McBryde", "url": "https://infcis.iaea.org/NFCFDB/Facilities", "retrieved": "2026-09-22"}], "coord_tier": null, "coord_source": null}}, {"type": "Feature", "geometry": null, "properties": {"id": "NFCFDB:united states america:metropolis conversion", "name": "Metropolis Conversion Facility", "country": "United States of America", "stage": "conversion", "subtype": "Conversion to UF6", "fuel_type": null, "status": "In Operation", "scale": "Commercial", "capacity": "7000 t U/year", "start": 1964, "end": null, "prov": [{"tier": 1, "source": "IAEA NFCFDB facility list export", "record": "Metropolis Conversion Facility", "url": "https://infcis.iaea.org/NFCFDB/Facilities", "retrieved": "2026-09-22"}], "coord_tier": null, "coord_source": null}}, {"type": "Feature", "geometry": null, "properties": {"id": "NFCFDB:united states america:moab", "name": "Moab", "country": "United States of America", "stage": "mining", "subtype": "Uranium Ore Processing", "fuel_type": null, "status": "Decommissioned", "scale": "Commercial", "capacity": "1500 t U/year", "start": 1956, "end": 1988, "prov": [{"tier": 1, "source": "IAEA NFCFDB facility list export", "record": "Moab", "url": "https://infcis.iaea.org/NFCFDB/Facilities", "retrieved": "2026-09-22"}], "coord_tier": null, "coord_source": null}}, {"type": "Feature", "geometry": null, "properties": {"id": "NFCFDB:united states america:morris reprocessing site wet", "name": "Morris Reprocessing Plant Site (Wet)", "country": "United States of America", "stage": "waste", "subtype": "AFR Wet Spent Fuel Storage (Pool)", "fuel_type": null, "status": "In Operation", "scale": "Commercial", "capacity": "750 t HM", "start": 1984, "end": null, "prov": [{"tier": 1, "source": "IAEA NFCFDB facility list export", "record": "Morris Reprocessing Plant Site (Wet)", "url": "https://infcis.iaea.org/NFCFDB/Facilities", "retrieved": "2026-09-22"}], "coord_tier": null, "coord_source": null}}, {"type": "Feature", "geometry": null, "properties": {"id": "NFCFDB:united states america:mt lucas", "name": "Mt. Lucas", "country": "United States of America", "stage": "mining", "subtype": "Uranium Ore Processing", "fuel_type": null, "status": "Decommissioning", "scale": "Commercial", "capacity": "100 t U/year", "start": 1984, "end": 1988, "prov": [{"tier": 1, "source": "IAEA NFCFDB facility list export", "record": "Mt. Lucas", "url": "https://infcis.iaea.org/NFCFDB/Facilities", "retrieved": "2026-09-22"}], "coord_tier": null, "coord_source": null}}, {"type": "Feature", "geometry": null, "properties": {"id": "NFCFDB:united states america:bartow module", "name": "Bartow Module", "country": "United States of America", "stage": "other", "subtype": "Uranium Recovery from Phosphates", "fuel_type": null, "status": "Decommissioned", "scale": "Commercial", "capacity": "200 t U/year", "start": 1976, "end": 1980, "prov": [{"tier": 1, "source": "IAEA NFCFDB facility list export", "record": "Bartow Module", "url": "https://infcis.iaea.org/NFCFDB/Facilities", "retrieved": "2026-09-22"}], "coord_tier": null, "coord_source": null}}, {"type": "Feature", "geometry": null, "properties": {"id": "NFCFDB:united states america:gas hills umetco", "name": "Gas Hills / Umetco", "country": "United States of America", "stage": "mining", "subtype": "Uranium Ore Processing", "fuel_type": null, "status": "Decommissioned", "scale": "Commercial", "capacity": "300 t U/year", "start": 1960, "end": 1986, "prov": [{"tier": 1, "source": "IAEA NFCFDB facility list export", "record": "Gas Hills / Umetco", "url": "https://infcis.iaea.org/NFCFDB/Facilities", "retrieved": "2026-09-22"}], "coord_tier": null, "coord_source": null}}, {"type": "Feature", "geometry": null, "properties": {"id": "NFCFDB:united states america:oak ridge k 25 y 12", "name": "Oak Ridge K-25, Y-12", "country": "United States of America", "stage": "enrichment", "subtype": "Uranium Enrichment", "fuel_type": null, "status": "Decommissioning", "scale": "Commercial", "capacity": "8500 MTSWU/year", "start": 1945, "end": 1985, "prov": [{"tier": 1, "source": "IAEA NFCFDB facility list export", "record": "Oak Ridge K-25, Y-12", "url": "https://infcis.iaea.org/NFCFDB/Facilities", "retrieved": "2026-09-22"}], "coord_tier": null, "coord_source": null}}, {"type": "Feature", "geometry": null, "properties": {"id": "NFCFDB:united states america:paducah gaseous diffusion", "name": "Paducah Gaseous Diffusion", "country": "United States of America", "stage": "enrichment", "subtype": "Uranium Enrichment", "fuel_type": null, "status": "Shutdown", "scale": "Commercial", "capacity": "11300 MTSWU/year", "start": 1965, "end": 2013, "prov": [{"tier": 1, "source": "IAEA NFCFDB facility list export", "record": "Paducah Gaseous Diffusion", "url": "https://infcis.iaea.org/NFCFDB/Facilities", "retrieved": "2026-09-22"}], "coord_tier": null, "coord_source": null}}, {"type": "Feature", "geometry": null, "properties": {"id": "NFCFDB:united states america:palangana", "name": "Palangana", "country": "United States of America", "stage": "mining", "subtype": "Uranium Ore Processing", "fuel_type": null, "status": "Shutdown", "scale": "Commercial", "capacity": "45 t U/year", "start": 1969, "end": 1991, "prov": [{"tier": 1, "source": "IAEA NFCFDB facility list export", "record": "Palangana", "url": "https://infcis.iaea.org/NFCFDB/Facilities", "retrieved": "2026-09-22"}], "coord_tier": null, "coord_source": null}}, {"type": "Feature", "geometry": null, "properties": {"id": "NFCFDB:united states america:panna maria", "name": "Panna Maria", "country": "United States of America", "stage": "mining", "subtype": "Uranium Ore Processing", "fuel_type": null, "status": "Decommissioned", "scale": "Commercial", "capacity": "580 t U/year", "start": 1979, "end": 1992, "prov": [{"tier": 1, "source": "IAEA NFCFDB facility list export", "record": "Panna Maria", "url": "https://infcis.iaea.org/NFCFDB/Facilities", "retrieved": "2026-09-22"}], "coord_tier": null, "coord_source": null}}, {"type": "Feature", "geometry": null, "properties": {"id": "NFCFDB:united states america:shirley basin pathfinder", "name": "Shirley Basin / Pathfinder", "country": "United States of America", "stage": "mining", "subtype": "Uranium Ore Processing", "fuel_type": null, "status": "Decommissioned", "scale": "Commercial", "capacity": "1000 t U/year", "start": 1971, "end": 1992, "prov": [{"tier": 1, "source": "IAEA NFCFDB facility list export", "record": "Shirley Basin / Pathfinder", "url": "https://infcis.iaea.org/NFCFDB/Facilities", "retrieved": "2026-09-22"}], "coord_tier": null, "coord_source": null}}, {"type": "Feature", "geometry": null, "properties": {"id": "NFCFDB:united states america:city module", "name": "Plant City Module", "country": "United States of America", "stage": "other", "subtype": "Uranium Recovery from Phosphates", "fuel_type": null, "status": "Stand By", "scale": "Commercial", "capacity": "270 t U/year", "start": 1981, "end": 1992, "prov": [{"tier": 1, "source": "IAEA NFCFDB facility list export", "record": "Plant City Module", "url": "https://infcis.iaea.org/NFCFDB/Facilities", "retrieved": "2026-09-22"}], "coord_tier": null, "coord_source": null}}, {"type": "Feature", "geometry": null, "properties": {"id": "NFCFDB:united states america:portsmouth gaseous diffusion", "name": "Portsmouth Gaseous Diffusion", "country": "United States of America", "stage": "enrichment", "subtype": "Uranium Enrichment", "fuel_type": null, "status": "Shutdown", "scale": "Commercial", "capacity": "7400 MTSWU/year", "start": 1965, "end": 2001, "prov": [{"tier": 1, "source": "IAEA NFCFDB facility list export", "record": "Portsmouth Gaseous Diffusion", "url": "https://infcis.iaea.org/NFCFDB/Facilities", "retrieved": "2026-09-22"}], "coord_tier": null, "coord_source": null}}, {"type": "Feature", "geometry": null, "properties": {"id": "NFCFDB:united states america:sweetwater", "name": "Sweetwater", "country": "United States of America", "stage": "mining", "subtype": "Uranium Ore Processing", "fuel_type": null, "status": "Stand By", "scale": "Commercial", "capacity": "350 t U/year", "start": 1981, "end": 1983, "prov": [{"tier": 1, "source": "IAEA NFCFDB facility list export", "record": "Sweetwater", "url": "https://infcis.iaea.org/NFCFDB/Facilities", "retrieved": "2026-09-22"}], "coord_tier": null, "coord_source": null}}, {"type": "Feature", "geometry": null, "properties": {"id": "NFCFDB:united states america:richland fuel fabrication", "name": "Richland Fuel Fabrication Plant", "country": "United States of America", "stage": "fabrication", "subtype": "Fuel Fabrication (U Pellet, Pin, FA)", "fuel_type": "UOX for PWR, UOX for BWR", "status": "In Operation", "scale": "Commercial", "capacity": "700 t U/year", "start": 1972, "end": null, "prov": [{"tier": 1, "source": "IAEA NFCFDB facility list export", "record": "Richland Fuel Fabrication Plant", "url": "https://infcis.iaea.org/NFCFDB/Facilities", "retrieved": "2026-09-22"}], "coord_tier": null, "coord_source": null}}, {"type": "Feature", "geometry": null, "properties": {"id": "NFCFDB:united states america:rosita", "name": "Rosita", "country": "United States of America", "stage": "mining", "subtype": "Uranium Ore Processing", "fuel_type": null, "status": "Shutdown", "scale": "Commercial", "capacity": "385 t U/year", "start": 1990, "end": 1999, "prov": [{"tier": 1, "source": "IAEA NFCFDB facility list export", "record": "Rosita", "url": "https://infcis.iaea.org/NFCFDB/Facilities", "retrieved": "2026-09-22"}], "coord_tier": null, "coord_source": null}}, {"type": "Feature", "geometry": null, "properties": {"id": "NFCFDB:united states america:smith ranch", "name": "Smith Ranch", "country": "United States of America", "stage": "mining", "subtype": "Uranium Ore Processing", "fuel_type": null, "status": "In Operation", "scale": "Commercial", "capacity": "2116 t U/year", "start": 1988, "end": null, "prov": [{"tier": 1, "source": "IAEA NFCFDB facility list export", "record": "Smith Ranch", "url": "https://infcis.iaea.org/NFCFDB/Facilities", "retrieved": "2026-09-22"}], "coord_tier": null, "coord_source": null}}, {"type": "Feature", "geometry": null, "properties": {"id": "NFCFDB:united states america:wah chang albany", "name": "Wah Chang - Albany", "country": "United States of America", "stage": "materials", "subtype": "Zirconium Alloy Production", "fuel_type": null, "status": "In Operation", "scale": "Commercial", "capacity": "2000 t/year", "start": 1956, "end": null, "prov": [{"tier": 1, "source": "IAEA NFCFDB facility list export", "record": "Wah Chang - Albany", "url": "https://infcis.iaea.org/NFCFDB/Facilities", "retrieved": "2026-09-22"}], "coord_tier": null, "coord_source": null}}, {"type": "Feature", "geometry": null, "properties": {"id": "NFCFDB:united states america:gruy ranch satellite", "name": "Gruy Ranch (Satellite)", "country": "United States of America", "stage": "mining", "subtype": "Uranium Ore Processing", "fuel_type": null, "status": "Shutdown", "scale": "Commercial", "capacity": "100 t U/year", "start": 1988, "end": 1992, "prov": [{"tier": 1, "source": "IAEA NFCFDB facility list export", "record": "Gruy Ranch (Satellite)", "url": "https://infcis.iaea.org/NFCFDB/Facilities", "retrieved": "2026-09-22"}], "coord_tier": null, "coord_source": null}}, {"type": "Feature", "geometry": null, "properties": {"id": "NFCFDB:united states america:shirley basin petromics", "name": "Shirley Basin / Petromics", "country": "United States of America", "stage": "mining", "subtype": "Uranium Ore Processing", "fuel_type": null, "status": "Shutdown", "scale": "Commercial", "capacity": "400 t U/year", "start": 1962, "end": 1985, "prov": [{"tier": 1, "source": "IAEA NFCFDB facility list export", "record": "Shirley Basin / Petromics", "url": "https://infcis.iaea.org/NFCFDB/Facilities", "retrieved": "2026-09-22"}], "coord_tier": null, "coord_source": null}}, {"type": "Feature", "geometry": null, "properties": {"id": "NFCFDB:united states america:shootering canyon", "name": "Shootering Canyon", "country": "United States of America", "stage": "mining", "subtype": "Uranium Ore Processing", "fuel_type": null, "status": "In Operation", "scale": "Commercial", "capacity": "380 t U/year", "start": 1982, "end": null, "prov": [{"tier": 1, "source": "IAEA NFCFDB facility list export", "record": "Shootering Canyon", "url": "https://infcis.iaea.org/NFCFDB/Facilities", "retrieved": "2026-09-22"}], "coord_tier": null, "coord_source": null}}, {"type": "Feature", "geometry": null, "properties": {"id": "NFCFDB:united states america:trevino", "name": "Trevino", "country": "United States of America", "stage": "mining", "subtype": "Uranium Ore Processing", "fuel_type": null, "status": "Decommissioned", "scale": "Commercial", "capacity": "150 t U/year", "start": 1981, "end": 1985, "prov": [{"tier": 1, "source": "IAEA NFCFDB facility list export", "record": "Trevino", "url": "https://infcis.iaea.org/NFCFDB/Facilities", "retrieved": "2026-09-22"}], "coord_tier": null, "coord_source": null}}, {"type": "Feature", "geometry": null, "properties": {"id": "NFCFDB:united states america:uncle sam", "name": "Uncle Sam", "country": "United States of America", "stage": "other", "subtype": "Uranium Recovery from Phosphates", "fuel_type": null, "status": "Stand By", "scale": "Commercial", "capacity": "350 t U/year", "start": 1978, "end": 1999, "prov": [{"tier": 1, "source": "IAEA NFCFDB facility list export", "record": "Uncle Sam", "url": "https://infcis.iaea.org/NFCFDB/Facilities", "retrieved": "2026-09-22"}], "coord_tier": null, "coord_source": null}}, {"type": "Feature", "geometry": null, "properties": {"id": "NFCFDB:united states america:uravan", "name": "Uravan", "country": "United States of America", "stage": "mining", "subtype": "Uranium Ore Processing", "fuel_type": null, "status": "Decommissioned", "scale": "Commercial", "capacity": "490 t U/year", "start": 1948, "end": 1984, "prov": [{"tier": 1, "source": "IAEA NFCFDB facility list export", "record": "Uravan", "url": "https://infcis.iaea.org/NFCFDB/Facilities", "retrieved": "2026-09-22"}], "coord_tier": null, "coord_source": null}}, {"type": "Feature", "geometry": null, "properties": {"id": "NFCFDB:united states america:wellpinit", "name": "Wellpinit", "country": "United States of America", "stage": "mining", "subtype": "Uranium Ore Processing", "fuel_type": null, "status": "Decommissioned", "scale": "Commercial", "capacity": "420 t U/year", "start": 1978, "end": 1984, "prov": [{"tier": 1, "source": "IAEA NFCFDB facility list export", "record": "Wellpinit", "url": "https://infcis.iaea.org/NFCFDB/Facilities", "retrieved": "2026-09-22"}], "coord_tier": null, "coord_source": null}}, {"type": "Feature", "geometry": null, "properties": {"id": "NFCFDB:united states america:western zirconium", "name": "Western Zirconium", "country": "United States of America", "stage": "materials", "subtype": "Zirconium Alloy Production", "fuel_type": null, "status": "In Operation", "scale": "Commercial", "capacity": "1350 t/year", "start": 1980, "end": null, "prov": [{"tier": 1, "source": "IAEA NFCFDB facility list export", "record": "Western Zirconium", "url": "https://infcis.iaea.org/NFCFDB/Facilities", "retrieved": "2026-09-22"}], "coord_tier": null, "coord_source": null}}, {"type": "Feature", "geometry": null, "properties": {"id": "NFCFDB:united states america:white mesa mill", "name": "White Mesa Mill", "country": "United States of America", "stage": "mining", "subtype": "Uranium Ore Processing", "fuel_type": null, "status": "In Operation", "scale": "Commercial", "capacity": "1200 t U/year", "start": 1980, "end": 1997, "prov": [{"tier": 1, "source": "IAEA NFCFDB facility list export", "record": "White Mesa Mill", "url": "https://infcis.iaea.org/NFCFDB/Facilities", "retrieved": "2026-09-22"}], "coord_tier": null, "coord_source": null}}, {"type": "Feature", "geometry": null, "properties": {"id": "NFCFDB:united states america:wilmington", "name": "Wilmington Facility", "country": "United States of America", "stage": "fabrication", "subtype": "Fuel Fabrication (U Pellet, Pin, FA)", "fuel_type": "UOX for BWR", "status": "In Operation", "scale": "Commercial", "capacity": "1200 t HM/year", "start": 1982, "end": null, "prov": [{"tier": 1, "source": "IAEA NFCFDB facility list export", "record": "Wilmington Facility", "url": "https://infcis.iaea.org/NFCFDB/Facilities", "retrieved": "2026-09-22"}], "coord_tier": null, "coord_source": null}}, {"type": "Feature", "geometry": null, "properties": {"id": "NFCFDB:united states america:wilmington", "name": "Wilmington", "country": "United States of America", "stage": "materials", "subtype": "Zirconium Alloy Tubing", "fuel_type": null, "status": "In Operation", "scale": "Commercial", "capacity": "2200 km/year", "start": 1981, "end": null, "prov": [{"tier": 1, "source": "IAEA NFCFDB facility list export", "record": "Wilmington", "url": "https://infcis.iaea.org/NFCFDB/Facilities", "retrieved": "2026-09-22"}], "coord_tier": null, "coord_source": null}}, {"type": "Feature", "geometry": null, "properties": {"id": "NFCFDB:united states america:zamzow", "name": "Zamzow", "country": "United States of America", "stage": "mining", "subtype": "Uranium Ore Processing", "fuel_type": null, "status": "Decommissioned", "scale": "Commercial", "capacity": "60 t U/year", "start": 1977, "end": 1986, "prov": [{"tier": 1, "source": "IAEA NFCFDB facility list export", "record": "Zamzow", "url": "https://infcis.iaea.org/NFCFDB/Facilities", "retrieved": "2026-09-22"}], "coord_tier": null, "coord_source": null}}, {"type": "Feature", "geometry": null, "properties": {"id": "NFCFDB:united states america:lawrence livermore national laboratory", "name": "Lawrence Livermore National Laboratory", "country": "United States of America", "stage": "enrichment", "subtype": "Uranium Enrichment", "fuel_type": null, "status": "Decommissioned", "scale": "Laboratory", "capacity": "1 MTSWU/year", "start": 1991, "end": 1999, "prov": [{"tier": 1, "source": "IAEA NFCFDB facility list export", "record": "Lawrence Livermore National Laboratory", "url": "https://infcis.iaea.org/NFCFDB/Facilities", "retrieved": "2026-09-22"}], "coord_tier": null, "coord_source": null}}, {"type": "Feature", "geometry": null, "properties": {"id": "NFCFDB:united states america:rhone poulenc inc", "name": "Rhone Poulenc, Inc.", "country": "United States of America", "stage": "mining", "subtype": "Uranium Ore Processing", "fuel_type": null, "status": "Shutdown", "scale": "Commercial", "capacity": "15 t U/year", "start": null, "end": null, "prov": [{"tier": 1, "source": "IAEA NFCFDB facility list export", "record": "Rhone Poulenc, Inc.", "url": "https://infcis.iaea.org/NFCFDB/Facilities", "retrieved": "2026-09-22"}], "coord_tier": null, "coord_source": null}}, {"type": "Feature", "geometry": null, "properties": {"id": "NFCFDB:united states america:hansen", "name": "Hansen", "country": "United States of America", "stage": "mining", "subtype": "Uranium Ore Processing", "fuel_type": null, "status": "Others", "scale": "Commercial", "capacity": "0 t U/year", "start": null, "end": null, "prov": [{"tier": 1, "source": "IAEA NFCFDB facility list export", "record": "Hansen", "url": "https://infcis.iaea.org/NFCFDB/Facilities", "retrieved": "2026-09-22"}], "coord_tier": null, "coord_source": null}}, {"type": "Feature", "geometry": null, "properties": {"id": "NFCFDB:united states america:lamprecht", "name": "Lamprecht", "country": "United States of America", "stage": "mining", "subtype": "Uranium Ore Processing", "fuel_type": null, "status": "Decommissioned", "scale": "Commercial", "capacity": "100 t U/year", "start": 1985, "end": 1988, "prov": [{"tier": 1, "source": "IAEA NFCFDB facility list export", "record": "Lamprecht", "url": "https://infcis.iaea.org/NFCFDB/Facilities", "retrieved": "2026-09-22"}], "coord_tier": null, "coord_source": null}}, {"type": "Feature", "geometry": null, "properties": {"id": "NFCFDB:united states america:crow butte", "name": "Crow Butte", "country": "United States of America", "stage": "mining", "subtype": "Uranium Ore Processing", "fuel_type": null, "status": "In Operation", "scale": "Commercial", "capacity": "385 t U/year", "start": 1991, "end": null, "prov": [{"tier": 1, "source": "IAEA NFCFDB facility list export", "record": "Crow Butte", "url": "https://infcis.iaea.org/NFCFDB/Facilities", "retrieved": "2026-09-22"}], "coord_tier": null, "coord_source": null}}, {"type": "Feature", "geometry": null, "properties": {"id": "NFCFDB:united states america:highland", "name": "Highland", "country": "United States of America", "stage": "mining", "subtype": "Uranium Ore Processing", "fuel_type": null, "status": "Stand By", "scale": "Commercial", "capacity": "580 t U/year", "start": 1988, "end": 2002, "prov": [{"tier": 1, "source": "IAEA NFCFDB facility list export", "record": "Highland", "url": "https://infcis.iaea.org/NFCFDB/Facilities", "retrieved": "2026-09-22"}], "coord_tier": null, "coord_source": null}}, {"type": "Feature", "geometry": null, "properties": {"id": "NFCFDB:united states america:midnite", "name": "Midnite", "country": "United States of America", "stage": "mining", "subtype": "Uranium Ore Processing", "fuel_type": null, "status": "Stand By", "scale": "Commercial", "capacity": "200 t U/year", "start": 1957, "end": 1982, "prov": [{"tier": 1, "source": "IAEA NFCFDB facility list export", "record": "Midnite", "url": "https://infcis.iaea.org/NFCFDB/Facilities", "retrieved": "2026-09-22"}], "coord_tier": null, "coord_source": null}}, {"type": "Feature", "geometry": null, "properties": {"id": "NFCFDB:united states america:holiday el mesquite", "name": "Holiday / El Mesquite", "country": "United States of America", "stage": "mining", "subtype": "Uranium Ore Processing", "fuel_type": null, "status": "Decommissioning", "scale": "Commercial", "capacity": "250 t U/year", "start": 1979, "end": 1997, "prov": [{"tier": 1, "source": "IAEA NFCFDB facility list export", "record": "Holiday / El Mesquite", "url": "https://infcis.iaea.org/NFCFDB/Facilities", "retrieved": "2026-09-22"}], "coord_tier": null, "coord_source": null}}, {"type": "Feature", "geometry": null, "properties": {"id": "NFCFDB:united states america:marquez", "name": "Marquez", "country": "United States of America", "stage": "mining", "subtype": "Uranium Ore Processing", "fuel_type": null, "status": "Others", "scale": "Commercial", "capacity": "0 t U/year", "start": 1982, "end": null, "prov": [{"tier": 1, "source": "IAEA NFCFDB facility list export", "record": "Marquez", "url": "https://infcis.iaea.org/NFCFDB/Facilities", "retrieved": "2026-09-22"}], "coord_tier": null, "coord_source": null}}, {"type": "Feature", "geometry": null, "properties": {"id": "NFCFDB:united states america:west cole", "name": "West Cole", "country": "United States of America", "stage": "mining", "subtype": "Uranium Ore Processing", "fuel_type": null, "status": "Decommissioned", "scale": "Commercial", "capacity": "80 t U/year", "start": 1981, "end": 1989, "prov": [{"tier": 1, "source": "IAEA NFCFDB facility list export", "record": "West Cole", "url": "https://infcis.iaea.org/NFCFDB/Facilities", "retrieved": "2026-09-22"}], "coord_tier": null, "coord_source": null}}, {"type": "Feature", "geometry": null, "properties": {"id": "NFCFDB:united states america:ambrosia lake", "name": "Ambrosia Lake", "country": "United States of America", "stage": "mining", "subtype": "Uranium Ore Processing", "fuel_type": null, "status": "Stand By", "scale": "Commercial", "capacity": "3300 t U/year", "start": 1958, "end": 1992, "prov": [{"tier": 1, "source": "IAEA NFCFDB facility list export", "record": "Ambrosia Lake", "url": "https://infcis.iaea.org/NFCFDB/Facilities", "retrieved": "2026-09-22"}], "coord_tier": null, "coord_source": null}}, {"type": "Feature", "geometry": null, "properties": {"id": "NFCFDB:united states america:oak ridge", "name": "Oak Ridge", "country": "United States of America", "stage": "reprocessing", "subtype": "Spent Fuel Reprocessing - aqueous route", "fuel_type": null, "status": "Others", "scale": "Commercial", "capacity": "150 t HM/year", "start": null, "end": null, "prov": [{"tier": 1, "source": "IAEA NFCFDB facility list export", "record": "Oak Ridge", "url": "https://infcis.iaea.org/NFCFDB/Facilities", "retrieved": "2026-09-22"}], "coord_tier": null, "coord_source": null}}, {"type": "Feature", "geometry": null, "properties": {"id": "NFCFDB:united states america:ge morris", "name": "GE Morris", "country": "United States of America", "stage": "reprocessing", "subtype": "Spent Fuel Reprocessing - aqueous route", "fuel_type": null, "status": "Shutdown", "scale": "Commercial", "capacity": "300 t HM/year", "start": 1971, "end": 1971, "prov": [{"tier": 1, "source": "IAEA NFCFDB facility list export", "record": "GE Morris", "url": "https://infcis.iaea.org/NFCFDB/Facilities", "retrieved": "2026-09-22"}], "coord_tier": null, "coord_source": null}}, {"type": "Feature", "geometry": null, "properties": {"id": "NFCFDB:united states america:west valley", "name": "West Valley", "country": "United States of America", "stage": "reprocessing", "subtype": "Spent Fuel Reprocessing - aqueous route", "fuel_type": null, "status": "Decommissioning", "scale": "Commercial", "capacity": "300 t HM/year", "start": 1966, "end": 1972, "prov": [{"tier": 1, "source": "IAEA NFCFDB facility list export", "record": "West Valley", "url": "https://infcis.iaea.org/NFCFDB/Facilities", "retrieved": "2026-09-22"}], "coord_tier": null, "coord_source": null}}, {"type": "Feature", "geometry": null, "properties": {"id": "NFCFDB:united states america:barnwell", "name": "Barnwell", "country": "United States of America", "stage": "reprocessing", "subtype": "Spent Fuel Reprocessing - aqueous route", "fuel_type": null, "status": "Others", "scale": "Commercial", "capacity": "1500 t HM/year", "start": 1974, "end": 1983, "prov": [{"tier": 1, "source": "IAEA NFCFDB facility list export", "record": "Barnwell", "url": "https://infcis.iaea.org/NFCFDB/Facilities", "retrieved": "2026-09-22"}], "coord_tier": null, "coord_source": null}}, {"type": "Feature", "geometry": null, "properties": {"id": "NFCFDB:united states america:new wales", "name": "New Wales Plant", "country": "United States of America", "stage": "other", "subtype": "Uranium Recovery from Phosphates", "fuel_type": null, "status": "Stand By", "scale": "Commercial", "capacity": "425 t U/year", "start": 1980, "end": 1992, "prov": [{"tier": 1, "source": "IAEA NFCFDB facility list export", "record": "New Wales Plant", "url": "https://infcis.iaea.org/NFCFDB/Facilities", "retrieved": "2026-09-22"}], "coord_tier": null, "coord_source": null}}, {"type": "Feature", "geometry": null, "properties": {"id": "NFCFDB:united states america:west valley reprocessing site", "name": "West Valley Reprocessing Plant Site", "country": "United States of America", "stage": "waste", "subtype": "AFR Wet Spent Fuel Storage (Pool)", "fuel_type": null, "status": "Decommissioning", "scale": "Commercial", "capacity": "27 t HM", "start": 1966, "end": null, "prov": [{"tier": 1, "source": "IAEA NFCFDB facility list export", "record": "West Valley Reprocessing Plant Site", "url": "https://infcis.iaea.org/NFCFDB/Facilities", "retrieved": "2026-09-22"}], "coord_tier": null, "coord_source": null}}, {"type": "Feature", "geometry": null, "properties": {"id": "NFCFDB:united states america:alta mesa", "name": "Alta Mesa", "country": "United States of America", "stage": "mining", "subtype": "Uranium Ore Processing", "fuel_type": null, "status": "In Operation", "scale": "Commercial", "capacity": "385 t U/year", "start": 2005, "end": null, "prov": [{"tier": 1, "source": "IAEA NFCFDB facility list export", "record": "Alta Mesa", "url": "https://infcis.iaea.org/NFCFDB/Facilities", "retrieved": "2026-09-22"}], "coord_tier": null, "coord_source": null}}, {"type": "Feature", "geometry": null, "properties": {"id": "NFCFDB:united states america:canon city", "name": "Canon City", "country": "United States of America", "stage": "mining", "subtype": "Uranium Ore Processing", "fuel_type": null, "status": "In Operation", "scale": "Commercial", "capacity": "210 t U/year", "start": 1979, "end": null, "prov": [{"tier": 1, "source": "IAEA NFCFDB facility list export", "record": "Canon City", "url": "https://infcis.iaea.org/NFCFDB/Facilities", "retrieved": "2026-09-22"}], "coord_tier": null, "coord_source": null}}, {"type": "Feature", "geometry": null, "properties": {"id": "NFCFDB:united states america:owl creek site", "name": "Owl Creek NPP Site", "country": "United States of America", "stage": "waste", "subtype": "AFR Dry Spent Fuel Storage", "fuel_type": null, "status": "Others", "scale": "Commercial", "capacity": "40000 t HM", "start": null, "end": null, "prov": [{"tier": 1, "source": "IAEA NFCFDB facility list export", "record": "Owl Creek NPP Site", "url": "https://infcis.iaea.org/NFCFDB/Facilities", "retrieved": "2026-09-22"}], "coord_tier": null, "coord_source": null}}, {"type": "Feature", "geometry": null, "properties": {"id": "NFCFDB:united states america:arkansas no 1 site isfsi", "name": "Arkansas Nuclear No:1 NPP Site ISFSI", "country": "United States of America", "stage": "waste", "subtype": "AFR Dry Spent Fuel Storage", "fuel_type": null, "status": "In Operation", "scale": "Commercial", "capacity": "150 t HM", "start": 1997, "end": null, "prov": [{"tier": 1, "source": "IAEA NFCFDB facility list export", "record": "Arkansas Nuclear No:1 NPP Site ISFSI", "url": "https://infcis.iaea.org/NFCFDB/Facilities", "retrieved": "2026-09-22"}], "coord_tier": null, "coord_source": null}}, {"type": "Feature", "geometry": null, "properties": {"id": "NFCFDB:united states america:peach bottom site isfsi", "name": "Peach Bottom NPP Site ISFSI", "country": "United States of America", "stage": "waste", "subtype": "AFR Dry Spent Fuel Storage", "fuel_type": null, "status": "In Operation", "scale": "Commercial", "capacity": "0 t HM", "start": 2000, "end": null, "prov": [{"tier": 1, "source": "IAEA NFCFDB facility list export", "record": "Peach Bottom NPP Site ISFSI", "url": "https://infcis.iaea.org/NFCFDB/Facilities", "retrieved": "2026-09-22"}], "coord_tier": null, "coord_source": null}}, {"type": "Feature", "geometry": null, "properties": {"id": "NFCFDB:united states america:prairie island site isfsi", "name": "Prairie Island NPP Site ISFSI", "country": "United States of America", "stage": "waste", "subtype": "AFR Dry Spent Fuel Storage", "fuel_type": null, "status": "In Operation", "scale": "Commercial", "capacity": "724 t HM", "start": 1994, "end": null, "prov": [{"tier": 1, "source": "IAEA NFCFDB facility list export", "record": "Prairie Island NPP Site ISFSI", "url": "https://infcis.iaea.org/NFCFDB/Facilities", "retrieved": "2026-09-22"}], "coord_tier": null, "coord_source": null}}, {"type": "Feature", "geometry": null, "properties": {"id": "NFCFDB:united states america:fort st vrain site isfsi", "name": "Fort St. Vrain NPP Site ISFSI", "country": "United States of America", "stage": "waste", "subtype": "AFR Dry Spent Fuel Storage", "fuel_type": null, "status": "In Operation", "scale": "Commercial", "capacity": "15.4 t HM", "start": 1992, "end": null, "prov": [{"tier": 1, "source": "IAEA NFCFDB facility list export", "record": "Fort St. Vrain NPP Site ISFSI", "url": "https://infcis.iaea.org/NFCFDB/Facilities", "retrieved": "2026-09-22"}], "coord_tier": null, "coord_source": null}}, {"type": "Feature", "geometry": null, "properties": {"id": "NFCFDB:united states america:point beach site isfsi", "name": "Point Beach NPP Site ISFSI", "country": "United States of America", "stage": "waste", "subtype": "AFR Dry Spent Fuel Storage", "fuel_type": null, "status": "In Operation", "scale": "Commercial", "capacity": "447 t HM", "start": 1995, "end": null, "prov": [{"tier": 1, "source": "IAEA NFCFDB facility list export", "record": "Point Beach NPP Site ISFSI", "url": "https://infcis.iaea.org/NFCFDB/Facilities", "retrieved": "2026-09-22"}], "coord_tier": null, "coord_source": null}}, {"type": "Feature", "geometry": null, "properties": {"id": "NFCFDB:united states america:palisades site isfsi", "name": "Palisades NPP Site ISFSI", "country": "United States of America", "stage": "waste", "subtype": "AFR Dry Spent Fuel Storage", "fuel_type": null, "status": "In Operation", "scale": "Commercial", "capacity": "233 t HM", "start": 1993, "end": null, "prov": [{"tier": 1, "source": "IAEA NFCFDB facility list export", "record": "Palisades NPP Site ISFSI", "url": "https://infcis.iaea.org/NFCFDB/Facilities", "retrieved": "2026-09-22"}], "coord_tier": null, "coord_source": null}}, {"type": "Feature", "geometry": null, "properties": {"id": "NFCFDB:united states america:davis besse site isfsi", "name": "Davis Besse NPP Site ISFSI", "country": "United States of America", "stage": "waste", "subtype": "AFR Dry Spent Fuel Storage", "fuel_type": null, "status": "In Operation", "scale": "Commercial", "capacity": "360 t HM", "start": 1995, "end": null, "prov": [{"tier": 1, "source": "IAEA NFCFDB facility list export", "record": "Davis Besse NPP Site ISFSI", "url": "https://infcis.iaea.org/NFCFDB/Facilities", "retrieved": "2026-09-22"}], "coord_tier": null, "coord_source": null}}, {"type": "Feature", "geometry": null, "properties": {"id": "NFCFDB:united states america:calvert cliffs site", "name": "Calvert Cliffs NPP Site", "country": "United States of America", "stage": "waste", "subtype": "AFR Dry Spent Fuel Storage", "fuel_type": null, "status": "In Operation", "scale": "Commercial", "capacity": "1112 t HM", "start": 1992, "end": null, "prov": [{"tier": 1, "source": "IAEA NFCFDB facility list export", "record": "Calvert Cliffs NPP Site", "url": "https://infcis.iaea.org/NFCFDB/Facilities", "retrieved": "2026-09-22"}], "coord_tier": null, "coord_source": null}}, {"type": "Feature", "geometry": null, "properties": {"id": "NFCFDB:united states america:surry site isfsi", "name": "Surry NPP Site ISFSI", "country": "United States of America", "stage": "waste", "subtype": "AFR Dry Spent Fuel Storage", "fuel_type": null, "status": "In Operation", "scale": "Commercial", "capacity": "808 t HM", "start": 1986, "end": null, "prov": [{"tier": 1, "source": "IAEA NFCFDB facility list export", "record": "Surry NPP Site ISFSI", "url": "https://infcis.iaea.org/NFCFDB/Facilities", "retrieved": "2026-09-22"}], "coord_tier": null, "coord_source": null}}, {"type": "Feature", "geometry": null, "properties": {"id": "NFCFDB:united states america:h b robinson site isfsi", "name": "H.B. Robinson NPP Site ISFSI", "country": "United States of America", "stage": "waste", "subtype": "AFR Dry Spent Fuel Storage", "fuel_type": null, "status": "In Operation", "scale": "Commercial", "capacity": "26 t HM", "start": 1986, "end": null, "prov": [{"tier": 1, "source": "IAEA NFCFDB facility list export", "record": "H.B. Robinson NPP Site ISFSI", "url": "https://infcis.iaea.org/NFCFDB/Facilities", "retrieved": "2026-09-22"}], "coord_tier": null, "coord_source": null}}, {"type": "Feature", "geometry": null, "properties": {"id": "NFCFDB:united states america:oconee site isfsi", "name": "Oconee NPP Site ISFSI", "country": "United States of America", "stage": "waste", "subtype": "AFR Dry Spent Fuel Storage", "fuel_type": null, "status": "In Operation", "scale": "Commercial", "capacity": "380 t HM", "start": 1990, "end": null, "prov": [{"tier": 1, "source": "IAEA NFCFDB facility list export", "record": "Oconee NPP Site ISFSI", "url": "https://infcis.iaea.org/NFCFDB/Facilities", "retrieved": "2026-09-22"}], "coord_tier": null, "coord_source": null}}, {"type": "Feature", "geometry": null, "properties": {"id": "NFCFDB:united states america:claiborne enrichment center", "name": "Claiborne Enrichment Center", "country": "United States of America", "stage": "enrichment", "subtype": "Uranium Enrichment", "fuel_type": null, "status": "Others", "scale": "Commercial", "capacity": "1500 MTSWU/year", "start": null, "end": null, "prov": [{"tier": 1, "source": "IAEA NFCFDB facility list export", "record": "Claiborne Enrichment Center", "url": "https://infcis.iaea.org/NFCFDB/Facilities", "retrieved": "2026-09-22"}], "coord_tier": null, "coord_source": null}}, {"type": "Feature", "geometry": null, "properties": {"id": "NFCFDB:united states america:big rock point site shutdown isfsi", "name": "Big Rock Point NPP Site (shutdown) ISFSI", "country": "United States of America", "stage": "waste", "subtype": "AFR Dry Spent Fuel Storage", "fuel_type": null, "status": "In Operation", "scale": "Commercial", "capacity": "0 t HM", "start": null, "end": null, "prov": [{"tier": 1, "source": "IAEA NFCFDB facility list export", "record": "Big Rock Point NPP Site (shutdown) ISFSI", "url": "https://infcis.iaea.org/NFCFDB/Facilities", "retrieved": "2026-09-22"}], "coord_tier": null, "coord_source": null}}, {"type": "Feature", "geometry": null, "properties": {"id": "NFCFDB:united states america:trojan site shutdown isfsi", "name": "Trojan NPP Site (shutdown) ISFSI", "country": "United States of America", "stage": "waste", "subtype": "AFR Dry Spent Fuel Storage", "fuel_type": null, "status": "In Operation", "scale": "Commercial", "capacity": "359 t HM", "start": null, "end": null, "prov": [{"tier": 1, "source": "IAEA NFCFDB facility list export", "record": "Trojan NPP Site (shutdown) ISFSI", "url": "https://infcis.iaea.org/NFCFDB/Facilities", "retrieved": "2026-09-22"}], "coord_tier": null, "coord_source": null}}, {"type": "Feature", "geometry": null, "properties": {"id": "NFCFDB:united states america:mcguire site isfsi", "name": "McGuire NPP Site ISFSI", "country": "United States of America", "stage": "waste", "subtype": "AFR Dry Spent Fuel Storage", "fuel_type": null, "status": "In Operation", "scale": "Commercial", "capacity": "0 t HM", "start": 2000, "end": null, "prov": [{"tier": 1, "source": "IAEA NFCFDB facility list export", "record": "McGuire NPP Site ISFSI", "url": "https://infcis.iaea.org/NFCFDB/Facilities", "retrieved": "2026-09-22"}], "coord_tier": null, "coord_source": null}}, {"type": "Feature", "geometry": null, "properties": {"id": "NFCFDB:united states america:los alamos plutonium", "name": "Los Alamos Plutonium Facility", "country": "United States of America", "stage": "reprocessing", "subtype": "Spent Fuel Reprocessing - aqueous route", "fuel_type": null, "status": "Shutdown", "scale": "Laboratory", "capacity": "0 t HM/year", "start": null, "end": null, "prov": [{"tier": 1, "source": "IAEA NFCFDB facility list export", "record": "Los Alamos Plutonium Facility", "url": "https://infcis.iaea.org/NFCFDB/Facilities", "retrieved": "2026-09-22"}], "coord_tier": null, "coord_source": null}}, {"type": "Feature", "geometry": null, "properties": {"id": "NFCFDB:united states america:idaho cpp 603 ifsf cpp 749", "name": "Idaho CPP-603 IFSF, CPP-749", "country": "United States of America", "stage": "waste", "subtype": "AFR Dry Spent Fuel Storage", "fuel_type": null, "status": "In Operation", "scale": "Laboratory", "capacity": "270 t HM", "start": 1975, "end": null, "prov": [{"tier": 1, "source": "IAEA NFCFDB facility list export", "record": "Idaho CPP-603 IFSF, CPP-749", "url": "https://infcis.iaea.org/NFCFDB/Facilities", "retrieved": "2026-09-22"}], "coord_tier": null, "coord_source": null}}, {"type": "Feature", "geometry": null, "properties": {"id": "NFCFDB:united states america:idaho cpp 603 cpp 666", "name": "Idaho CPP-603, CPP-666", "country": "United States of America", "stage": "waste", "subtype": "AFR Wet Spent Fuel Storage (Pool)", "fuel_type": null, "status": "In Operation", "scale": "Laboratory", "capacity": "0 t HM", "start": 1952, "end": null, "prov": [{"tier": 1, "source": "IAEA NFCFDB facility list export", "record": "Idaho CPP-603, CPP-666", "url": "https://infcis.iaea.org/NFCFDB/Facilities", "retrieved": "2026-09-22"}], "coord_tier": null, "coord_source": null}}, {"type": "Feature", "geometry": null, "properties": {"id": "NFCFDB:united states america:savannah river srs", "name": "Savannah River (SRS)", "country": "United States of America", "stage": "waste", "subtype": "AFR Wet Spent Fuel Storage (Pool)", "fuel_type": null, "status": "In Operation", "scale": "Laboratory", "capacity": "0 t HM", "start": null, "end": null, "prov": [{"tier": 1, "source": "IAEA NFCFDB facility list export", "record": "Savannah River (SRS)", "url": "https://infcis.iaea.org/NFCFDB/Facilities", "retrieved": "2026-09-22"}], "coord_tier": null, "coord_source": null}}, {"type": "Feature", "geometry": null, "properties": {"id": "NFCFDB:united states america:actinide packaging and storage fac apsf", "name": "Actinide Packaging and Storage Fac. (APSF)", "country": "United States of America", "stage": "waste", "subtype": "AFR Dry Spent Fuel Storage", "fuel_type": null, "status": "Others", "scale": "Laboratory", "capacity": "2001 t HM", "start": null, "end": null, "prov": [{"tier": 1, "source": "IAEA NFCFDB facility list export", "record": "Actinide Packaging and Storage Fac. (APSF)", "url": "https://infcis.iaea.org/NFCFDB/Facilities", "retrieved": "2026-09-22"}], "coord_tier": null, "coord_source": null}}, {"type": "Feature", "geometry": null, "properties": {"id": "NFCFDB:united states america:idaho chemical processing", "name": "Idaho Chemical Processing Plant", "country": "United States of America", "stage": "reprocessing", "subtype": "Spent Fuel Reprocessing - aqueous route", "fuel_type": null, "status": "Shutdown", "scale": "Laboratory", "capacity": "100 t HM/year", "start": 1959, "end": 1992, "prov": [{"tier": 1, "source": "IAEA NFCFDB facility list export", "record": "Idaho Chemical Processing Plant", "url": "https://infcis.iaea.org/NFCFDB/Facilities", "retrieved": "2026-09-22"}], "coord_tier": null, "coord_source": null}}, {"type": "Feature", "geometry": null, "properties": {"id": "NFCFDB:united states america:hanford", "name": "Hanford", "country": "United States of America", "stage": "fabrication", "subtype": "Fuel Fabrication (U Pellet, Pin, FA)", "fuel_type": null, "status": "Shutdown", "scale": "Laboratory", "capacity": "0 t HM/year", "start": 1961, "end": 1989, "prov": [{"tier": 1, "source": "IAEA NFCFDB facility list export", "record": "Hanford", "url": "https://infcis.iaea.org/NFCFDB/Facilities", "retrieved": "2026-09-22"}], "coord_tier": null, "coord_source": null}}, {"type": "Feature", "geometry": null, "properties": {"id": "NFCFDB:united states america:hanford k basins", "name": "Hanford - K Basins", "country": "United States of America", "stage": "waste", "subtype": "AFR Wet Spent Fuel Storage (Pool)", "fuel_type": null, "status": "In Operation", "scale": "Laboratory", "capacity": "2100 t HM", "start": 1950, "end": null, "prov": [{"tier": 1, "source": "IAEA NFCFDB facility list export", "record": "Hanford - K Basins", "url": "https://infcis.iaea.org/NFCFDB/Facilities", "retrieved": "2026-09-22"}], "coord_tier": null, "coord_source": null}}, {"type": "Feature", "geometry": null, "properties": {"id": "NFCFDB:united states america:hanford plutonium finishing", "name": "Hanford - Plutonium Finishing Plant", "country": "United States of America", "stage": "fabrication", "subtype": "MOX fuel fabrication (Mox Powder, Pellet, Pin, FA)", "fuel_type": null, "status": "Shutdown", "scale": "Laboratory", "capacity": "0 t HM/year", "start": 1949, "end": 1989, "prov": [{"tier": 1, "source": "IAEA NFCFDB facility list export", "record": "Hanford - Plutonium Finishing Plant", "url": "https://infcis.iaea.org/NFCFDB/Facilities", "retrieved": "2026-09-22"}], "coord_tier": null, "coord_source": null}}, {"type": "Feature", "geometry": null, "properties": {"id": "NFCFDB:united states america:hanford b", "name": "Hanford - B Plant", "country": "United States of America", "stage": "reprocessing", "subtype": "Spent Fuel Reprocessing - aqueous route", "fuel_type": null, "status": "Decommissioning", "scale": "Laboratory", "capacity": "2400 t HM/year", "start": 1956, "end": 1989, "prov": [{"tier": 1, "source": "IAEA NFCFDB facility list export", "record": "Hanford - B Plant", "url": "https://infcis.iaea.org/NFCFDB/Facilities", "retrieved": "2026-09-22"}], "coord_tier": null, "coord_source": null}}, {"type": "Feature", "geometry": null, "properties": {"id": "NFCFDB:united states america:hanford", "name": "Hanford", "country": "United States of America", "stage": "conversion", "subtype": "Conversion to UO3", "fuel_type": null, "status": "Shutdown", "scale": "Laboratory", "capacity": "0 t HM/year", "start": 1956, "end": 1972, "prov": [{"tier": 1, "source": "IAEA NFCFDB facility list export", "record": "Hanford", "url": "https://infcis.iaea.org/NFCFDB/Facilities", "retrieved": "2026-09-22"}], "coord_tier": null, "coord_source": null}}, {"type": "Feature", "geometry": null, "properties": {"id": "NFCFDB:united states america:hanford canister storage building", "name": "Hanford - Canister Storage Building", "country": "United States of America", "stage": "waste", "subtype": "AFR Dry Spent Fuel Storage", "fuel_type": null, "status": "Under Construction", "scale": "Laboratory", "capacity": "2300 t HM", "start": 2003, "end": null, "prov": [{"tier": 1, "source": "IAEA NFCFDB facility list export", "record": "Hanford - Canister Storage Building", "url": "https://infcis.iaea.org/NFCFDB/Facilities", "retrieved": "2026-09-22"}], "coord_tier": null, "coord_source": null}}, {"type": "Feature", "geometry": null, "properties": {"id": "NFCFDB:united states america:fuels and materials examination fac fmef", "name": "Fuels and Materials Examination Fac. (FMEF)", "country": "United States of America", "stage": "fabrication", "subtype": "MOX fuel fabrication (Mox Powder, Pellet, Pin, FA)", "fuel_type": null, "status": "Stand By", "scale": "Laboratory", "capacity": "0 t HM/year", "start": null, "end": null, "prov": [{"tier": 1, "source": "IAEA NFCFDB facility list export", "record": "Fuels and Materials Examination Fac. (FMEF)", "url": "https://infcis.iaea.org/NFCFDB/Facilities", "retrieved": "2026-09-22"}], "coord_tier": null, "coord_source": null}}, {"type": "Feature", "geometry": null, "properties": {"id": "NFCFDB:united states america:green river", "name": "Green River", "country": "United States of America", "stage": "mining", "subtype": "Uranium Ore Processing", "fuel_type": null, "status": "Decommissioned", "scale": "Commercial", "capacity": "0 t U/year", "start": 1958, "end": 1961, "prov": [{"tier": 1, "source": "IAEA NFCFDB facility list export", "record": "Green River", "url": "https://infcis.iaea.org/NFCFDB/Facilities", "retrieved": "2026-09-22"}], "coord_tier": null, "coord_source": null}}, {"type": "Feature", "geometry": null, "properties": {"id": "NFCFDB:united states america:idaho tan 607 demonstration", "name": "Idaho TAN-607 demonstration", "country": "United States of America", "stage": "waste", "subtype": "AFR Dry Spent Fuel Storage", "fuel_type": null, "status": "In Operation", "scale": "Laboratory", "capacity": "0 t HM", "start": 1975, "end": null, "prov": [{"tier": 1, "source": "IAEA NFCFDB facility list export", "record": "Idaho TAN-607 demonstration", "url": "https://infcis.iaea.org/NFCFDB/Facilities", "retrieved": "2026-09-22"}], "coord_tier": null, "coord_source": null}}, {"type": "Feature", "geometry": null, "properties": {"id": "NFCFDB:united states america:tmi 2 debris at idaho", "name": "TMI-2, Debris at Idaho", "country": "United States of America", "stage": "waste", "subtype": "AFR Dry Spent Fuel Storage", "fuel_type": null, "status": "In Operation", "scale": "Laboratory", "capacity": "130 t HM", "start": 1999, "end": null, "prov": [{"tier": 1, "source": "IAEA NFCFDB facility list export", "record": "TMI-2, Debris at Idaho", "url": "https://infcis.iaea.org/NFCFDB/Facilities", "retrieved": "2026-09-22"}], "coord_tier": null, "coord_source": null}}, {"type": "Feature", "geometry": null, "properties": {"id": "NFCFDB:united states america:demox tomox", "name": "DeMOX - ToMOX", "country": "United States of America", "stage": "fabrication", "subtype": "MOX fuel fabrication (Mox Powder, Pellet, Pin, FA)", "fuel_type": null, "status": "Others", "scale": "Commercial", "capacity": "0 t HM/year", "start": null, "end": null, "prov": [{"tier": 1, "source": "IAEA NFCFDB facility list export", "record": "DeMOX - ToMOX", "url": "https://infcis.iaea.org/NFCFDB/Facilities", "retrieved": "2026-09-22"}], "coord_tier": null, "coord_source": null}}, {"type": "Feature", "geometry": null, "properties": {"id": "NFCFDB:united states america:private fuel storage isfsi", "name": "Private Fuel Storage ISFSI", "country": "United States of America", "stage": "waste", "subtype": "AFR Dry Spent Fuel Storage", "fuel_type": null, "status": "In Operation", "scale": "Commercial", "capacity": "40000 t HM", "start": null, "end": null, "prov": [{"tier": 1, "source": "IAEA NFCFDB facility list export", "record": "Private Fuel Storage ISFSI", "url": "https://infcis.iaea.org/NFCFDB/Facilities", "retrieved": "2026-09-22"}], "coord_tier": null, "coord_source": null}}, {"type": "Feature", "geometry": null, "properties": {"id": "NFCFDB:united states america:savannah river srs", "name": "Savannah River (SRS)", "country": "United States of America", "stage": "fabrication", "subtype": "Fuel Fabrication (U Pellet, Pin, FA)", "fuel_type": null, "status": "Under Construction", "scale": "Pilot plant", "capacity": "70 t/year", "start": 1978, "end": 1985, "prov": [{"tier": 1, "source": "IAEA NFCFDB facility list export", "record": "Savannah River (SRS)", "url": "https://infcis.iaea.org/NFCFDB/Facilities", "retrieved": "2026-09-22"}], "coord_tier": null, "coord_source": null}}, {"type": "Feature", "geometry": null, "properties": {"id": "NFCFDB:united states america:barnwell", "name": "Barnwell", "country": "United States of America", "stage": "conversion", "subtype": "Re-conversion to UO2 Powder", "fuel_type": null, "status": "Others", "scale": "Commercial", "capacity": "0 t HM/year", "start": null, "end": null, "prov": [{"tier": 1, "source": "IAEA NFCFDB facility list export", "record": "Barnwell", "url": "https://infcis.iaea.org/NFCFDB/Facilities", "retrieved": "2026-09-22"}], "coord_tier": null, "coord_source": null}}, {"type": "Feature", "geometry": null, "properties": {"id": "NFCFDB:united states america:north anna site isfsi", "name": "North Anna NPP Site ISFSI", "country": "United States of America", "stage": "waste", "subtype": "AFR Dry Spent Fuel Storage", "fuel_type": null, "status": "In Operation", "scale": "Commercial", "capacity": "840 t HM", "start": 1998, "end": null, "prov": [{"tier": 1, "source": "IAEA NFCFDB facility list export", "record": "North Anna NPP Site ISFSI", "url": "https://infcis.iaea.org/NFCFDB/Facilities", "retrieved": "2026-09-22"}], "coord_tier": null, "coord_source": null}}, {"type": "Feature", "geometry": null, "properties": {"id": "NFCFDB:united states america:portsmouth", "name": "Portsmouth", "country": "United States of America", "stage": "conversion", "subtype": "Re-conversion to UO2 Powder", "fuel_type": null, "status": "In Operation", "scale": "Commercial", "capacity": "13500 t HM/year", "start": 2010, "end": null, "prov": [{"tier": 1, "source": "IAEA NFCFDB facility list export", "record": "Portsmouth", "url": "https://infcis.iaea.org/NFCFDB/Facilities", "retrieved": "2026-09-22"}], "coord_tier": null, "coord_source": null}}, {"type": "Feature", "geometry": null, "properties": {"id": "NFCFDB:united states america:paducah", "name": "Paducah", "country": "United States of America", "stage": "conversion", "subtype": "Re-conversion to UO2 Powder", "fuel_type": null, "status": "In Operation", "scale": "Commercial", "capacity": "18000 t HM/year", "start": 2010, "end": null, "prov": [{"tier": 1, "source": "IAEA NFCFDB facility list export", "record": "Paducah", "url": "https://infcis.iaea.org/NFCFDB/Facilities", "retrieved": "2026-09-22"}], "coord_tier": null, "coord_source": null}}, {"type": "Feature", "geometry": null, "properties": {"id": "NFCFDB:united states america:dresden site", "name": "Dresden NPP Site", "country": "United States of America", "stage": "waste", "subtype": "AFR Dry Spent Fuel Storage", "fuel_type": null, "status": "In Operation", "scale": "Commercial", "capacity": "70 t HM", "start": 2001, "end": null, "prov": [{"tier": 1, "source": "IAEA NFCFDB facility list export", "record": "Dresden NPP Site", "url": "https://infcis.iaea.org/NFCFDB/Facilities", "retrieved": "2026-09-22"}], "coord_tier": null, "coord_source": null}}, {"type": "Feature", "geometry": null, "properties": {"id": "NFCFDB:united states america:oyster creek site", "name": "Oyster Creek NPP Site", "country": "United States of America", "stage": "waste", "subtype": "AFR Dry Spent Fuel Storage", "fuel_type": null, "status": "In Operation", "scale": "Commercial", "capacity": "190 t HM", "start": 2000, "end": null, "prov": [{"tier": 1, "source": "IAEA NFCFDB facility list export", "record": "Oyster Creek NPP Site", "url": "https://infcis.iaea.org/NFCFDB/Facilities", "retrieved": "2026-09-22"}], "coord_tier": null, "coord_source": null}}, {"type": "Feature", "geometry": null, "properties": {"id": "NFCFDB:united states america:rancho seco site isfsi", "name": "Rancho Seco NPP Site ISFSI", "country": "United States of America", "stage": "waste", "subtype": "AFR Dry Spent Fuel Storage", "fuel_type": null, "status": "In Operation", "scale": "Commercial", "capacity": "202 t HM", "start": 1989, "end": null, "prov": [{"tier": 1, "source": "IAEA NFCFDB facility list export", "record": "Rancho Seco NPP Site ISFSI", "url": "https://infcis.iaea.org/NFCFDB/Facilities", "retrieved": "2026-09-22"}], "coord_tier": null, "coord_source": null}}, {"type": "Feature", "geometry": null, "properties": {"id": "NFCFDB:united states america:susquehanna site isfsi", "name": "Susquehanna NPP Site  ISFSI", "country": "United States of America", "stage": "waste", "subtype": "AFR Dry Spent Fuel Storage", "fuel_type": null, "status": "In Operation", "scale": "Commercial", "capacity": "343 t HM", "start": 1998, "end": null, "prov": [{"tier": 1, "source": "IAEA NFCFDB facility list export", "record": "Susquehanna NPP Site  ISFSI", "url": "https://infcis.iaea.org/NFCFDB/Facilities", "retrieved": "2026-09-22"}], "coord_tier": null, "coord_source": null}}, {"type": "Feature", "geometry": null, "properties": {"id": "NFCFDB:united states america:duane arnold site", "name": "Duane Arnold NPP Site", "country": "United States of America", "stage": "waste", "subtype": "AFR Dry Spent Fuel Storage", "fuel_type": null, "status": "In Operation", "scale": "Commercial", "capacity": "0 t HM", "start": 2004, "end": null, "prov": [{"tier": 1, "source": "IAEA NFCFDB facility list export", "record": "Duane Arnold NPP Site", "url": "https://infcis.iaea.org/NFCFDB/Facilities", "retrieved": "2026-09-22"}], "coord_tier": null, "coord_source": null}}, {"type": "Feature", "geometry": null, "properties": {"id": "NFCFDB:united states america:7 hex reduction", "name": "Plant 7 (Hex Reduction Plant)", "country": "United States of America", "stage": "conversion", "subtype": "Conversion to UF4", "fuel_type": null, "status": "Decommissioned", "scale": "Commercial", "capacity": "0 t HM/year", "start": 1954, "end": 1956, "prov": [{"tier": 1, "source": "IAEA NFCFDB facility list export", "record": "Plant 7 (Hex Reduction Plant)", "url": "https://infcis.iaea.org/NFCFDB/Facilities", "retrieved": "2026-09-22"}], "coord_tier": null, "coord_source": null}}, {"type": "Feature", "geometry": null, "properties": {"id": "NFCFDB:united states america:rmi extrusion", "name": "RMI Extrusion Plant", "country": "United States of America", "stage": "fabrication", "subtype": "Fuel Fabrication (U Pellet, Pin, FA)", "fuel_type": null, "status": "Decommissioning", "scale": "Commercial", "capacity": "0 t HM/year", "start": 1962, "end": 1988, "prov": [{"tier": 1, "source": "IAEA NFCFDB facility list export", "record": "RMI Extrusion Plant", "url": "https://infcis.iaea.org/NFCFDB/Facilities", "retrieved": "2026-09-22"}], "coord_tier": null, "coord_source": null}}, {"type": "Feature", "geometry": null, "properties": {"id": "NFCFDB:united states america:dp west plutonium", "name": "DP West Plutonium Facility", "country": "United States of America", "stage": "fabrication", "subtype": "MOX fuel fabrication (Mox Powder, Pellet, Pin, FA)", "fuel_type": null, "status": "Decommissioning", "scale": "Commercial", "capacity": "0 t HM/year", "start": 1944, "end": 1978, "prov": [{"tier": 1, "source": "IAEA NFCFDB facility list export", "record": "DP West Plutonium Facility", "url": "https://infcis.iaea.org/NFCFDB/Facilities", "retrieved": "2026-09-22"}], "coord_tier": null, "coord_source": null}}, {"type": "Feature", "geometry": null, "properties": {"id": "NFCFDB:united states america:uranium manufacturing compton", "name": "Uranium Manufacturing Facility - Compton", "country": "United States of America", "stage": "fabrication", "subtype": "Fuel Fabrication (U Pellet, Pin, FA)", "fuel_type": null, "status": "Decommissioned", "scale": "Commercial", "capacity": "0 t HM/year", "start": 1967, "end": 1986, "prov": [{"tier": 1, "source": "IAEA NFCFDB facility list export", "record": "Uranium Manufacturing Facility - Compton", "url": "https://infcis.iaea.org/NFCFDB/Facilities", "retrieved": "2026-09-22"}], "coord_tier": null, "coord_source": null}}, {"type": "Feature", "geometry": null, "properties": {"id": "NFCFDB:united states america:fuel fabrication attleboro", "name": "Fuel Fabrication Facility Attleboro", "country": "United States of America", "stage": "fabrication", "subtype": "Fuel Fabrication (U Pellet, Pin, FA)", "fuel_type": null, "status": "Decommissioned", "scale": "Commercial", "capacity": "0 t HM/year", "start": 1952, "end": 1981, "prov": [{"tier": 1, "source": "IAEA NFCFDB facility list export", "record": "Fuel Fabrication Facility Attleboro", "url": "https://infcis.iaea.org/NFCFDB/Facilities", "retrieved": "2026-09-22"}], "coord_tier": null, "coord_source": null}}, {"type": "Feature", "geometry": null, "properties": {"id": "NFCFDB:united states america:uranium fuel fabrication", "name": "Uranium Fuel Fabrication Plant", "country": "United States of America", "stage": "fabrication", "subtype": "Fuel Fabrication (U Pellet, Pin, FA)", "fuel_type": null, "status": "Decommissioned", "scale": "Commercial", "capacity": "0 t HM/year", "start": 1957, "end": 1966, "prov": [{"tier": 1, "source": "IAEA NFCFDB facility list export", "record": "Uranium Fuel Fabrication Plant", "url": "https://infcis.iaea.org/NFCFDB/Facilities", "retrieved": "2026-09-22"}], "coord_tier": null, "coord_source": null}}, {"type": "Feature", "geometry": null, "properties": {"id": "NFCFDB:united states america:b212 plutonium glovebox", "name": "B212 Plutonium Glovebox", "country": "United States of America", "stage": "fabrication", "subtype": "MOX fuel fabrication (Mox Powder, Pellet, Pin, FA)", "fuel_type": null, "status": "Decommissioned", "scale": "Laboratory", "capacity": "0 t HM/year", "start": 1960, "end": 1990, "prov": [{"tier": 1, "source": "IAEA NFCFDB facility list export", "record": "B212 Plutonium Glovebox", "url": "https://infcis.iaea.org/NFCFDB/Facilities", "retrieved": "2026-09-22"}], "coord_tier": null, "coord_source": null}}, {"type": "Feature", "geometry": null, "properties": {"id": "NFCFDB:united states america:plutonium fabrication building 350", "name": "Plutonium Fabrication Facility (Building 350)", "country": "United States of America", "stage": "fabrication", "subtype": "MOX fuel fabrication (Mox Powder, Pellet, Pin, FA)", "fuel_type": null, "status": "Decommissioned", "scale": "Pilot plant", "capacity": "0 t HM/year", "start": 1959, "end": 1973, "prov": [{"tier": 1, "source": "IAEA NFCFDB facility list export", "record": "Plutonium Fabrication Facility (Building 350)", "url": "https://infcis.iaea.org/NFCFDB/Facilities", "retrieved": "2026-09-22"}], "coord_tier": null, "coord_source": null}}, {"type": "Feature", "geometry": null, "properties": {"id": "NFCFDB:united states america:uranium fuel fabrication san jose", "name": "Uranium Fuel Fabrication Plant - San Jose", "country": "United States of America", "stage": "fabrication", "subtype": "Fuel Fabrication (U Pellet, Pin, FA)", "fuel_type": null, "status": "Decommissioned", "scale": "Commercial", "capacity": "0 t HM/year", "start": 1962, "end": 1978, "prov": [{"tier": 1, "source": "IAEA NFCFDB facility list export", "record": "Uranium Fuel Fabrication Plant - San Jose", "url": "https://infcis.iaea.org/NFCFDB/Facilities", "retrieved": "2026-09-22"}], "coord_tier": null, "coord_source": null}}, {"type": "Feature", "geometry": null, "properties": {"id": "NFCFDB:united states america:advanced fuel laboratory", "name": "Advanced Fuel Laboratory", "country": "United States of America", "stage": "fabrication", "subtype": "MOX fuel fabrication (Mox Powder, Pellet, Pin, FA)", "fuel_type": null, "status": "Decommissioned", "scale": "Laboratory", "capacity": "0 t HM/year", "start": 1962, "end": 1979, "prov": [{"tier": 1, "source": "IAEA NFCFDB facility list export", "record": "Advanced Fuel Laboratory", "url": "https://infcis.iaea.org/NFCFDB/Facilities", "retrieved": "2026-09-22"}], "coord_tier": null, "coord_source": null}}, {"type": "Feature", "geometry": null, "properties": {"id": "NFCFDB:united states america:special metallurgical", "name": "Special Metallurgical Facility", "country": "United States of America", "stage": "reprocessing", "subtype": "Spent Fuel Reprocessing - aqueous route", "fuel_type": null, "status": "Decommissioned", "scale": "Commercial", "capacity": "0 t HM/year", "start": 1960, "end": 1968, "prov": [{"tier": 1, "source": "IAEA NFCFDB facility list export", "record": "Special Metallurgical Facility", "url": "https://infcis.iaea.org/NFCFDB/Facilities", "retrieved": "2026-09-22"}], "coord_tier": null, "coord_source": null}}, {"type": "Feature", "geometry": null, "properties": {"id": "NFCFDB:united states america:material development", "name": "Nuclear Material Development Facility", "country": "United States of America", "stage": "fabrication", "subtype": "MOX fuel fabrication (Mox Powder, Pellet, Pin, FA)", "fuel_type": null, "status": "Decommissioned", "scale": "Laboratory", "capacity": "0 t HM/year", "start": 1967, "end": 1980, "prov": [{"tier": 1, "source": "IAEA NFCFDB facility list export", "record": "Nuclear Material Development Facility", "url": "https://infcis.iaea.org/NFCFDB/Facilities", "retrieved": "2026-09-22"}], "coord_tier": null, "coord_source": null}}, {"type": "Feature", "geometry": null, "properties": {"id": "NFCFDB:united states america:fuel services", "name": "Nuclear Fuel Services", "country": "United States of America", "stage": "fabrication", "subtype": "MOX fuel fabrication (Mox Powder, Pellet, Pin, FA)", "fuel_type": null, "status": "Decommissioned", "scale": "Commercial", "capacity": "0 t HM/year", "start": 1965, "end": 1972, "prov": [{"tier": 1, "source": "IAEA NFCFDB facility list export", "record": "Nuclear Fuel Services", "url": "https://infcis.iaea.org/NFCFDB/Facilities", "retrieved": "2026-09-22"}], "coord_tier": null, "coord_source": null}}, {"type": "Feature", "geometry": null, "properties": {"id": "NFCFDB:united states america:weldon spring site", "name": "Weldon Spring Site", "country": "United States of America", "stage": "conversion", "subtype": "Conversion to UO2", "fuel_type": null, "status": "Decommissioned", "scale": "Commercial", "capacity": "0 t HM/year", "start": 1957, "end": 1966, "prov": [{"tier": 1, "source": "IAEA NFCFDB facility list export", "record": "Weldon Spring Site", "url": "https://infcis.iaea.org/NFCFDB/Facilities", "retrieved": "2026-09-22"}], "coord_tier": null, "coord_source": null}}, {"type": "Feature", "geometry": null, "properties": {"id": "NFCFDB:united states america:lanl ta 21", "name": "LANL TA-21", "country": "United States of America", "stage": "fabrication", "subtype": "Fuel Fabrication (U Pellet, Pin, FA)", "fuel_type": null, "status": "Decommissioned", "scale": "Commercial", "capacity": "0 t HM/year", "start": 1950, "end": 1984, "prov": [{"tier": 1, "source": "IAEA NFCFDB facility list export", "record": "LANL TA-21", "url": "https://infcis.iaea.org/NFCFDB/Facilities", "retrieved": "2026-09-22"}], "coord_tier": null, "coord_source": null}}, {"type": "Feature", "geometry": null, "properties": {"id": "NFCFDB:united states america:hanford t complex", "name": "Hanford T Plant Complex", "country": "United States of America", "stage": "reprocessing", "subtype": "Spent Fuel Reprocessing - aqueous route", "fuel_type": null, "status": "Decommissioning", "scale": "Commercial", "capacity": "0 t HM/year", "start": 1944, "end": 1956, "prov": [{"tier": 1, "source": "IAEA NFCFDB facility list export", "record": "Hanford T Plant Complex", "url": "https://infcis.iaea.org/NFCFDB/Facilities", "retrieved": "2026-09-22"}], "coord_tier": null, "coord_source": null}}, {"type": "Feature", "geometry": null, "properties": {"id": "NFCFDB:united states america:hanford redox", "name": "Hanford Redox Facility", "country": "United States of America", "stage": "reprocessing", "subtype": "Spent Fuel Reprocessing - aqueous route", "fuel_type": null, "status": "Decommissioning", "scale": "Pilot plant", "capacity": "0 t HM/year", "start": 1949, "end": 1956, "prov": [{"tier": 1, "source": "IAEA NFCFDB facility list export", "record": "Hanford Redox Facility", "url": "https://infcis.iaea.org/NFCFDB/Facilities", "retrieved": "2026-09-22"}], "coord_tier": null, "coord_source": null}}, {"type": "Feature", "geometry": null, "properties": {"id": "NFCFDB:united states america:american centrifuge demonstration", "name": "American Centrifuge Demonstration Facility", "country": "United States of America", "stage": "enrichment", "subtype": "Uranium Enrichment", "fuel_type": null, "status": "Commissioning", "scale": "Pilot plant", "capacity": "0 MTSWU/year", "start": null, "end": null, "prov": [{"tier": 1, "source": "IAEA NFCFDB facility list export", "record": "American Centrifuge Demonstration Facility", "url": "https://infcis.iaea.org/NFCFDB/Facilities", "retrieved": "2026-09-22"}], "coord_tier": null, "coord_source": null}}, {"type": "Feature", "geometry": null, "properties": {"id": "NFCFDB:united states america:vasquez", "name": "Vasquez", "country": "United States of America", "stage": "mining", "subtype": "Uranium Ore Processing", "fuel_type": null, "status": "In Operation", "scale": "Commercial", "capacity": "308 t U/year", "start": 2004, "end": null, "prov": [{"tier": 1, "source": "IAEA NFCFDB facility list export", "record": "Vasquez", "url": "https://infcis.iaea.org/NFCFDB/Facilities", "retrieved": "2026-09-22"}], "coord_tier": null, "coord_source": null}}, {"type": "Feature", "geometry": null, "properties": {"id": "NFCFDB:united states america:urenco usa", "name": "Urenco USA", "country": "United States of America", "stage": "enrichment", "subtype": "Uranium Enrichment", "fuel_type": null, "status": "In Operation", "scale": "Commercial", "capacity": "4800 MTSWU/year", "start": 2010, "end": null, "prov": [{"tier": 1, "source": "IAEA NFCFDB facility list export", "record": "Urenco USA", "url": "https://infcis.iaea.org/NFCFDB/Facilities", "retrieved": "2026-09-22"}], "coord_tier": null, "coord_source": null}}, {"type": "Feature", "geometry": null, "properties": {"id": "NFCFDB:united states america:browns ferry site", "name": "Browns Ferry NPP Site", "country": "United States of America", "stage": "waste", "subtype": "AFR Dry Spent Fuel Storage", "fuel_type": null, "status": "In Operation", "scale": "Commercial", "capacity": "190 t HM", "start": 2004, "end": null, "prov": [{"tier": 1, "source": "IAEA NFCFDB facility list export", "record": "Browns Ferry NPP Site", "url": "https://infcis.iaea.org/NFCFDB/Facilities", "retrieved": "2026-09-22"}], "coord_tier": null, "coord_source": null}}, {"type": "Feature", "geometry": null, "properties": {"id": "NFCFDB:united states america:columbia site isfsi", "name": "Columbia Generating Station NPP Site ISFSI", "country": "United States of America", "stage": "waste", "subtype": "AFR Dry Spent Fuel Storage", "fuel_type": null, "status": "In Operation", "scale": "Commercial", "capacity": "190 t HM", "start": 2000, "end": null, "prov": [{"tier": 1, "source": "IAEA NFCFDB facility list export", "record": "Columbia Generating Station NPP Site ISFSI", "url": "https://infcis.iaea.org/NFCFDB/Facilities", "retrieved": "2026-09-22"}], "coord_tier": null, "coord_source": null}}, {"type": "Feature", "geometry": null, "properties": {"id": "NFCFDB:united states america:farley site", "name": "Farley NPP Site", "country": "United States of America", "stage": "waste", "subtype": "AFR Dry Spent Fuel Storage", "fuel_type": null, "status": "In Operation", "scale": "Commercial", "capacity": "190 t HM", "start": 2006, "end": null, "prov": [{"tier": 1, "source": "IAEA NFCFDB facility list export", "record": "Farley NPP Site", "url": "https://infcis.iaea.org/NFCFDB/Facilities", "retrieved": "2026-09-22"}], "coord_tier": null, "coord_source": null}}, {"type": "Feature", "geometry": null, "properties": {"id": "NFCFDB:united states america:fitzpatrick site", "name": "FitzPatrick NPP Site", "country": "United States of America", "stage": "waste", "subtype": "AFR Dry Spent Fuel Storage", "fuel_type": null, "status": "In Operation", "scale": "Commercial", "capacity": "190 t HM", "start": 2002, "end": null, "prov": [{"tier": 1, "source": "IAEA NFCFDB facility list export", "record": "FitzPatrick NPP Site", "url": "https://infcis.iaea.org/NFCFDB/Facilities", "retrieved": "2026-09-22"}], "coord_tier": null, "coord_source": null}}, {"type": "Feature", "geometry": null, "properties": {"id": "NFCFDB:united states america:haddam neck site", "name": "Haddam Neck NPP Site", "country": "United States of America", "stage": "waste", "subtype": "AFR Dry Spent Fuel Storage", "fuel_type": null, "status": "In Operation", "scale": "Commercial", "capacity": "190 t HM", "start": 1996, "end": null, "prov": [{"tier": 1, "source": "IAEA NFCFDB facility list export", "record": "Haddam Neck NPP Site", "url": "https://infcis.iaea.org/NFCFDB/Facilities", "retrieved": "2026-09-22"}], "coord_tier": null, "coord_source": null}}, {"type": "Feature", "geometry": null, "properties": {"id": "NFCFDB:united states america:hatch site", "name": "Hatch NPP Site", "country": "United States of America", "stage": "waste", "subtype": "AFR Dry Spent Fuel Storage", "fuel_type": null, "status": "In Operation", "scale": "Commercial", "capacity": "190 t HM", "start": 1998, "end": null, "prov": [{"tier": 1, "source": "IAEA NFCFDB facility list export", "record": "Hatch NPP Site", "url": "https://infcis.iaea.org/NFCFDB/Facilities", "retrieved": "2026-09-22"}], "coord_tier": null, "coord_source": null}}, {"type": "Feature", "geometry": null, "properties": {"id": "NFCFDB:united states america:maine yankee site shut down isfsi", "name": "Maine Yankee NPP Site (shut down) ISFSI", "country": "United States of America", "stage": "waste", "subtype": "AFR Dry Spent Fuel Storage", "fuel_type": null, "status": "In Operation", "scale": "Commercial", "capacity": "190 t HM", "start": 1997, "end": null, "prov": [{"tier": 1, "source": "IAEA NFCFDB facility list export", "record": "Maine Yankee NPP Site (shut down) ISFSI", "url": "https://infcis.iaea.org/NFCFDB/Facilities", "retrieved": "2026-09-22"}], "coord_tier": null, "coord_source": null}}, {"type": "Feature", "geometry": null, "properties": {"id": "NFCFDB:united states america:millstone site", "name": "Millstone NPP Site", "country": "United States of America", "stage": "waste", "subtype": "AFR Dry Spent Fuel Storage", "fuel_type": null, "status": "In Operation", "scale": "Commercial", "capacity": "190 t HM", "start": 2004, "end": null, "prov": [{"tier": 1, "source": "IAEA NFCFDB facility list export", "record": "Millstone NPP Site", "url": "https://infcis.iaea.org/NFCFDB/Facilities", "retrieved": "2026-09-22"}], "coord_tier": null, "coord_source": null}}, {"type": "Feature", "geometry": null, "properties": {"id": "NFCFDB:united states america:palo verde site", "name": "Palo Verde NPP Site", "country": "United States of America", "stage": "waste", "subtype": "AFR Dry Spent Fuel Storage", "fuel_type": null, "status": "In Operation", "scale": "Commercial", "capacity": "190 t HM", "start": 2003, "end": null, "prov": [{"tier": 1, "source": "IAEA NFCFDB facility list export", "record": "Palo Verde NPP Site", "url": "https://infcis.iaea.org/NFCFDB/Facilities", "retrieved": "2026-09-22"}], "coord_tier": null, "coord_source": null}}, {"type": "Feature", "geometry": null, "properties": {"id": "NFCFDB:united states america:quad cities site", "name": "Quad Cities NPP Site", "country": "United States of America", "stage": "waste", "subtype": "AFR Dry Spent Fuel Storage", "fuel_type": null, "status": "In Operation", "scale": "Commercial", "capacity": "190 t HM", "start": 2004, "end": null, "prov": [{"tier": 1, "source": "IAEA NFCFDB facility list export", "record": "Quad Cities NPP Site", "url": "https://infcis.iaea.org/NFCFDB/Facilities", "retrieved": "2026-09-22"}], "coord_tier": null, "coord_source": null}}, {"type": "Feature", "geometry": null, "properties": {"id": "NFCFDB:united states america:rancho seco site", "name": "Rancho Seco NPP Site", "country": "United States of America", "stage": "waste", "subtype": "AFR Dry Spent Fuel Storage", "fuel_type": null, "status": "In Operation", "scale": "Commercial", "capacity": "190 t HM", "start": 1989, "end": null, "prov": [{"tier": 1, "source": "IAEA NFCFDB facility list export", "record": "Rancho Seco NPP Site", "url": "https://infcis.iaea.org/NFCFDB/Facilities", "retrieved": "2026-09-22"}], "coord_tier": null, "coord_source": null}}, {"type": "Feature", "geometry": null, "properties": {"id": "NFCFDB:united states america:river bend site", "name": "River Bend NPP Site", "country": "United States of America", "stage": "waste", "subtype": "AFR Dry Spent Fuel Storage", "fuel_type": null, "status": "In Operation", "scale": "Commercial", "capacity": "190 t HM", "start": 2006, "end": null, "prov": [{"tier": 1, "source": "IAEA NFCFDB facility list export", "record": "River Bend NPP Site", "url": "https://infcis.iaea.org/NFCFDB/Facilities", "retrieved": "2026-09-22"}], "coord_tier": null, "coord_source": null}}, {"type": "Feature", "geometry": null, "properties": {"id": "NFCFDB:united states america:san onofre site", "name": "San Onofre NPP Site", "country": "United States of America", "stage": "waste", "subtype": "AFR Dry Spent Fuel Storage", "fuel_type": null, "status": "In Operation", "scale": "Commercial", "capacity": "190 t HM", "start": 2007, "end": null, "prov": [{"tier": 1, "source": "IAEA NFCFDB facility list export", "record": "San Onofre NPP Site", "url": "https://infcis.iaea.org/NFCFDB/Facilities", "retrieved": "2026-09-22"}], "coord_tier": null, "coord_source": null}}, {"type": "Feature", "geometry": null, "properties": {"id": "NFCFDB:united states america:sequoyah site isfsi", "name": "Sequoyah NPP Site ISFSI", "country": "United States of America", "stage": "waste", "subtype": "AFR Dry Spent Fuel Storage", "fuel_type": null, "status": "In Operation", "scale": "Commercial", "capacity": "190 t HM", "start": 2004, "end": null, "prov": [{"tier": 1, "source": "IAEA NFCFDB facility list export", "record": "Sequoyah NPP Site ISFSI", "url": "https://infcis.iaea.org/NFCFDB/Facilities", "retrieved": "2026-09-22"}], "coord_tier": null, "coord_source": null}}, {"type": "Feature", "geometry": null, "properties": {"id": "NFCFDB:united states america:yankee rowe site shutdown isfsi", "name": "Yankee Rowe NPP Site (shutdown) ISFSI", "country": "United States of America", "stage": "waste", "subtype": "AFR Dry Spent Fuel Storage", "fuel_type": null, "status": "In Operation", "scale": "Commercial", "capacity": "190 t HM", "start": 1991, "end": null, "prov": [{"tier": 1, "source": "IAEA NFCFDB facility list export", "record": "Yankee Rowe NPP Site (shutdown) ISFSI", "url": "https://infcis.iaea.org/NFCFDB/Facilities", "retrieved": "2026-09-22"}], "coord_tier": null, "coord_source": null}}, {"type": "Feature", "geometry": null, "properties": {"id": "NFCFDB:united states america:bwx technology bwxt fuel", "name": "BWX Technology (BWXT) Fuel Facility", "country": "United States of America", "stage": "fabrication", "subtype": "Fuel Fabrication (Research Reactors)", "fuel_type": null, "status": "In Operation", "scale": "Commercial", "capacity": "100 t HM/year", "start": 1982, "end": null, "prov": [{"tier": 1, "source": "IAEA NFCFDB facility list export", "record": "BWX Technology (BWXT) Fuel Facility", "url": "https://infcis.iaea.org/NFCFDB/Facilities", "retrieved": "2026-09-22"}], "coord_tier": null, "coord_source": null}}, {"type": "Feature", "geometry": null, "properties": {"id": "NFCFDB:united states america:american centrifuge", "name": "American Centrifuge Plant", "country": "United States of America", "stage": "enrichment", "subtype": "Uranium Enrichment", "fuel_type": null, "status": "In Operation", "scale": "Commercial", "capacity": "4800 MTSWU/year", "start": 2022, "end": null, "prov": [{"tier": 1, "source": "IAEA NFCFDB facility list export", "record": "American Centrifuge Plant", "url": "https://infcis.iaea.org/NFCFDB/Facilities", "retrieved": "2026-09-22"}], "coord_tier": null, "coord_source": null}}, {"type": "Feature", "geometry": null, "properties": {"id": "NFCFDB:united states america:h canyon", "name": "H-Canyon", "country": "United States of America", "stage": "reprocessing", "subtype": "Spent Fuel Reprocessing - aqueous route", "fuel_type": null, "status": "In Operation", "scale": null, "capacity": " ", "start": 1955, "end": 2019, "prov": [{"tier": 1, "source": "IAEA NFCFDB facility list export", "record": "H-Canyon", "url": "https://infcis.iaea.org/NFCFDB/Facilities", "retrieved": "2026-09-22"}], "coord_tier": null, "coord_source": null}}, {"type": "Feature", "geometry": null, "properties": {"id": "NFCFDB:united states america:church rock", "name": "Church Rock", "country": "United States of America", "stage": "mining", "subtype": "Uranium Ore Processing", "fuel_type": null, "status": "Under Construction", "scale": "Commercial", "capacity": "385 t U/year", "start": null, "end": null, "prov": [{"tier": 1, "source": "IAEA NFCFDB facility list export", "record": "Church Rock", "url": "https://infcis.iaea.org/NFCFDB/Facilities", "retrieved": "2026-09-22"}], "coord_tier": null, "coord_source": null}}, {"type": "Feature", "geometry": null, "properties": {"id": "NFCFDB:united states america:eagle enrichment", "name": "Eagle Enrichment Facility", "country": "United States of America", "stage": "enrichment", "subtype": "Uranium Enrichment", "fuel_type": null, "status": "Others", "scale": "Commercial", "capacity": "3300 MTSWU/year", "start": 2014, "end": null, "prov": [{"tier": 1, "source": "IAEA NFCFDB facility list export", "record": "Eagle Enrichment Facility", "url": "https://infcis.iaea.org/NFCFDB/Facilities", "retrieved": "2026-09-22"}], "coord_tier": null, "coord_source": null}}, {"type": "Feature", "geometry": null, "properties": {"id": "NFCFDB:united states america:global laser enrichment gle", "name": "Global Laser Enrichment (GLE)", "country": "United States of America", "stage": "enrichment", "subtype": "Uranium Enrichment", "fuel_type": null, "status": "Others", "scale": null, "capacity": "3500 MTSWU/year", "start": 2013, "end": null, "prov": [{"tier": 1, "source": "IAEA NFCFDB facility list export", "record": "Global Laser Enrichment (GLE)", "url": "https://infcis.iaea.org/NFCFDB/Facilities", "retrieved": "2026-09-22"}], "coord_tier": null, "coord_source": null}}, {"type": "Feature", "geometry": null, "properties": {"id": "NFCFDB:united states america:goliad uranium project", "name": "Goliad Uranium Project", "country": "United States of America", "stage": "mining", "subtype": "Uranium Ore Processing", "fuel_type": null, "status": "Others", "scale": null, "capacity": " ", "start": null, "end": null, "prov": [{"tier": 1, "source": "IAEA NFCFDB facility list export", "record": "Goliad Uranium Project", "url": "https://infcis.iaea.org/NFCFDB/Facilities", "retrieved": "2026-09-22"}], "coord_tier": null, "coord_source": null}}, {"type": "Feature", "geometry": null, "properties": {"id": "NFCFDB:united states america:fluorine extraction process and depleted uranium deconversion fep dup", "name": "Fluorine Extraction Process and Depleted Uranium Deconversion Plant (FEP/DUP)", "country": "United States of America", "stage": "conversion", "subtype": "Re-conversion to UO2 Powder", "fuel_type": null, "status": "Others", "scale": "Commercial", "capacity": "6500 t/year", "start": 2013, "end": null, "prov": [{"tier": 1, "source": "IAEA NFCFDB facility list export", "record": "Fluorine Extraction Process and Depleted Uranium Deconversion Plant (FEP/DUP)", "url": "https://infcis.iaea.org/NFCFDB/Facilities", "retrieved": "2026-09-22"}], "coord_tier": null, "coord_source": null}}, {"type": "Feature", "geometry": null, "properties": {"id": "NFCFDB:united states america:job and antelope", "name": "Job and Antelope", "country": "United States of America", "stage": "mining", "subtype": "Uranium Ore Processing", "fuel_type": null, "status": "Under Construction", "scale": "Commercial", "capacity": "770 t U/year", "start": null, "end": null, "prov": [{"tier": 1, "source": "IAEA NFCFDB facility list export", "record": "Job and Antelope", "url": "https://infcis.iaea.org/NFCFDB/Facilities", "retrieved": "2026-09-22"}], "coord_tier": null, "coord_source": null}}, {"type": "Feature", "geometry": null, "properties": {"id": "NFCFDB:united states america:la palangana", "name": "La Palangana", "country": "United States of America", "stage": "mining", "subtype": "Uranium Ore Processing", "fuel_type": null, "status": "In Operation", "scale": "Commercial", "capacity": "385 t U/year", "start": 2010, "end": null, "prov": [{"tier": 1, "source": "IAEA NFCFDB facility list export", "record": "La Palangana", "url": "https://infcis.iaea.org/NFCFDB/Facilities", "retrieved": "2026-09-22"}], "coord_tier": null, "coord_source": null}}, {"type": "Feature", "geometry": null, "properties": {"id": "NFCFDB:united states america:lost creek", "name": "Lost Creek", "country": "United States of America", "stage": "mining", "subtype": "Uranium Ore Processing", "fuel_type": null, "status": "Under Construction", "scale": "Commercial", "capacity": "770 t U/year", "start": null, "end": null, "prov": [{"tier": 1, "source": "IAEA NFCFDB facility list export", "record": "Lost Creek", "url": "https://infcis.iaea.org/NFCFDB/Facilities", "retrieved": "2026-09-22"}], "coord_tier": null, "coord_source": null}}, {"type": "Feature", "geometry": null, "properties": {"id": "NFCFDB:united states america:moore ranch", "name": "Moore Ranch", "country": "United States of America", "stage": "mining", "subtype": "Uranium Ore Processing", "fuel_type": null, "status": "In Operation", "scale": "Commercial", "capacity": "770 t U/year", "start": 2010, "end": null, "prov": [{"tier": 1, "source": "IAEA NFCFDB facility list export", "record": "Moore Ranch", "url": "https://infcis.iaea.org/NFCFDB/Facilities", "retrieved": "2026-09-22"}], "coord_tier": null, "coord_source": null}}, {"type": "Feature", "geometry": null, "properties": {"id": "NFCFDB:united states america:mox fuel fabrication mfff", "name": "MOX Fuel Fabrication Facility (MFFF)", "country": "United States of America", "stage": "fabrication", "subtype": "MOX fuel fabrication (Mox Powder, Pellet, Pin, FA)", "fuel_type": null, "status": "Under Construction", "scale": null, "capacity": " ", "start": 2016, "end": null, "prov": [{"tier": 1, "source": "IAEA NFCFDB facility list export", "record": "MOX Fuel Fabrication Facility (MFFF)", "url": "https://infcis.iaea.org/NFCFDB/Facilities", "retrieved": "2026-09-22"}], "coord_tier": null, "coord_source": null}}, {"type": "Feature", "geometry": null, "properties": {"id": "NFCFDB:united states america:nichols ranch isl project", "name": "Nichols Ranch ISL Project", "country": "United States of America", "stage": "mining", "subtype": "Uranium Ore Processing", "fuel_type": null, "status": "Under Construction", "scale": "Commercial", "capacity": " ", "start": null, "end": null, "prov": [{"tier": 1, "source": "IAEA NFCFDB facility list export", "record": "Nichols Ranch ISL Project", "url": "https://infcis.iaea.org/NFCFDB/Facilities", "retrieved": "2026-09-22"}], "coord_tier": null, "coord_source": null}}, {"type": "Feature", "geometry": null, "properties": {"id": "NFCFDB:united states america:pinon ridge mill", "name": "Pinon Ridge Mill", "country": "United States of America", "stage": "mining", "subtype": "Uranium Ore Processing", "fuel_type": null, "status": "Under Construction", "scale": "Commercial", "capacity": " ", "start": null, "end": null, "prov": [{"tier": 1, "source": "IAEA NFCFDB facility list export", "record": "Pinon Ridge Mill", "url": "https://infcis.iaea.org/NFCFDB/Facilities", "retrieved": "2026-09-22"}], "coord_tier": null, "coord_source": null}}, {"type": "Feature", "geometry": null, "properties": {"id": "NFCFDB:united states america:nichols project", "name": "Nichols Project", "country": "United States of America", "stage": "mining", "subtype": "Uranium Ore Processing", "fuel_type": null, "status": "Under Construction", "scale": null, "capacity": " ", "start": null, "end": null, "prov": [{"tier": 1, "source": "IAEA NFCFDB facility list export", "record": "Nichols Project", "url": "https://infcis.iaea.org/NFCFDB/Facilities", "retrieved": "2026-09-22"}], "coord_tier": null, "coord_source": null}}, {"type": "Feature", "geometry": null, "properties": {"id": "NFCFDB:united states america:brunswick isfsi", "name": "Brunswick NPP ISFSI", "country": "United States of America", "stage": "waste", "subtype": "AFR Dry Spent Fuel Storage", "fuel_type": null, "status": "In Operation", "scale": "Commercial", "capacity": " ", "start": null, "end": null, "prov": [{"tier": 1, "source": "IAEA NFCFDB facility list export", "record": "Brunswick NPP ISFSI", "url": "https://infcis.iaea.org/NFCFDB/Facilities", "retrieved": "2026-09-22"}], "coord_tier": null, "coord_source": null}}, {"type": "Feature", "geometry": null, "properties": {"id": "NFCFDB:united states america:byron site x000d", "name": "Byron NPP Site_x000d_", "country": "United States of America", "stage": "waste", "subtype": "AFR Dry Spent Fuel Storage", "fuel_type": null, "status": "In Operation", "scale": "Commercial", "capacity": " ", "start": null, "end": null, "prov": [{"tier": 1, "source": "IAEA NFCFDB facility list export", "record": "Byron NPP Site_x000d_", "url": "https://infcis.iaea.org/NFCFDB/Facilities", "retrieved": "2026-09-22"}], "coord_tier": null, "coord_source": null}}, {"type": "Feature", "geometry": null, "properties": {"id": "NFCFDB:united states america:catawba isfsi x000d", "name": "Catawba NPP ISFSI_x000d_", "country": "United States of America", "stage": "waste", "subtype": "AFR Dry Spent Fuel Storage", "fuel_type": null, "status": "In Operation", "scale": "Commercial", "capacity": " ", "start": null, "end": null, "prov": [{"tier": 1, "source": "IAEA NFCFDB facility list export", "record": "Catawba NPP ISFSI_x000d_", "url": "https://infcis.iaea.org/NFCFDB/Facilities", "retrieved": "2026-09-22"}], "coord_tier": null, "coord_source": null}}, {"type": "Feature", "geometry": null, "properties": {"id": "NFCFDB:united states america:cooper isfsi x000d", "name": "Cooper Station ISFSI_x000d_", "country": "United States of America", "stage": "waste", "subtype": "AFR Dry Spent Fuel Storage", "fuel_type": null, "status": "Others", "scale": "Commercial", "capacity": " ", "start": null, "end": null, "prov": [{"tier": 1, "source": "IAEA NFCFDB facility list export", "record": "Cooper Station ISFSI_x000d_", "url": "https://infcis.iaea.org/NFCFDB/Facilities", "retrieved": "2026-09-22"}], "coord_tier": null, "coord_source": null}}, {"type": "Feature", "geometry": null, "properties": {"id": "NFCFDB:united states america:diablo canyon site isfsi x000d", "name": "Diablo Canyon NPP Site ISFSI_x000d_", "country": "United States of America", "stage": "waste", "subtype": "AFR Dry Spent Fuel Storage", "fuel_type": null, "status": "In Operation", "scale": "Commercial", "capacity": " ", "start": 2008, "end": null, "prov": [{"tier": 1, "source": "IAEA NFCFDB facility list export", "record": "Diablo Canyon NPP Site ISFSI_x000d_", "url": "https://infcis.iaea.org/NFCFDB/Facilities", "retrieved": "2026-09-22"}], "coord_tier": null, "coord_source": null}}, {"type": "Feature", "geometry": null, "properties": {"id": "NFCFDB:united states america:fort calhoun site isfsi x000d", "name": "Fort Calhoun NPP Site ISFSI_x000d_", "country": "United States of America", "stage": "waste", "subtype": "AFR Dry Spent Fuel Storage", "fuel_type": null, "status": "In Operation", "scale": "Commercial", "capacity": " ", "start": null, "end": null, "prov": [{"tier": 1, "source": "IAEA NFCFDB facility list export", "record": "Fort Calhoun NPP Site ISFSI_x000d_", "url": "https://infcis.iaea.org/NFCFDB/Facilities", "retrieved": "2026-09-22"}], "coord_tier": null, "coord_source": null}}, {"type": "Feature", "geometry": null, "properties": {"id": "NFCFDB:united states america:ginna isfsi x000d", "name": "Ginna NPP ISFSI_x000d_", "country": "United States of America", "stage": "waste", "subtype": "AFR Dry Spent Fuel Storage", "fuel_type": null, "status": "In Operation", "scale": "Commercial", "capacity": " ", "start": null, "end": null, "prov": [{"tier": 1, "source": "IAEA NFCFDB facility list export", "record": "Ginna NPP ISFSI_x000d_", "url": "https://infcis.iaea.org/NFCFDB/Facilities", "retrieved": "2026-09-22"}], "coord_tier": null, "coord_source": null}}, {"type": "Feature", "geometry": null, "properties": {"id": "NFCFDB:united states america:grand gulf site isfsi x000d", "name": "Grand Gulf NPP Site ISFSI_x000d_", "country": "United States of America", "stage": "waste", "subtype": "AFR Dry Spent Fuel Storage", "fuel_type": null, "status": "In Operation", "scale": "Commercial", "capacity": " ", "start": null, "end": null, "prov": [{"tier": 1, "source": "IAEA NFCFDB facility list export", "record": "Grand Gulf NPP Site ISFSI_x000d_", "url": "https://infcis.iaea.org/NFCFDB/Facilities", "retrieved": "2026-09-22"}], "coord_tier": null, "coord_source": null}}, {"type": "Feature", "geometry": null, "properties": {"id": "NFCFDB:united states america:hope creek salem combined isfsi x000d", "name": "Hope Creek/Salem (combined) ISFSI_x000d_", "country": "United States of America", "stage": "waste", "subtype": "AFR Dry Spent Fuel Storage", "fuel_type": null, "status": "In Operation", "scale": "Commercial", "capacity": " ", "start": null, "end": null, "prov": [{"tier": 1, "source": "IAEA NFCFDB facility list export", "record": "Hope Creek/Salem (combined) ISFSI_x000d_", "url": "https://infcis.iaea.org/NFCFDB/Facilities", "retrieved": "2026-09-22"}], "coord_tier": null, "coord_source": null}}, {"type": "Feature", "geometry": null, "properties": {"id": "NFCFDB:united states america:humboldt bay x000d", "name": "Humboldt Bay_x000d_", "country": "United States of America", "stage": "waste", "subtype": "AFR Dry Spent Fuel Storage", "fuel_type": null, "status": "In Operation", "scale": "Commercial", "capacity": " ", "start": null, "end": null, "prov": [{"tier": 1, "source": "IAEA NFCFDB facility list export", "record": "Humboldt Bay_x000d_", "url": "https://infcis.iaea.org/NFCFDB/Facilities", "retrieved": "2026-09-22"}], "coord_tier": null, "coord_source": null}}, {"type": "Feature", "geometry": null, "properties": {"id": "NFCFDB:united states america:indian point isfsi x000d", "name": "Indian Point ISFSI_x000d_", "country": "United States of America", "stage": "waste", "subtype": "AFR Dry Spent Fuel Storage", "fuel_type": null, "status": "In Operation", "scale": "Commercial", "capacity": " ", "start": null, "end": null, "prov": [{"tier": 1, "source": "IAEA NFCFDB facility list export", "record": "Indian Point ISFSI_x000d_", "url": "https://infcis.iaea.org/NFCFDB/Facilities", "retrieved": "2026-09-22"}], "coord_tier": null, "coord_source": null}}, {"type": "Feature", "geometry": null, "properties": {"id": "NFCFDB:united states america:kewaunee isfsi x000d", "name": "Kewaunee NPP ISFSI_x000d_", "country": "United States of America", "stage": "waste", "subtype": "AFR Dry Spent Fuel Storage", "fuel_type": null, "status": "In Operation", "scale": "Commercial", "capacity": " ", "start": null, "end": null, "prov": [{"tier": 1, "source": "IAEA NFCFDB facility list export", "record": "Kewaunee NPP ISFSI_x000d_", "url": "https://infcis.iaea.org/NFCFDB/Facilities", "retrieved": "2026-09-22"}], "coord_tier": null, "coord_source": null}}, {"type": "Feature", "geometry": null, "properties": {"id": "NFCFDB:united states america:lacrosse shutdown isfsi x000d", "name": "Lacrosse NPP (shutdown) ISFSI_x000d_", "country": "United States of America", "stage": "waste", "subtype": "AFR Wet Spent Fuel Storage (Pool)", "fuel_type": null, "status": "In Operation", "scale": "Commercial", "capacity": " ", "start": null, "end": null, "prov": [{"tier": 1, "source": "IAEA NFCFDB facility list export", "record": "Lacrosse NPP (shutdown) ISFSI_x000d_", "url": "https://infcis.iaea.org/NFCFDB/Facilities", "retrieved": "2026-09-22"}], "coord_tier": null, "coord_source": null}}, {"type": "Feature", "geometry": null, "properties": {"id": "NFCFDB:united states america:lasalle county isfsi x000d", "name": "LaSalle County ISFSI_x000d_", "country": "United States of America", "stage": "waste", "subtype": "AFR Dry Spent Fuel Storage", "fuel_type": null, "status": "In Operation", "scale": "Commercial", "capacity": " ", "start": null, "end": null, "prov": [{"tier": 1, "source": "IAEA NFCFDB facility list export", "record": "LaSalle County ISFSI_x000d_", "url": "https://infcis.iaea.org/NFCFDB/Facilities", "retrieved": "2026-09-22"}], "coord_tier": null, "coord_source": null}}, {"type": "Feature", "geometry": null, "properties": {"id": "NFCFDB:united states america:limerick isfsi x000d", "name": "Limerick NPP ISFSI_x000d_", "country": "United States of America", "stage": "waste", "subtype": "AFR Dry Spent Fuel Storage", "fuel_type": null, "status": "In Operation", "scale": "Commercial", "capacity": " ", "start": null, "end": null, "prov": [{"tier": 1, "source": "IAEA NFCFDB facility list export", "record": "Limerick NPP ISFSI_x000d_", "url": "https://infcis.iaea.org/NFCFDB/Facilities", "retrieved": "2026-09-22"}], "coord_tier": null, "coord_source": null}}, {"type": "Feature", "geometry": null, "properties": {"id": "NFCFDB:united states america:seabrook isfsi x000d", "name": "Seabrook ISFSI_x000d_", "country": "United States of America", "stage": "waste", "subtype": "AFR Dry Spent Fuel Storage", "fuel_type": null, "status": "In Operation", "scale": "Commercial", "capacity": " ", "start": null, "end": null, "prov": [{"tier": 1, "source": "IAEA NFCFDB facility list export", "record": "Seabrook ISFSI_x000d_", "url": "https://infcis.iaea.org/NFCFDB/Facilities", "retrieved": "2026-09-22"}], "coord_tier": null, "coord_source": null}}, {"type": "Feature", "geometry": null, "properties": {"id": "NFCFDB:united states america:st lucie site x000d", "name": "St. Lucie NPP Site_x000d_", "country": "United States of America", "stage": "waste", "subtype": "AFR Dry Spent Fuel Storage", "fuel_type": null, "status": "In Operation", "scale": "Commercial", "capacity": " ", "start": null, "end": null, "prov": [{"tier": 1, "source": "IAEA NFCFDB facility list export", "record": "St. Lucie NPP Site_x000d_", "url": "https://infcis.iaea.org/NFCFDB/Facilities", "retrieved": "2026-09-22"}], "coord_tier": null, "coord_source": null}}, {"type": "Feature", "geometry": null, "properties": {"id": "NFCFDB:united states america:vermont yankee isfsi x000d", "name": "Vermont Yankee NPP ISFSI_x000d_", "country": "United States of America", "stage": "waste", "subtype": "AFR Dry Spent Fuel Storage", "fuel_type": null, "status": "In Operation", "scale": "Commercial", "capacity": " ", "start": null, "end": null, "prov": [{"tier": 1, "source": "IAEA NFCFDB facility list export", "record": "Vermont Yankee NPP ISFSI_x000d_", "url": "https://infcis.iaea.org/NFCFDB/Facilities", "retrieved": "2026-09-22"}], "coord_tier": null, "coord_source": null}}, {"type": "Feature", "geometry": null, "properties": {"id": "NFCFDB:united states america:richland fuel fabrication", "name": "Richland Fuel Fabrication Plant", "country": "United States of America", "stage": "conversion", "subtype": "Conversion to UO2", "fuel_type": null, "status": "In Operation", "scale": "Commercial", "capacity": "1200 t U/year", "start": 1972, "end": null, "prov": [{"tier": 1, "source": "IAEA NFCFDB facility list export", "record": "Richland Fuel Fabrication Plant", "url": "https://infcis.iaea.org/NFCFDB/Facilities", "retrieved": "2026-09-22"}], "coord_tier": null, "coord_source": null}}, {"type": "Feature", "geometry": null, "properties": {"id": "NFCFDB:united states america:consolidated interim storage", "name": "Consolidated Interim Storage facility", "country": "United States of America", "stage": "waste", "subtype": "AFR Dry Spent Fuel Storage", "fuel_type": null, "status": "Under Construction", "scale": "Commercial", "capacity": "40000 t HM", "start": 2022, "end": null, "prov": [{"tier": 1, "source": "IAEA NFCFDB facility list export", "record": "Consolidated Interim Storage facility", "url": "https://infcis.iaea.org/NFCFDB/Facilities", "retrieved": "2026-09-22"}], "coord_tier": null, "coord_source": null}}, {"type": "Feature", "geometry": null, "properties": {"id": "NFCFDB:united states america:consolidated interim storage cisf", "name": "Consolidated Interim Storage Facility (CISF)", "country": "United States of America", "stage": "waste", "subtype": "AFR Dry Spent Fuel Storage", "fuel_type": null, "status": "Others", "scale": "Commercial", "capacity": "10000 ", "start": 2022, "end": null, "prov": [{"tier": 1, "source": "IAEA NFCFDB facility list export", "record": "Consolidated Interim Storage Facility (CISF)", "url": "https://infcis.iaea.org/NFCFDB/Facilities", "retrieved": "2026-09-22"}], "coord_tier": null, "coord_source": null}}, {"type": "Feature", "geometry": null, "properties": {"id": "NFCFDB:united states america:triso x fuel fabrication", "name": "TRISO-X Fuel Fabrication Facility", "country": "United States of America", "stage": "fabrication", "subtype": "Fuel Fabrication (Pebble Bed Type)", "fuel_type": null, "status": "In Operation", "scale": "Pilot plant", "capacity": " ", "start": 2023, "end": null, "prov": [{"tier": 1, "source": "IAEA NFCFDB facility list export", "record": "TRISO-X Fuel Fabrication Facility", "url": "https://infcis.iaea.org/NFCFDB/Facilities", "retrieved": "2026-09-22"}], "coord_tier": null, "coord_source": null}}, {"type": "Feature", "geometry": null, "properties": {"id": "NFCFDB:united states america:haleu demonstration", "name": "HALEU Demonstration Plant", "country": "United States of America", "stage": "fabrication", "subtype": "Fuel Fabrication (U Pellet, Pin, FA)", "fuel_type": "HALEU fuel", "status": "Under Construction", "scale": "Pilot plant", "capacity": "0.9 t U/year", "start": 2024, "end": null, "prov": [{"tier": 1, "source": "IAEA NFCFDB facility list export", "record": "HALEU Demonstration Plant", "url": "https://infcis.iaea.org/NFCFDB/Facilities", "retrieved": "2026-09-22"}], "coord_tier": null, "coord_source": null}}, {"type": "Feature", "geometry": null, "properties": {"id": "NFCFDB:uzbekistan:navoi hydrometallurgical no 1", "name": "Navoi Hydrometallurgical Plant No.1", "country": "Uzbekistan", "stage": "mining", "subtype": "Uranium Ore Processing", "fuel_type": null, "status": "In Operation", "scale": "Commercial", "capacity": "4000 t U/year", "start": 1964, "end": null, "prov": [{"tier": 1, "source": "IAEA NFCFDB facility list export", "record": "Navoi Hydrometallurgical Plant No.1", "url": "https://infcis.iaea.org/NFCFDB/Facilities", "retrieved": "2026-09-22"}], "coord_tier": null, "coord_source": null}}, {"type": "Feature", "geometry": {"type": "Point", "coordinates": [31.409, 30.2931]}, "properties": {"id": "RRDB:EG0002", "name": "ETRR-2", "country": "Egypt", "stage": "reactor-research", "subtype": "POOL", "city": "Cairo", "thermal_power_kw": "22000", "status": "OPERATIONAL", "start": "1997-11-27", "prov": [{"tier": 1, "source": "IAEA Research Reactor Database export", "record": "EG0002", "url": "https://nucleus.iaea.org/rrdb/", "retrieved": "2026-09-22"}], "coord_tier": 3, "coord_source": "wikidata Q18208218"}}, {"type": "Feature", "geometry": null, "properties": {"id": "RRDB:KZ0004", "name": "WWR-K CF", "country": "Kazakhstan", "stage": "reactor-research", "subtype": "CRIT ASSEMBLY", "city": "Almaty", "thermal_power_kw": "0.1", "status": "OPERATIONAL", "start": "1972-12-01", "prov": [{"tier": 1, "source": "IAEA Research Reactor Database export", "record": "KZ0004", "url": "https://nucleus.iaea.org/rrdb/", "retrieved": "2026-09-22"}], "coord_tier": null, "coord_source": null}}, {"type": "Feature", "geometry": null, "properties": {"id": "RRDB:EG0001", "name": "ETRR-1", "country": "Egypt", "stage": "reactor-research", "subtype": "TANK WWR", "city": "Cairo", "thermal_power_kw": "2000", "status": "EXTENDED SHUTDOWN", "start": "1961-02-08", "prov": [{"tier": 1, "source": "IAEA Research Reactor Database export", "record": "EG0001", "url": "https://nucleus.iaea.org/rrdb/", "retrieved": "2026-09-22"}], "coord_tier": null, "coord_source": null}}, {"type": "Feature", "geometry": null, "properties": {"id": "RRDB:RU0125", "name": "IZhSR", "country": "Russian Federation", "stage": "reactor-research", "subtype": "HOMOG", "city": "Jeleznogorsk", "thermal_power_kw": "10000", "status": "PLANNED", "start": "NA", "prov": [{"tier": 1, "source": "IAEA Research Reactor Database export", "record": "RU0125", "url": "https://nucleus.iaea.org/rrdb/", "retrieved": "2026-09-22"}], "coord_tier": null, "coord_source": null}}, {"type": "Feature", "geometry": null, "properties": {"id": "RRDB:CN0021", "name": "TMSR-LF1", "country": "China", "stage": "reactor-research", "subtype": "EXPERIMENTAL", "city": "Shanghai", "thermal_power_kw": "2000", "status": "OPERATIONAL", "start": "2023-10-11", "prov": [{"tier": 1, "source": "IAEA Research Reactor Database export", "record": "CN0021", "url": "https://nucleus.iaea.org/rrdb/", "retrieved": "2026-09-22"}], "coord_tier": null, "coord_source": null}}, {"type": "Feature", "geometry": null, "properties": {"id": "RRDB:US0308", "name": "Kodak CFX", "country": "United States of America", "stage": "reactor-research", "subtype": "SUBCRIT", "city": "New York", "thermal_power_kw": "0", "status": "DECOMMISSIONED", "start": "1975-06-01", "prov": [{"tier": 1, "source": "IAEA Research Reactor Database export", "record": "US0308", "url": "https://nucleus.iaea.org/rrdb/", "retrieved": "2026-09-22"}], "coord_tier": null, "coord_source": null}}, {"type": "Feature", "geometry": null, "properties": {"id": "RRDB:NL006 ", "name": "PALLAS", "country": "Netherlands, Kingdom of the", "stage": "reactor-research", "subtype": "POOL", "city": "Petten", "thermal_power_kw": "25000", "status": "UNDER CONSTRUCTION", "start": "2031-04-01", "prov": [{"tier": 1, "source": "IAEA Research Reactor Database export", "record": "NL006 ", "url": "https://nucleus.iaea.org/rrdb/", "retrieved": "2026-09-22"}], "coord_tier": null, "coord_source": null}}, {"type": "Feature", "geometry": null, "properties": {"id": "RRDB:BR0005", "name": "RMB", "country": "Brazil", "stage": "reactor-research", "subtype": "POOL", "city": "Iperó", "thermal_power_kw": "30000", "status": "UNDER CONSTRUCTION", "start": "NA", "prov": [{"tier": 1, "source": "IAEA Research Reactor Database export", "record": "BR0005", "url": "https://nucleus.iaea.org/rrdb/", "retrieved": "2026-09-22"}], "coord_tier": null, "coord_source": null}}, {"type": "Feature", "geometry": null, "properties": {"id": "RRDB:RU0048", "name": "IRV-M2", "country": "Russian Federation", "stage": "reactor-research", "subtype": "POOL", "city": "Moscow", "thermal_power_kw": "4000", "status": "UNDER DECOMMISSIONING", "start": "1974-12-28", "prov": [{"tier": 1, "source": "IAEA Research Reactor Database export", "record": "RU0048", "url": "https://nucleus.iaea.org/rrdb/", "retrieved": "2026-09-22"}], "coord_tier": null, "coord_source": null}}, {"type": "Feature", "geometry": null, "properties": {"id": "RRDB:UZ0001", "name": "WWR-SM Tashkent", "country": "Uzbekistan", "stage": "reactor-research", "subtype": "TANK IN POOL", "city": "Tashkent", "thermal_power_kw": "8000", "status": "OPERATIONAL", "start": "1959-09-10", "prov": [{"tier": 1, "source": "IAEA Research Reactor Database export", "record": "UZ0001", "url": "https://nucleus.iaea.org/rrdb/", "retrieved": "2026-09-22"}], "coord_tier": null, "coord_source": null}}, {"type": "Feature", "geometry": null, "properties": {"id": "RRDB:BR0004", "name": "IPEN/MB-01", "country": "Brazil", "stage": "reactor-research", "subtype": "POOL, MTR", "city": "Sao Paulo", "thermal_power_kw": "0.1", "status": "OPERATIONAL", "start": "1988-11-09", "prov": [{"tier": 1, "source": "IAEA Research Reactor Database export", "record": "BR0004", "url": "https://nucleus.iaea.org/rrdb/", "retrieved": "2026-09-22"}], "coord_tier": null, "coord_source": null}}, {"type": "Feature", "geometry": null, "properties": {"id": "RRDB:PK0002", "name": "PARR-2", "country": "Pakistan", "stage": "reactor-research", "subtype": "MNSR", "city": "Islamabad", "thermal_power_kw": "30", "status": "OPERATIONAL", "start": "1989-11-02", "prov": [{"tier": 1, "source": "IAEA Research Reactor Database export", "record": "PK0002", "url": "https://nucleus.iaea.org/rrdb/", "retrieved": "2026-09-22"}], "coord_tier": null, "coord_source": null}}, {"type": "Feature", "geometry": null, "properties": {"id": "RRDB:PK0001", "name": "PARR-1", "country": "Pakistan", "stage": "reactor-research", "subtype": "POOL", "city": "Islamabad", "thermal_power_kw": "10000", "status": "OPERATIONAL", "start": "1965-12-21", "prov": [{"tier": 1, "source": "IAEA Research Reactor Database export", "record": "PK0001", "url": "https://nucleus.iaea.org/rrdb/", "retrieved": "2026-09-22"}], "coord_tier": null, "coord_source": null}}, {"type": "Feature", "geometry": null, "properties": {"id": "RRDB:NG0001", "name": "NIRR-1", "country": "Nigeria", "stage": "reactor-research", "subtype": "MNSR", "city": "Zaria", "thermal_power_kw": "34", "status": "OPERATIONAL", "start": "2004-02-03", "prov": [{"tier": 1, "source": "IAEA Research Reactor Database export", "record": "NG0001", "url": "https://nucleus.iaea.org/rrdb/", "retrieved": "2026-09-22"}], "coord_tier": null, "coord_source": null}}, {"type": "Feature", "geometry": null, "properties": {"id": "RRDB:MA0001", "name": "MA-R1", "country": "Morocco", "stage": "reactor-research", "subtype": "TRIGA MARK II", "city": "Rabat", "thermal_power_kw": "2000", "status": "OPERATIONAL", "start": "2007-05-02", "prov": [{"tier": 1, "source": "IAEA Research Reactor Database export", "record": "MA0001", "url": "https://nucleus.iaea.org/rrdb/", "retrieved": "2026-09-22"}], "coord_tier": null, "coord_source": null}}, {"type": "Feature", "geometry": null, "properties": {"id": "RRDB:CL0001", "name": "RECH-1", "country": "Chile", "stage": "reactor-research", "subtype": "POOL", "city": "Santiago", "thermal_power_kw": "5000", "status": "OPERATIONAL", "start": "1974-10-13", "prov": [{"tier": 1, "source": "IAEA Research Reactor Database export", "record": "CL0001", "url": "https://nucleus.iaea.org/rrdb/", "retrieved": "2026-09-22"}], "coord_tier": null, "coord_source": null}}, {"type": "Feature", "geometry": null, "properties": {"id": "RRDB:TH003 ", "name": "SUT MNSR", "country": "Thailand", "stage": "reactor-research", "subtype": "MNSR", "city": "Nakorn Ratchasima", "thermal_power_kw": "45", "status": "PLANNED", "start": "NA", "prov": [{"tier": 1, "source": "IAEA Research Reactor Database export", "record": "TH003 ", "url": "https://nucleus.iaea.org/rrdb/", "retrieved": "2026-09-22"}], "coord_tier": null, "coord_source": null}}, {"type": "Feature", "geometry": null, "properties": {"id": "RRDB:GH0001", "name": "GHARR-1", "country": "Ghana", "stage": "reactor-research", "subtype": "MNSR", "city": "Accra", "thermal_power_kw": "34", "status": "OPERATIONAL", "start": "1994-12-17", "prov": [{"tier": 1, "source": "IAEA Research Reactor Database export", "record": "GH0001", "url": "https://nucleus.iaea.org/rrdb/", "retrieved": "2026-09-22"}], "coord_tier": null, "coord_source": null}}, {"type": "Feature", "geometry": null, "properties": {"id": "RRDB:TR0002", "name": "TR-2, Turkish Reactor 2", "country": "Türkiye", "stage": "reactor-research", "subtype": "POOL, MTR", "city": "Istanbul", "thermal_power_kw": "5000", "status": "EXTENDED SHUTDOWN", "start": "1981-12-10", "prov": [{"tier": 1, "source": "IAEA Research Reactor Database export", "record": "TR0002", "url": "https://nucleus.iaea.org/rrdb/", "retrieved": "2026-09-22"}], "coord_tier": null, "coord_source": null}}, {"type": "Feature", "geometry": null, "properties": {"id": "RRDB:TH0001", "name": "TRR-1/M1", "country": "Thailand", "stage": "reactor-research", "subtype": "TRIGA MARK III", "city": "Bangkok", "thermal_power_kw": "1300", "status": "OPERATIONAL", "start": "1977-11-07", "prov": [{"tier": 1, "source": "IAEA Research Reactor Database export", "record": "TH0001", "url": "https://nucleus.iaea.org/rrdb/", "retrieved": "2026-09-22"}], "coord_tier": null, "coord_source": null}}, {"type": "Feature", "geometry": null, "properties": {"id": "RRDB:BD0001", "name": "BTRR, BAEC TRIGA Research Reactor", "country": "Bangladesh", "stage": "reactor-research", "subtype": "TRIGA MARK II", "city": "Dhaka", "thermal_power_kw": "3000", "status": "OPERATIONAL", "start": "1986-09-14", "prov": [{"tier": 1, "source": "IAEA Research Reactor Database export", "record": "BD0001", "url": "https://nucleus.iaea.org/rrdb/", "retrieved": "2026-09-22"}], "coord_tier": null, "coord_source": null}}, {"type": "Feature", "geometry": null, "properties": {"id": "RRDB:NL0002", "name": "HOR", "country": "Netherlands, Kingdom of the", "stage": "reactor-research", "subtype": "POOL", "city": "Delft", "thermal_power_kw": "2300", "status": "OPERATIONAL", "start": "1963-04-25", "prov": [{"tier": 1, "source": "IAEA Research Reactor Database export", "record": "NL0002", "url": "https://nucleus.iaea.org/rrdb/", "retrieved": "2026-09-22"}], "coord_tier": null, "coord_source": null}}, {"type": "Feature", "geometry": null, "properties": {"id": "RRDB:BO0001", "name": "RB-01", "country": "Bolivia, Plurinational State of", "stage": "reactor-research", "subtype": "POOL", "city": "El Alto", "thermal_power_kw": "200", "status": "UNDER CONSTRUCTION", "start": "NA", "prov": [{"tier": 1, "source": "IAEA Research Reactor Database export", "record": "BO0001", "url": "https://nucleus.iaea.org/rrdb/", "retrieved": "2026-09-22"}], "coord_tier": null, "coord_source": null}}, {"type": "Feature", "geometry": null, "properties": {"id": "RRDB:JM0001", "name": "UWI CNS SLOWPOKE", "country": "Jamaica", "stage": "reactor-research", "subtype": "SLOWPOKE", "city": "Kingston", "thermal_power_kw": "20", "status": "OPERATIONAL", "start": "1984-03-13", "prov": [{"tier": 1, "source": "IAEA Research Reactor Database export", "record": "JM0001", "url": "https://nucleus.iaea.org/rrdb/", "retrieved": "2026-09-22"}], "coord_tier": null, "coord_source": null}}, {"type": "Feature", "geometry": null, "properties": {"id": "RRDB:RU109 ", "name": "UV-2", "country": "Russian Federation", "stage": "reactor-research", "subtype": "SUBCRIT", "city": "Moscow", "thermal_power_kw": "0", "status": "DECOMMISSIONED", "start": "1972-11-04", "prov": [{"tier": 1, "source": "IAEA Research Reactor Database export", "record": "RU109 ", "url": "https://nucleus.iaea.org/rrdb/", "retrieved": "2026-09-22"}], "coord_tier": null, "coord_source": null}}, {"type": "Feature", "geometry": null, "properties": {"id": "RRDB:RU108 ", "name": "UV-1", "country": "Russian Federation", "stage": "reactor-research", "subtype": "SUBCRIT", "city": "Moscow", "thermal_power_kw": "0", "status": "DECOMMISSIONED", "start": "1983-10-25", "prov": [{"tier": 1, "source": "IAEA Research Reactor Database export", "record": "RU108 ", "url": "https://nucleus.iaea.org/rrdb/", "retrieved": "2026-09-22"}], "coord_tier": null, "coord_source": null}}, {"type": "Feature", "geometry": null, "properties": {"id": "RRDB:MY0001", "name": "TRIGA Puspati (RTP)", "country": "Malaysia", "stage": "reactor-research", "subtype": "TRIGA MARK II", "city": "Kajang", "thermal_power_kw": "1000", "status": "OPERATIONAL", "start": "1982-06-28", "prov": [{"tier": 1, "source": "IAEA Research Reactor Database export", "record": "MY0001", "url": "https://nucleus.iaea.org/rrdb/", "retrieved": "2026-09-22"}], "coord_tier": null, "coord_source": null}}, {"type": "Feature", "geometry": null, "properties": {"id": "RRDB:SI0001", "name": "TRIGA- MARK II LJUBLJANA", "country": "Slovenia", "stage": "reactor-research", "subtype": "TRIGA MARK II", "city": "Ljubljana", "thermal_power_kw": "250", "status": "OPERATIONAL", "start": "1966-05-31", "prov": [{"tier": 1, "source": "IAEA Research Reactor Database export", "record": "SI0001", "url": "https://nucleus.iaea.org/rrdb/", "retrieved": "2026-09-22"}], "coord_tier": null, "coord_source": null}}, {"type": "Feature", "geometry": null, "properties": {"id": "RRDB:BR0002", "name": "IPR-R1", "country": "Brazil", "stage": "reactor-research", "subtype": "TRIGA MARK I", "city": "Belo Horizonte", "thermal_power_kw": "100", "status": "OPERATIONAL", "start": "1960-11-06", "prov": [{"tier": 1, "source": "IAEA Research Reactor Database export", "record": "BR0002", "url": "https://nucleus.iaea.org/rrdb/", "retrieved": "2026-09-22"}], "coord_tier": null, "coord_source": null}}, {"type": "Feature", "geometry": null, "properties": {"id": "RRDB:IT0015", "name": "SM-1 Subcritical Assembly", "country": "Italy", "stage": "reactor-research", "subtype": "SUBCRIT", "city": "Pavia", "thermal_power_kw": "0", "status": "OPERATIONAL", "start": "1961-01-01", "prov": [{"tier": 1, "source": "IAEA Research Reactor Database export", "record": "IT0015", "url": "https://nucleus.iaea.org/rrdb/", "retrieved": "2026-09-22"}], "coord_tier": null, "coord_source": null}}, {"type": "Feature", "geometry": null, "properties": {"id": "RRDB:PE0002", "name": "RP-10", "country": "Peru", "stage": "reactor-research", "subtype": "POOL", "city": "Lima", "thermal_power_kw": "10000", "status": "OPERATIONAL", "start": "1988-11-30", "prov": [{"tier": 1, "source": "IAEA Research Reactor Database export", "record": "PE0002", "url": "https://nucleus.iaea.org/rrdb/", "retrieved": "2026-09-22"}], "coord_tier": null, "coord_source": null}}, {"type": "Feature", "geometry": null, "properties": {"id": "RRDB:RU102 ", "name": "MBIR", "country": "Russian Federation", "stage": "reactor-research", "subtype": "FAST, POWER", "city": "Dimitrovgrad", "thermal_power_kw": "150000", "status": "UNDER CONSTRUCTION", "start": "NA", "prov": [{"tier": 1, "source": "IAEA Research Reactor Database export", "record": "RU102 ", "url": "https://nucleus.iaea.org/rrdb/", "retrieved": "2026-09-22"}], "coord_tier": null, "coord_source": null}}, {"type": "Feature", "geometry": null, "properties": {"id": "RRDB:KZ0001", "name": "WWR-K Almaty", "country": "Kazakhstan", "stage": "reactor-research", "subtype": "TANK WWR", "city": "Almaty", "thermal_power_kw": "6000", "status": "OPERATIONAL", "start": "1967-10-22", "prov": [{"tier": 1, "source": "IAEA Research Reactor Database export", "record": "KZ0001", "url": "https://nucleus.iaea.org/rrdb/", "retrieved": "2026-09-22"}], "coord_tier": null, "coord_source": null}}, {"type": "Feature", "geometry": null, "properties": {"id": "RRDB:IT0005", "name": "LENA, TRIGA II PAVIA", "country": "Italy", "stage": "reactor-research", "subtype": "TRIGA MARK II", "city": "Pavia", "thermal_power_kw": "250", "status": "OPERATIONAL", "start": "1965-11-15", "prov": [{"tier": 1, "source": "IAEA Research Reactor Database export", "record": "IT0005", "url": "https://nucleus.iaea.org/rrdb/", "retrieved": "2026-09-22"}], "coord_tier": null, "coord_source": null}}, {"type": "Feature", "geometry": null, "properties": {"id": "RRDB:JP0017", "name": "YAYOI", "country": "Japan", "stage": "reactor-research", "subtype": "FAST SOURCE", "city": "Tokyo", "thermal_power_kw": "2", "status": "UNDER DECOMMISSIONING", "start": "1971-04-10", "prov": [{"tier": 1, "source": "IAEA Research Reactor Database export", "record": "JP0017", "url": "https://nucleus.iaea.org/rrdb/", "retrieved": "2026-09-22"}], "coord_tier": null, "coord_source": null}}, {"type": "Feature", "geometry": null, "properties": {"id": "RRDB:MN0001", "name": "Planned Research Reactor", "country": "Mongolia", "stage": "reactor-research", "subtype": "POOL", "city": "Ulaanbaatar", "thermal_power_kw": "5000", "status": "PLANNED", "start": "NA", "prov": [{"tier": 1, "source": "IAEA Research Reactor Database export", "record": "MN0001", "url": "https://nucleus.iaea.org/rrdb/", "retrieved": "2026-09-22"}], "coord_tier": null, "coord_source": null}}, {"type": "Feature", "geometry": null, "properties": {"id": "RRDB:JP0009", "name": "Musashi Reactor", "country": "Japan", "stage": "reactor-research", "subtype": "TRIGA MARK II", "city": "Tokyo", "thermal_power_kw": "100", "status": "UNDER DECOMMISSIONING", "start": "1963-01-30", "prov": [{"tier": 1, "source": "IAEA Research Reactor Database export", "record": "JP0009", "url": "https://nucleus.iaea.org/rrdb/", "retrieved": "2026-09-22"}], "coord_tier": null, "coord_source": null}}, {"type": "Feature", "geometry": null, "properties": {"id": "RRDB:AU0004", "name": "OPAL", "country": "Australia", "stage": "reactor-research", "subtype": "POOL", "city": "Sydney", "thermal_power_kw": "20000", "status": "OPERATIONAL", "start": "2006-08-12", "prov": [{"tier": 1, "source": "IAEA Research Reactor Database export", "record": "AU0004", "url": "https://nucleus.iaea.org/rrdb/", "retrieved": "2026-09-22"}], "coord_tier": null, "coord_source": null}}, {"type": "Feature", "geometry": null, "properties": {"id": "RRDB:CA0011", "name": "SLOWPOKE, Alberta", "country": "Canada", "stage": "reactor-research", "subtype": "SLOWPOKE-2", "city": "Edmonton", "thermal_power_kw": "20", "status": "DECOMMISSIONED", "start": "1977-04-22", "prov": [{"tier": 1, "source": "IAEA Research Reactor Database export", "record": "CA0011", "url": "https://nucleus.iaea.org/rrdb/", "retrieved": "2026-09-22"}], "coord_tier": null, "coord_source": null}}, {"type": "Feature", "geometry": null, "properties": {"id": "RRDB:CZ0007", "name": "Subcritical assembly SR-0B", "country": "Czech Republic", "stage": "reactor-research", "subtype": "SUBCRIT", "city": "Plzen", "thermal_power_kw": "0", "status": "DECOMMISSIONED", "start": "1973-11-01", "prov": [{"tier": 1, "source": "IAEA Research Reactor Database export", "record": "CZ0007", "url": "https://nucleus.iaea.org/rrdb/", "retrieved": "2026-09-22"}], "coord_tier": null, "coord_source": null}}, {"type": "Feature", "geometry": null, "properties": {"id": "RRDB:DZ0003", "name": "AURES-1", "country": "Algeria", "stage": "reactor-research", "subtype": "SUBCRIT", "city": "Djelfa", "thermal_power_kw": "0", "status": "OPERATIONAL", "start": "NA", "prov": [{"tier": 1, "source": "IAEA Research Reactor Database export", "record": "DZ0003", "url": "https://nucleus.iaea.org/rrdb/", "retrieved": "2026-09-22"}], "coord_tier": null, "coord_source": null}}, {"type": "Feature", "geometry": null, "properties": {"id": "RRDB:GR0003", "name": "GR-B Subcritical Assembly", "country": "Greece", "stage": "reactor-research", "subtype": "SUBCRIT", "city": "Thessaloniki", "thermal_power_kw": "0", "status": "OPERATIONAL", "start": "1971-08-04", "prov": [{"tier": 1, "source": "IAEA Research Reactor Database export", "record": "GR0003", "url": "https://nucleus.iaea.org/rrdb/", "retrieved": "2026-09-22"}], "coord_tier": null, "coord_source": null}}, {"type": "Feature", "geometry": null, "properties": {"id": "RRDB:US0001", "name": "ARRR", "country": "United States of America", "stage": "reactor-research", "subtype": "TRIGA CONV", "city": "San Ramon, CA", "thermal_power_kw": "250", "status": "PERMANENT SHUTDOWN", "start": "1964-07-09", "prov": [{"tier": 1, "source": "IAEA Research Reactor Database export", "record": "US0001", "url": "https://nucleus.iaea.org/rrdb/", "retrieved": "2026-09-22"}], "coord_tier": null, "coord_source": null}}, {"type": "Feature", "geometry": {"type": "Point", "coordinates": [6.57036, 46.52124]}, "properties": {"id": "RRDB:CH0003", "name": "CROCUS", "country": "Switzerland", "stage": "reactor-research", "subtype": "CRIT ASSEMBLY", "city": "Lausanne", "thermal_power_kw": "0.1", "status": "OPERATIONAL", "start": "1983-07-13", "prov": [{"tier": 1, "source": "IAEA Research Reactor Database export", "record": "CH0003", "url": "https://nucleus.iaea.org/rrdb/", "retrieved": "2026-09-22"}], "coord_tier": 3, "coord_source": "wikidata Q1024300"}}, {"type": "Feature", "geometry": null, "properties": {"id": "RRDB:CA0008", "name": "SLOWPOKE-2, Toronto", "country": "Canada", "stage": "reactor-research", "subtype": "SLOWPOKE-2", "city": "Toronto, ON", "thermal_power_kw": "20", "status": "DECOMMISSIONED", "start": "1971-06-05", "prov": [{"tier": 1, "source": "IAEA Research Reactor Database export", "record": "CA0008", "url": "https://nucleus.iaea.org/rrdb/", "retrieved": "2026-09-22"}], "coord_tier": null, "coord_source": null}}, {"type": "Feature", "geometry": null, "properties": {"id": "RRDB:NL0001", "name": "LFR", "country": "Netherlands, Kingdom of the", "stage": "reactor-research", "subtype": "ARGONAUT", "city": "Schagen", "thermal_power_kw": "30", "status": "DECOMMISSIONED", "start": "1960-09-28", "prov": [{"tier": 1, "source": "IAEA Research Reactor Database export", "record": "NL0001", "url": "https://nucleus.iaea.org/rrdb/", "retrieved": "2026-09-22"}], "coord_tier": null, "coord_source": null}}, {"type": "Feature", "geometry": null, "properties": {"id": "RRDB:BE0002", "name": "BR-2", "country": "Belgium", "stage": "reactor-research", "subtype": "TANK IN POOL", "city": "Mol", "thermal_power_kw": "100000", "status": "OPERATIONAL", "start": "1961-07-06", "prov": [{"tier": 1, "source": "IAEA Research Reactor Database export", "record": "BE0002", "url": "https://nucleus.iaea.org/rrdb/", "retrieved": "2026-09-22"}], "coord_tier": null, "coord_source": null}}, {"type": "Feature", "geometry": {"type": "Point", "coordinates": [24.83095, 60.1877]}, "properties": {"id": "RRDB:FI0001", "name": "FIR-1", "country": "Finland", "stage": "reactor-research", "subtype": "TRIGA MARK II", "city": "Espoo", "thermal_power_kw": "250", "status": "UNDER DECOMMISSIONING", "start": "1962-03-27", "prov": [{"tier": 1, "source": "IAEA Research Reactor Database export", "record": "FI0001", "url": "https://nucleus.iaea.org/rrdb/", "retrieved": "2026-09-22"}], "coord_tier": 3, "coord_source": "wikidata Q65083710"}}, {"type": "Feature", "geometry": null, "properties": {"id": "RRDB:US0238", "name": "MARF", "country": "United States of America", "stage": "reactor-research", "subtype": "PRESSURIZED", "city": "Ballston Spa, NY", "thermal_power_kw": "0", "status": "PERMANENT SHUTDOWN", "start": "1976-01-01", "prov": [{"tier": 1, "source": "IAEA Research Reactor Database export", "record": "US0238", "url": "https://nucleus.iaea.org/rrdb/", "retrieved": "2026-09-22"}], "coord_tier": null, "coord_source": null}}, {"type": "Feature", "geometry": null, "properties": {"id": "RRDB:NL0004", "name": "HFR", "country": "Netherlands, Kingdom of the", "stage": "reactor-research", "subtype": "TANK IN POOL", "city": "Petten", "thermal_power_kw": "45000", "status": "OPERATIONAL", "start": "1961-11-09", "prov": [{"tier": 1, "source": "IAEA Research Reactor Database export", "record": "NL0004", "url": "https://nucleus.iaea.org/rrdb/", "retrieved": "2026-09-22"}], "coord_tier": null, "coord_source": null}}, {"type": "Feature", "geometry": null, "properties": {"id": "RRDB:RU0005", "name": "IRT-2000", "country": "Russian Federation", "stage": "reactor-research", "subtype": "TANK", "city": "Moscow", "thermal_power_kw": "2000", "status": "DECOMMISSIONED", "start": "1957-11-23", "prov": [{"tier": 1, "source": "IAEA Research Reactor Database export", "record": "RU0005", "url": "https://nucleus.iaea.org/rrdb/", "retrieved": "2026-09-22"}], "coord_tier": null, "coord_source": null}}, {"type": "Feature", "geometry": null, "properties": {"id": "RRDB:JP0024", "name": "STACY", "country": "Japan", "stage": "reactor-research", "subtype": "CRIT ASSEMBLY", "city": "Tokai-Mura", "thermal_power_kw": "0.2", "status": "OPERATIONAL", "start": "1995-02-23", "prov": [{"tier": 1, "source": "IAEA Research Reactor Database export", "record": "JP0024", "url": "https://nucleus.iaea.org/rrdb/", "retrieved": "2026-09-22"}], "coord_tier": null, "coord_source": null}}, {"type": "Feature", "geometry": null, "properties": {"id": "RRDB:JP0020", "name": "JOYO", "country": "Japan", "stage": "reactor-research", "subtype": "FAST, NA COOLED", "city": "Oarai", "thermal_power_kw": "100000", "status": "TEMPORARY SHUTDOWN", "start": "1977-04-24", "prov": [{"tier": 1, "source": "IAEA Research Reactor Database export", "record": "JP0020", "url": "https://nucleus.iaea.org/rrdb/", "retrieved": "2026-09-22"}], "coord_tier": null, "coord_source": null}}, {"type": "Feature", "geometry": null, "properties": {"id": "RRDB:CZ0006", "name": "LR-0", "country": "Czech Republic", "stage": "reactor-research", "subtype": "POOL - VARIABLE CORE", "city": "Husinec-Rez", "thermal_power_kw": "5", "status": "OPERATIONAL", "start": "1982-12-19", "prov": [{"tier": 1, "source": "IAEA Research Reactor Database export", "record": "CZ0006", "url": "https://nucleus.iaea.org/rrdb/", "retrieved": "2026-09-22"}], "coord_tier": null, "coord_source": null}}, {"type": "Feature", "geometry": {"type": "Point", "coordinates": [72.91861, 19.00778]}, "properties": {"id": "RRDB:IN0002", "name": "CIRUS", "country": "India", "stage": "reactor-research", "subtype": "HEAVY WATER", "city": "Mumbai", "thermal_power_kw": "40000", "status": "UNDER DECOMMISSIONING", "start": "1960-07-10", "prov": [{"tier": 1, "source": "IAEA Research Reactor Database export", "record": "IN0002", "url": "https://nucleus.iaea.org/rrdb/", "retrieved": "2026-09-22"}], "coord_tier": 3, "coord_source": "wikidata Q3085713"}}, {"type": "Feature", "geometry": null, "properties": {"id": "RRDB:IN0005", "name": "Dhruva", "country": "India", "stage": "reactor-research", "subtype": "HEAVY WATER", "city": "Mumbai", "thermal_power_kw": "100000", "status": "OPERATIONAL", "start": "1985-08-08", "prov": [{"tier": 1, "source": "IAEA Research Reactor Database export", "record": "IN0005", "url": "https://nucleus.iaea.org/rrdb/", "retrieved": "2026-09-22"}], "coord_tier": null, "coord_source": null}}, {"type": "Feature", "geometry": null, "properties": {"id": "RRDB:KR0003", "name": "AGN-201K", "country": "Korea, Republic of", "stage": "reactor-research", "subtype": "HOMOG (S)", "city": "Yongin", "thermal_power_kw": "0.01", "status": "OPERATIONAL", "start": "1982-12-04", "prov": [{"tier": 1, "source": "IAEA Research Reactor Database export", "record": "KR0003", "url": "https://nucleus.iaea.org/rrdb/", "retrieved": "2026-09-22"}], "coord_tier": null, "coord_source": null}}, {"type": "Feature", "geometry": null, "properties": {"id": "RRDB:RU0018", "name": "Argus", "country": "Russian Federation", "stage": "reactor-research", "subtype": "HOMOG (L)", "city": "Moscow", "thermal_power_kw": "15", "status": "OPERATIONAL", "start": "1981-11-02", "prov": [{"tier": 1, "source": "IAEA Research Reactor Database export", "record": "RU0018", "url": "https://nucleus.iaea.org/rrdb/", "retrieved": "2026-09-22"}], "coord_tier": null, "coord_source": null}}, {"type": "Feature", "geometry": null, "properties": {"id": "RRDB:IR0007", "name": "KHRR", "country": "Iran, Islamic Republic of", "stage": "reactor-research", "subtype": "HEAVY WATER", "city": "Khondab", "thermal_power_kw": "20000", "status": "UNDER CONSTRUCTION", "start": "NA", "prov": [{"tier": 1, "source": "IAEA Research Reactor Database export", "record": "IR0007", "url": "https://nucleus.iaea.org/rrdb/", "retrieved": "2026-09-22"}], "coord_tier": null, "coord_source": null}}, {"type": "Feature", "geometry": null, "properties": {"id": "RRDB:IR0006", "name": "IRR-10", "country": "Iran, Islamic Republic of", "stage": "reactor-research", "subtype": "POOL", "city": "Isfahan", "thermal_power_kw": "10000", "status": "UNDER CONSTRUCTION", "start": "NA", "prov": [{"tier": 1, "source": "IAEA Research Reactor Database export", "record": "IR0006", "url": "https://nucleus.iaea.org/rrdb/", "retrieved": "2026-09-22"}], "coord_tier": null, "coord_source": null}}, {"type": "Feature", "geometry": null, "properties": {"id": "RRDB:DE0004", "name": "FRG-1", "country": "Germany", "stage": "reactor-research", "subtype": "POOL", "city": "Geesthacht", "thermal_power_kw": "5000", "status": "PERMANENT SHUTDOWN", "start": "1958-10-23", "prov": [{"tier": 1, "source": "IAEA Research Reactor Database export", "record": "DE0004", "url": "https://nucleus.iaea.org/rrdb/", "retrieved": "2026-09-22"}], "coord_tier": null, "coord_source": null}}, {"type": "Feature", "geometry": null, "properties": {"id": "RRDB:DE0019", "name": "SUR Aachen", "country": "Germany", "stage": "reactor-research", "subtype": "HOMOG (S)", "city": "Aachen", "thermal_power_kw": "0", "status": "UNDER DECOMMISSIONING", "start": "1965-09-22", "prov": [{"tier": 1, "source": "IAEA Research Reactor Database export", "record": "DE0019", "url": "https://nucleus.iaea.org/rrdb/", "retrieved": "2026-09-22"}], "coord_tier": null, "coord_source": null}}, {"type": "Feature", "geometry": null, "properties": {"id": "RRDB:DE0013", "name": "FRG-2", "country": "Germany", "stage": "reactor-research", "subtype": "POOL", "city": "Geesthact", "thermal_power_kw": "15000", "status": "PERMANENT SHUTDOWN", "start": "1963-03-15", "prov": [{"tier": 1, "source": "IAEA Research Reactor Database export", "record": "DE0013", "url": "https://nucleus.iaea.org/rrdb/", "retrieved": "2026-09-22"}], "coord_tier": null, "coord_source": null}}, {"type": "Feature", "geometry": null, "properties": {"id": "RRDB:DE0003", "name": "FRM", "country": "Germany", "stage": "reactor-research", "subtype": "POOL", "city": "Garching / Munich", "thermal_power_kw": "4000", "status": "UNDER DECOMMISSIONING", "start": "1957-10-31", "prov": [{"tier": 1, "source": "IAEA Research Reactor Database export", "record": "DE0003", "url": "https://nucleus.iaea.org/rrdb/", "retrieved": "2026-09-22"}], "coord_tier": null, "coord_source": null}}, {"type": "Feature", "geometry": null, "properties": {"id": "RRDB:US0308", "name": "Purdue Subcritical Pile (PSP)", "country": "United States of America", "stage": "reactor-research", "subtype": "SUBCRIT", "city": "West Lafayette, IN", "thermal_power_kw": "0", "status": "OPERATIONAL", "start": "NA", "prov": [{"tier": 1, "source": "IAEA Research Reactor Database export", "record": "US0308", "url": "https://nucleus.iaea.org/rrdb/", "retrieved": "2026-09-22"}], "coord_tier": null, "coord_source": null}}, {"type": "Feature", "geometry": null, "properties": {"id": "RRDB:KR0004", "name": "HANARO", "country": "Korea, Republic of", "stage": "reactor-research", "subtype": "POOL", "city": "Daejeon", "thermal_power_kw": "30000", "status": "OPERATIONAL", "start": "1995-02-08", "prov": [{"tier": 1, "source": "IAEA Research Reactor Database export", "record": "KR0004", "url": "https://nucleus.iaea.org/rrdb/", "retrieved": "2026-09-22"}], "coord_tier": null, "coord_source": null}}, {"type": "Feature", "geometry": null, "properties": {"id": "RRDB:KR005 ", "name": "KJRR", "country": "Korea, Republic of", "stage": "reactor-research", "subtype": "POOL", "city": "Busan", "thermal_power_kw": "15000", "status": "UNDER CONSTRUCTION", "start": "NA", "prov": [{"tier": 1, "source": "IAEA Research Reactor Database export", "record": "KR005 ", "url": "https://nucleus.iaea.org/rrdb/", "retrieved": "2026-09-22"}], "coord_tier": null, "coord_source": null}}, {"type": "Feature", "geometry": null, "properties": {"id": "RRDB:CD0002", "name": "TRICO II", "country": "Democratic Republic of the Congo", "stage": "reactor-research", "subtype": "TRIGA MARK II", "city": "Kinshasa", "thermal_power_kw": "1000", "status": "EXTENDED SHUTDOWN", "start": "1972-03-24", "prov": [{"tier": 1, "source": "IAEA Research Reactor Database export", "record": "CD0002", "url": "https://nucleus.iaea.org/rrdb/", "retrieved": "2026-09-22"}], "coord_tier": null, "coord_source": null}}, {"type": "Feature", "geometry": {"type": "Point", "coordinates": [3.00559, 36.72608]}, "properties": {"id": "RRDB:DZ0001", "name": "NUR", "country": "Algeria", "stage": "reactor-research", "subtype": "POOL", "city": "Algiers", "thermal_power_kw": "1000", "status": "OPERATIONAL", "start": "1989-03-24", "prov": [{"tier": 1, "source": "IAEA Research Reactor Database export", "record": "DZ0001", "url": "https://nucleus.iaea.org/rrdb/", "retrieved": "2026-09-22"}], "coord_tier": 3, "coord_source": "wikidata Q3421929"}}, {"type": "Feature", "geometry": {"type": "Point", "coordinates": [3.12155, 35.5832]}, "properties": {"id": "RRDB:DZ0002", "name": "ES-SALAM", "country": "Algeria", "stage": "reactor-research", "subtype": "HEAVY WATER", "city": "Djelfa", "thermal_power_kw": "15000", "status": "OPERATIONAL", "start": "1992-02-17", "prov": [{"tier": 1, "source": "IAEA Research Reactor Database export", "record": "DZ0002", "url": "https://nucleus.iaea.org/rrdb/", "retrieved": "2026-09-22"}], "coord_tier": 3, "coord_source": "wikidata Q3454314"}}, {"type": "Feature", "geometry": null, "properties": {"id": "RRDB:CZ0006", "name": "VR-2", "country": "Czech Republic", "stage": "reactor-research", "subtype": "SUBCRIT", "city": "Prague", "thermal_power_kw": "0", "status": "OPERATIONAL", "start": "2023-06-06", "prov": [{"tier": 1, "source": "IAEA Research Reactor Database export", "record": "CZ0006", "url": "https://nucleus.iaea.org/rrdb/", "retrieved": "2026-09-22"}], "coord_tier": null, "coord_source": null}}, {"type": "Feature", "geometry": null, "properties": {"id": "RRDB:DE0041", "name": "RFR", "country": "Germany", "stage": "reactor-research", "subtype": "TANK WWR", "city": "Dresden / Rossendorf", "thermal_power_kw": "10000", "status": "DECOMMISSIONED", "start": "1957-12-16", "prov": [{"tier": 1, "source": "IAEA Research Reactor Database export", "record": "DE0041", "url": "https://nucleus.iaea.org/rrdb/", "retrieved": "2026-09-22"}], "coord_tier": null, "coord_source": null}}, {"type": "Feature", "geometry": null, "properties": {"id": "RRDB:DE0043", "name": "RAKE", "country": "Germany", "stage": "reactor-research", "subtype": "TANK", "city": "Dresden/Rossendorf", "thermal_power_kw": "0.01", "status": "DECOMMISSIONED", "start": "1969-10-03", "prov": [{"tier": 1, "source": "IAEA Research Reactor Database export", "record": "DE0043", "url": "https://nucleus.iaea.org/rrdb/", "retrieved": "2026-09-22"}], "coord_tier": null, "coord_source": null}}, {"type": "Feature", "geometry": null, "properties": {"id": "RRDB:DE0042", "name": "RRR", "country": "Germany", "stage": "reactor-research", "subtype": "ARGONAUT", "city": "Dresden/Rossendorf", "thermal_power_kw": "1", "status": "DECOMMISSIONED", "start": "1962-12-16", "prov": [{"tier": 1, "source": "IAEA Research Reactor Database export", "record": "DE0042", "url": "https://nucleus.iaea.org/rrdb/", "retrieved": "2026-09-22"}], "coord_tier": null, "coord_source": null}}, {"type": "Feature", "geometry": null, "properties": {"id": "RRDB:DE0016", "name": "SNEAK", "country": "Germany", "stage": "reactor-research", "subtype": "HOMOG (S)", "city": "Karlsruhe", "thermal_power_kw": "0.001", "status": "DECOMMISSIONED", "start": "1966-12-01", "prov": [{"tier": 1, "source": "IAEA Research Reactor Database export", "record": "DE0016", "url": "https://nucleus.iaea.org/rrdb/", "retrieved": "2026-09-22"}], "coord_tier": null, "coord_source": null}}, {"type": "Feature", "geometry": null, "properties": {"id": "RRDB:DE0047", "name": "SAR", "country": "Germany", "stage": "reactor-research", "subtype": "ARGONAUT", "city": "Munich", "thermal_power_kw": "1", "status": "DECOMMISSIONED", "start": "1959-06-01", "prov": [{"tier": 1, "source": "IAEA Research Reactor Database export", "record": "DE0047", "url": "https://nucleus.iaea.org/rrdb/", "retrieved": "2026-09-22"}], "coord_tier": null, "coord_source": null}}, {"type": "Feature", "geometry": null, "properties": {"id": "RRDB:DE0038", "name": "STARK", "country": "Germany", "stage": "reactor-research", "subtype": "ARGONAUT", "city": "Karlsruhe", "thermal_power_kw": "0.01", "status": "DECOMMISSIONED", "start": "1963-01-01", "prov": [{"tier": 1, "source": "IAEA Research Reactor Database export", "record": "DE0038", "url": "https://nucleus.iaea.org/rrdb/", "retrieved": "2026-09-22"}], "coord_tier": null, "coord_source": null}}, {"type": "Feature", "geometry": null, "properties": {"id": "RRDB:DE0052", "name": "SUA", "country": "Germany", "stage": "reactor-research", "subtype": "SUBCRIT", "city": "Munich", "thermal_power_kw": "0", "status": "DECOMMISSIONED", "start": "1959-06-01", "prov": [{"tier": 1, "source": "IAEA Research Reactor Database export", "record": "DE0052", "url": "https://nucleus.iaea.org/rrdb/", "retrieved": "2026-09-22"}], "coord_tier": null, "coord_source": null}}, {"type": "Feature", "geometry": null, "properties": {"id": "RRDB:DE0053", "name": "SUAK", "country": "Germany", "stage": "reactor-research", "subtype": "SUBCRIT", "city": "Karlsruhe", "thermal_power_kw": "0", "status": "DECOMMISSIONED", "start": "1964-11-20", "prov": [{"tier": 1, "source": "IAEA Research Reactor Database export", "record": "DE0053", "url": "https://nucleus.iaea.org/rrdb/", "retrieved": "2026-09-22"}], "coord_tier": null, "coord_source": null}}, {"type": "Feature", "geometry": null, "properties": {"id": "RRDB:DE0002", "name": "SUR Berlin", "country": "Germany", "stage": "reactor-research", "subtype": "HOMOG (S)", "city": "Berlin", "thermal_power_kw": "0", "status": "DECOMMISSIONED", "start": "1963-07-01", "prov": [{"tier": 1, "source": "IAEA Research Reactor Database export", "record": "DE0002", "url": "https://nucleus.iaea.org/rrdb/", "retrieved": "2026-09-22"}], "coord_tier": null, "coord_source": null}}, {"type": "Feature", "geometry": null, "properties": {"id": "RRDB:DE0025", "name": "SUR Bremen", "country": "Germany", "stage": "reactor-research", "subtype": "HOMOG (S)", "city": "Bremen", "thermal_power_kw": "0", "status": "DECOMMISSIONED", "start": "1967-10-10", "prov": [{"tier": 1, "source": "IAEA Research Reactor Database export", "record": "DE0025", "url": "https://nucleus.iaea.org/rrdb/", "retrieved": "2026-09-22"}], "coord_tier": null, "coord_source": null}}, {"type": "Feature", "geometry": null, "properties": {"id": "RRDB:DE0001", "name": "SUR Darmstadt", "country": "Germany", "stage": "reactor-research", "subtype": "HOMOG (S)", "city": "Darmstadt", "thermal_power_kw": "0", "status": "DECOMMISSIONED", "start": "1963-09-01", "prov": [{"tier": 1, "source": "IAEA Research Reactor Database export", "record": "DE0001", "url": "https://nucleus.iaea.org/rrdb/", "retrieved": "2026-09-22"}], "coord_tier": null, "coord_source": null}}, {"type": "Feature", "geometry": null, "properties": {"id": "RRDB:DE0020", "name": "SUR Hamburg", "country": "Germany", "stage": "reactor-research", "subtype": "HOMOG (S)", "city": "Hamburg", "thermal_power_kw": "0", "status": "DECOMMISSIONED", "start": "1965-01-06", "prov": [{"tier": 1, "source": "IAEA Research Reactor Database export", "record": "DE0020", "url": "https://nucleus.iaea.org/rrdb/", "retrieved": "2026-09-22"}], "coord_tier": null, "coord_source": null}}, {"type": "Feature", "geometry": null, "properties": {"id": "RRDB:DE0034", "name": "SUR Hannover", "country": "Germany", "stage": "reactor-research", "subtype": "HOMOG (S)", "city": "Hannover", "thermal_power_kw": "0.001", "status": "DECOMMISSIONED", "start": "1971-12-09", "prov": [{"tier": 1, "source": "IAEA Research Reactor Database export", "record": "DE0034", "url": "https://nucleus.iaea.org/rrdb/", "retrieved": "2026-09-22"}], "coord_tier": null, "coord_source": null}}, {"type": "Feature", "geometry": null, "properties": {"id": "RRDB:DE0024", "name": "SUR Karlsruhe", "country": "Germany", "stage": "reactor-research", "subtype": "HOMOG (S)", "city": "Karlsruhe", "thermal_power_kw": "0", "status": "DECOMMISSIONED", "start": "1966-03-07", "prov": [{"tier": 1, "source": "IAEA Research Reactor Database export", "record": "DE0024", "url": "https://nucleus.iaea.org/rrdb/", "retrieved": "2026-09-22"}], "coord_tier": null, "coord_source": null}}, {"type": "Feature", "geometry": null, "properties": {"id": "RRDB:DE0022", "name": "SUR Kiel", "country": "Germany", "stage": "reactor-research", "subtype": "HOMOG (S)", "city": "Kiel", "thermal_power_kw": "0", "status": "DECOMMISSIONED", "start": "1966-03-29", "prov": [{"tier": 1, "source": "IAEA Research Reactor Database export", "record": "DE0022", "url": "https://nucleus.iaea.org/rrdb/", "retrieved": "2026-09-22"}], "coord_tier": null, "coord_source": null}}, {"type": "Feature", "geometry": null, "properties": {"id": "RRDB:DE0011", "name": "SUR Munich", "country": "Germany", "stage": "reactor-research", "subtype": "HOMOG (S)", "city": "Munich", "thermal_power_kw": "0", "status": "DECOMMISSIONED", "start": "1962-02-01", "prov": [{"tier": 1, "source": "IAEA Research Reactor Database export", "record": "DE0011", "url": "https://nucleus.iaea.org/rrdb/", "retrieved": "2026-09-22"}], "coord_tier": null, "coord_source": null}}, {"type": "Feature", "geometry": null, "properties": {"id": "RRDB:DE0046", "name": "TRIGA HD I", "country": "Germany", "stage": "reactor-research", "subtype": "TRIGA MARK I", "city": "Heidelberg", "thermal_power_kw": "250", "status": "DECOMMISSIONED", "start": "1966-08-01", "prov": [{"tier": 1, "source": "IAEA Research Reactor Database export", "record": "DE0046", "url": "https://nucleus.iaea.org/rrdb/", "retrieved": "2026-09-22"}], "coord_tier": null, "coord_source": null}}, {"type": "Feature", "geometry": null, "properties": {"id": "RRDB:DE0015", "name": "TRIGA HD II", "country": "Germany", "stage": "reactor-research", "subtype": "TRIGA MARK I", "city": "Heidelberg", "thermal_power_kw": "250", "status": "DECOMMISSIONED", "start": "1978-02-28", "prov": [{"tier": 1, "source": "IAEA Research Reactor Database export", "record": "DE0015", "url": "https://nucleus.iaea.org/rrdb/", "retrieved": "2026-09-22"}], "coord_tier": null, "coord_source": null}}, {"type": "Feature", "geometry": null, "properties": {"id": "RRDB:DE0045", "name": "ZLFR", "country": "Germany", "stage": "reactor-research", "subtype": "TANK", "city": "Zittau", "thermal_power_kw": "0.01", "status": "DECOMMISSIONED", "start": "1979-05-25", "prov": [{"tier": 1, "source": "IAEA Research Reactor Database export", "record": "DE0045", "url": "https://nucleus.iaea.org/rrdb/", "retrieved": "2026-09-22"}], "coord_tier": null, "coord_source": null}}, {"type": "Feature", "geometry": null, "properties": {"id": "RRDB:DE0029", "name": "FRH", "country": "Germany", "stage": "reactor-research", "subtype": "TRIGA MARK I", "city": "Hannover", "thermal_power_kw": "250", "status": "DECOMMISSIONED", "start": "1973-01-31", "prov": [{"tier": 1, "source": "IAEA Research Reactor Database export", "record": "DE0029", "url": "https://nucleus.iaea.org/rrdb/", "retrieved": "2026-09-22"}], "coord_tier": null, "coord_source": null}}, {"type": "Feature", "geometry": null, "properties": {"id": "RRDB:DE0005", "name": "FRJ-1 (MERLIN)", "country": "Germany", "stage": "reactor-research", "subtype": "POOL", "city": "Jülich", "thermal_power_kw": "10000", "status": "DECOMMISSIONED", "start": "1962-02-24", "prov": [{"tier": 1, "source": "IAEA Research Reactor Database export", "record": "DE0005", "url": "https://nucleus.iaea.org/rrdb/", "retrieved": "2026-09-22"}], "coord_tier": null, "coord_source": null}}, {"type": "Feature", "geometry": null, "properties": {"id": "RRDB:DE0033", "name": "KAHTER", "country": "Germany", "stage": "reactor-research", "subtype": "CRIT ASSEMBLY", "city": "Jülich", "thermal_power_kw": "0.1", "status": "DECOMMISSIONED", "start": "1973-07-02", "prov": [{"tier": 1, "source": "IAEA Research Reactor Database export", "record": "DE0033", "url": "https://nucleus.iaea.org/rrdb/", "retrieved": "2026-09-22"}], "coord_tier": null, "coord_source": null}}, {"type": "Feature", "geometry": null, "properties": {"id": "RRDB:DE0017", "name": "NS Otto Hahn", "country": "Germany", "stage": "reactor-research", "subtype": "PWR PROPULSION", "city": "Geesthacht", "thermal_power_kw": "38000", "status": "DECOMMISSIONED", "start": "1968-08-26", "prov": [{"tier": 1, "source": "IAEA Research Reactor Database export", "record": "DE0017", "url": "https://nucleus.iaea.org/rrdb/", "retrieved": "2026-09-22"}], "coord_tier": null, "coord_source": null}}, {"type": "Feature", "geometry": null, "properties": {"id": "RRDB:DE0032", "name": "KEITER", "country": "Germany", "stage": "reactor-research", "subtype": "CRIT ASSEMBLY", "city": "Jülich", "thermal_power_kw": "0.001", "status": "DECOMMISSIONED", "start": "1971-06-15", "prov": [{"tier": 1, "source": "IAEA Research Reactor Database export", "record": "DE0032", "url": "https://nucleus.iaea.org/rrdb/", "retrieved": "2026-09-22"}], "coord_tier": null, "coord_source": null}}, {"type": "Feature", "geometry": null, "properties": {"id": "RRDB:DE0008", "name": "PR-10 AEG Prüfreaktor", "country": "Germany", "stage": "reactor-research", "subtype": "ARGONAUT", "city": "Karlstein am Main", "thermal_power_kw": "0.18", "status": "DECOMMISSIONED", "start": "1961-01-01", "prov": [{"tier": 1, "source": "IAEA Research Reactor Database export", "record": "DE0008", "url": "https://nucleus.iaea.org/rrdb/", "retrieved": "2026-09-22"}], "coord_tier": null, "coord_source": null}}, {"type": "Feature", "geometry": null, "properties": {"id": "RRDB:DE0018", "name": "FMRB", "country": "Germany", "stage": "reactor-research", "subtype": "POOL", "city": "Braunschweig", "thermal_power_kw": "1000", "status": "UNDER DECOMMISSIONING", "start": "1967-10-03", "prov": [{"tier": 1, "source": "IAEA Research Reactor Database export", "record": "DE0018", "url": "https://nucleus.iaea.org/rrdb/", "retrieved": "2026-09-22"}], "coord_tier": null, "coord_source": null}}, {"type": "Feature", "geometry": null, "properties": {"id": "RRDB:DE0007", "name": "FR-2", "country": "Germany", "stage": "reactor-research", "subtype": "TANK", "city": "Karlsruhe", "thermal_power_kw": "44000", "status": "UNDER DECOMMISSIONING", "start": "1961-03-07", "prov": [{"tier": 1, "source": "IAEA Research Reactor Database export", "record": "DE0007", "url": "https://nucleus.iaea.org/rrdb/", "retrieved": "2026-09-22"}], "coord_tier": null, "coord_source": null}}, {"type": "Feature", "geometry": null, "properties": {"id": "RRDB:DE0030", "name": "FRN", "country": "Germany", "stage": "reactor-research", "subtype": "TRIGA MARK III", "city": "Munich", "thermal_power_kw": "1000", "status": "UNDER DECOMMISSIONING", "start": "1972-08-23", "prov": [{"tier": 1, "source": "IAEA Research Reactor Database export", "record": "DE0030", "url": "https://nucleus.iaea.org/rrdb/", "retrieved": "2026-09-22"}], "coord_tier": null, "coord_source": null}}, {"type": "Feature", "geometry": null, "properties": {"id": "RRDB:DE0048", "name": "BER-I", "country": "Germany", "stage": "reactor-research", "subtype": "HOMOG (L)", "city": "Berlin", "thermal_power_kw": "50", "status": "DECOMMISSIONED", "start": "1958-07-24", "prov": [{"tier": 1, "source": "IAEA Research Reactor Database export", "record": "DE0048", "url": "https://nucleus.iaea.org/rrdb/", "retrieved": "2026-09-22"}], "coord_tier": null, "coord_source": null}}, {"type": "Feature", "geometry": null, "properties": {"id": "RRDB:DE0036", "name": "FRF-2", "country": "Germany", "stage": "reactor-research", "subtype": "TRIGA CONV", "city": "Frankfurt am Main", "thermal_power_kw": "1000", "status": "DECOMMISSIONED", "start": "1977-10-01", "prov": [{"tier": 1, "source": "IAEA Research Reactor Database export", "record": "DE0036", "url": "https://nucleus.iaea.org/rrdb/", "retrieved": "2026-09-22"}], "coord_tier": null, "coord_source": null}}, {"type": "Feature", "geometry": null, "properties": {"id": "RRDB:DE0049", "name": "FRF-1", "country": "Germany", "stage": "reactor-research", "subtype": "HOMOG", "city": "Frankfurt am Main", "thermal_power_kw": "50", "status": "DECOMMISSIONED", "start": "1958-01-01", "prov": [{"tier": 1, "source": "IAEA Research Reactor Database export", "record": "DE0049", "url": "https://nucleus.iaea.org/rrdb/", "retrieved": "2026-09-22"}], "coord_tier": null, "coord_source": null}}, {"type": "Feature", "geometry": null, "properties": {"id": "RRDB:DE0051", "name": "FRM II", "country": "Germany", "stage": "reactor-research", "subtype": "POOL", "city": "Garching bei München", "thermal_power_kw": "20000", "status": "TEMPORARY SHUTDOWN", "start": "2004-03-02", "prov": [{"tier": 1, "source": "IAEA Research Reactor Database export", "record": "DE0051", "url": "https://nucleus.iaea.org/rrdb/", "retrieved": "2026-09-22"}], "coord_tier": null, "coord_source": null}}, {"type": "Feature", "geometry": null, "properties": {"id": "RRDB:DE0006", "name": "FRJ-2 (DIDO)", "country": "Germany", "stage": "reactor-research", "subtype": "HEAVY WATER", "city": "Jülich", "thermal_power_kw": "23000", "status": "UNDER DECOMMISSIONING", "start": "1962-11-14", "prov": [{"tier": 1, "source": "IAEA Research Reactor Database export", "record": "DE0006", "url": "https://nucleus.iaea.org/rrdb/", "retrieved": "2026-09-22"}], "coord_tier": null, "coord_source": null}}, {"type": "Feature", "geometry": {"type": "Point", "coordinates": [5.76917, 43.6756]}, "properties": {"id": "RRDB:FR0016", "name": "Masurca", "country": "France", "stage": "reactor-research", "subtype": "CRIT FAST", "city": "Saint-Paul-lès-Durance", "thermal_power_kw": "5", "status": "UNDER DECOMMISSIONING", "start": "1966-12-14", "prov": [{"tier": 1, "source": "IAEA Research Reactor Database export", "record": "FR0016", "url": "https://nucleus.iaea.org/rrdb/", "retrieved": "2026-09-22"}], "coord_tier": 3, "coord_source": "wikidata Q16040244"}}, {"type": "Feature", "geometry": null, "properties": {"id": "RRDB:FR0015", "name": "Isis", "country": "France", "stage": "reactor-research", "subtype": "POOL", "city": "Gif-sur-Yvette", "thermal_power_kw": "700", "status": "UNDER DECOMMISSIONING", "start": "1966-04-28", "prov": [{"tier": 1, "source": "IAEA Research Reactor Database export", "record": "FR0015", "url": "https://nucleus.iaea.org/rrdb/", "retrieved": "2026-09-22"}], "coord_tier": null, "coord_source": null}}, {"type": "Feature", "geometry": null, "properties": {"id": "RRDB:RU0015", "name": "IRT-MEPhI", "country": "Russian Federation", "stage": "reactor-research", "subtype": "POOL, IRT", "city": "Moscow", "thermal_power_kw": "2500", "status": "OPERATIONAL", "start": "1967-05-26", "prov": [{"tier": 1, "source": "IAEA Research Reactor Database export", "record": "RU0015", "url": "https://nucleus.iaea.org/rrdb/", "retrieved": "2026-09-22"}], "coord_tier": null, "coord_source": null}}, {"type": "Feature", "geometry": null, "properties": {"id": "RRDB:RU0124", "name": "PIK", "country": "Russian Federation", "stage": "reactor-research", "subtype": "TANK", "city": "Saint-Petersburg", "thermal_power_kw": "100000", "status": "OPERATIONAL", "start": "2011-02-28", "prov": [{"tier": 1, "source": "IAEA Research Reactor Database export", "record": "RU0124", "url": "https://nucleus.iaea.org/rrdb/", "retrieved": "2026-09-22"}], "coord_tier": null, "coord_source": null}}, {"type": "Feature", "geometry": null, "properties": {"id": "RRDB:RU0014", "name": "IRT-T", "country": "Russian Federation", "stage": "reactor-research", "subtype": "POOL, IRT", "city": "Tomsk", "thermal_power_kw": "6000", "status": "OPERATIONAL", "start": "1967-07-22", "prov": [{"tier": 1, "source": "IAEA Research Reactor Database export", "record": "RU0014", "url": "https://nucleus.iaea.org/rrdb/", "retrieved": "2026-09-22"}], "coord_tier": null, "coord_source": null}}, {"type": "Feature", "geometry": null, "properties": {"id": "RRDB:PH0001", "name": "PRR-1", "country": "Philippines", "stage": "reactor-research", "subtype": "SUBCRIT", "city": "Quezon City", "thermal_power_kw": "0", "status": "OPERATIONAL", "start": "1963-08-01", "prov": [{"tier": 1, "source": "IAEA Research Reactor Database export", "record": "PH0001", "url": "https://nucleus.iaea.org/rrdb/", "retrieved": "2026-09-22"}], "coord_tier": null, "coord_source": null}}, {"type": "Feature", "geometry": {"type": "Point", "coordinates": [5.76851, 43.6778]}, "properties": {"id": "RRDB:FR0050", "name": "REACTOR JULES HOROWITZ", "country": "France", "stage": "reactor-research", "subtype": "TANK IN POOL", "city": "Saint-Paul-les-Durance", "thermal_power_kw": "100000", "status": "UNDER CONSTRUCTION", "start": "NA", "prov": [{"tier": 1, "source": "IAEA Research Reactor Database export", "record": "FR0050", "url": "https://nucleus.iaea.org/rrdb/", "retrieved": "2026-09-22"}], "coord_tier": 3, "coord_source": "wikidata Q6305890"}}, {"type": "Feature", "geometry": null, "properties": {"id": "RRDB:RU0091", "name": "Stend-7", "country": "Russian Federation", "stage": "reactor-research", "subtype": "CRIT ASSEMBLY", "city": "Electrostal", "thermal_power_kw": "0.7", "status": "DECOMMISSIONED", "start": "1979-01-01", "prov": [{"tier": 1, "source": "IAEA Research Reactor Database export", "record": "RU0091", "url": "https://nucleus.iaea.org/rrdb/", "retrieved": "2026-09-22"}], "coord_tier": null, "coord_source": null}}, {"type": "Feature", "geometry": null, "properties": {"id": "RRDB:RU031 ", "name": "FS-2", "country": "Russian Federation", "stage": "reactor-research", "subtype": "SUBCRIT", "city": "Moscow", "thermal_power_kw": "0.2", "status": "OPERATIONAL", "start": "1972-10-17", "prov": [{"tier": 1, "source": "IAEA Research Reactor Database export", "record": "RU031 ", "url": "https://nucleus.iaea.org/rrdb/", "retrieved": "2026-09-22"}], "coord_tier": null, "coord_source": null}}, {"type": "Feature", "geometry": null, "properties": {"id": "RRDB:RU0008", "name": "WWR-M", "country": "Russian Federation", "stage": "reactor-research", "subtype": "TANK WWR", "city": "Gatchina", "thermal_power_kw": "18000", "status": "EXTENDED SHUTDOWN", "start": "1959-12-29", "prov": [{"tier": 1, "source": "IAEA Research Reactor Database export", "record": "RU0008", "url": "https://nucleus.iaea.org/rrdb/", "retrieved": "2026-09-22"}], "coord_tier": null, "coord_source": null}}, {"type": "Feature", "geometry": null, "properties": {"id": "RRDB:RU0025", "name": "PIK Physical Model", "country": "Russian Federation", "stage": "reactor-research", "subtype": "CRIT ASSEMBLY", "city": "Gatchina", "thermal_power_kw": "0.1", "status": "OPERATIONAL", "start": "1983-12-26", "prov": [{"tier": 1, "source": "IAEA Research Reactor Database export", "record": "RU0025", "url": "https://nucleus.iaea.org/rrdb/", "retrieved": "2026-09-22"}], "coord_tier": null, "coord_source": null}}, {"type": "Feature", "geometry": null, "properties": {"id": "RRDB:RU0063", "name": "BFS-1", "country": "Russian Federation", "stage": "reactor-research", "subtype": "CRIT ASSEMBLY", "city": "Obninsk", "thermal_power_kw": "0.2", "status": "OPERATIONAL", "start": "1962-02-20", "prov": [{"tier": 1, "source": "IAEA Research Reactor Database export", "record": "RU0063", "url": "https://nucleus.iaea.org/rrdb/", "retrieved": "2026-09-22"}], "coord_tier": null, "coord_source": null}}, {"type": "Feature", "geometry": null, "properties": {"id": "RRDB:RU0095", "name": "659-L", "country": "Russian Federation", "stage": "reactor-research", "subtype": "CRIT ASSEMBLY", "city": "Nizhny Novgorod", "thermal_power_kw": "0", "status": "DECOMMISSIONED", "start": "1979-01-01", "prov": [{"tier": 1, "source": "IAEA Research Reactor Database export", "record": "RU0095", "url": "https://nucleus.iaea.org/rrdb/", "retrieved": "2026-09-22"}], "coord_tier": null, "coord_source": null}}, {"type": "Feature", "geometry": null, "properties": {"id": "RRDB:RU0090", "name": "Stend-6", "country": "Russian Federation", "stage": "reactor-research", "subtype": "CRIT ASSEMBLY", "city": "Electrostal", "thermal_power_kw": "0.05", "status": "DECOMMISSIONED", "start": "1968-01-01", "prov": [{"tier": 1, "source": "IAEA Research Reactor Database export", "record": "RU0090", "url": "https://nucleus.iaea.org/rrdb/", "retrieved": "2026-09-22"}], "coord_tier": null, "coord_source": null}}, {"type": "Feature", "geometry": null, "properties": {"id": "RRDB:RU0087", "name": "Stend-3", "country": "Russian Federation", "stage": "reactor-research", "subtype": "CRIT ASSEMBLY", "city": "Electrostal", "thermal_power_kw": "2", "status": "DECOMMISSIONED", "start": "1967-01-01", "prov": [{"tier": 1, "source": "IAEA Research Reactor Database export", "record": "RU0087", "url": "https://nucleus.iaea.org/rrdb/", "retrieved": "2026-09-22"}], "coord_tier": null, "coord_source": null}}, {"type": "Feature", "geometry": null, "properties": {"id": "RRDB:RU0086", "name": "Stend-2", "country": "Russian Federation", "stage": "reactor-research", "subtype": "CRIT ASSEMBLY", "city": "Electrostal", "thermal_power_kw": "2", "status": "DECOMMISSIONED", "start": "1969-01-01", "prov": [{"tier": 1, "source": "IAEA Research Reactor Database export", "record": "RU0086", "url": "https://nucleus.iaea.org/rrdb/", "retrieved": "2026-09-22"}], "coord_tier": null, "coord_source": null}}, {"type": "Feature", "geometry": null, "properties": {"id": "RRDB:RU0085", "name": "Stend-1", "country": "Russian Federation", "stage": "reactor-research", "subtype": "CRIT ASSEMBLY", "city": "Electrostal", "thermal_power_kw": "2", "status": "DECOMMISSIONED", "start": "1966-01-01", "prov": [{"tier": 1, "source": "IAEA Research Reactor Database export", "record": "RU0085", "url": "https://nucleus.iaea.org/rrdb/", "retrieved": "2026-09-22"}], "coord_tier": null, "coord_source": null}}, {"type": "Feature", "geometry": null, "properties": {"id": "RRDB:RU0056", "name": "SGO", "country": "Russian Federation", "stage": "reactor-research", "subtype": "CRIT ASSEMBLY", "city": "Obninsk", "thermal_power_kw": "0.1", "status": "DECOMMISSIONED", "start": "1969-01-01", "prov": [{"tier": 1, "source": "IAEA Research Reactor Database export", "record": "RU0056", "url": "https://nucleus.iaea.org/rrdb/", "retrieved": "2026-09-22"}], "coord_tier": null, "coord_source": null}}, {"type": "Feature", "geometry": null, "properties": {"id": "RRDB:RU059 ", "name": "RF-GS", "country": "Russian Federation", "stage": "reactor-research", "subtype": "CRIT ASSEMBLY", "city": "Obninsk", "thermal_power_kw": "0.01", "status": "DECOMMISSIONED", "start": "1962-01-01", "prov": [{"tier": 1, "source": "IAEA Research Reactor Database export", "record": "RU059 ", "url": "https://nucleus.iaea.org/rrdb/", "retrieved": "2026-09-22"}], "coord_tier": null, "coord_source": null}}, {"type": "Feature", "geometry": null, "properties": {"id": "RRDB:RU0061", "name": "COBRA", "country": "Russian Federation", "stage": "reactor-research", "subtype": "CRIT ASSEMBLY", "city": "Obninsk", "thermal_power_kw": "0.3", "status": "DECOMMISSIONED", "start": "1970-01-01", "prov": [{"tier": 1, "source": "IAEA Research Reactor Database export", "record": "RU0061", "url": "https://nucleus.iaea.org/rrdb/", "retrieved": "2026-09-22"}], "coord_tier": null, "coord_source": null}}, {"type": "Feature", "geometry": null, "properties": {"id": "RRDB:RU0060", "name": "BR-1", "country": "Russian Federation", "stage": "reactor-research", "subtype": "CRIT ASSEMBLY", "city": "Obninsk", "thermal_power_kw": "0.05", "status": "DECOMMISSIONED", "start": "1965-01-01", "prov": [{"tier": 1, "source": "IAEA Research Reactor Database export", "record": "RU0060", "url": "https://nucleus.iaea.org/rrdb/", "retrieved": "2026-09-22"}], "coord_tier": null, "coord_source": null}}, {"type": "Feature", "geometry": null, "properties": {"id": "RRDB:RU0058", "name": "AMBF-2", "country": "Russian Federation", "stage": "reactor-research", "subtype": "CRIT ASSEMBLY", "city": "Obninsk", "thermal_power_kw": "0.1", "status": "DECOMMISSIONED", "start": "1984-11-22", "prov": [{"tier": 1, "source": "IAEA Research Reactor Database export", "record": "RU0058", "url": "https://nucleus.iaea.org/rrdb/", "retrieved": "2026-09-22"}], "coord_tier": null, "coord_source": null}}, {"type": "Feature", "geometry": null, "properties": {"id": "RRDB:RU0057", "name": "STRELA", "country": "Russian Federation", "stage": "reactor-research", "subtype": "CRIT ASSEMBLY", "city": "Obninsk", "thermal_power_kw": "0.02", "status": "DECOMMISSIONED", "start": "1968-08-14", "prov": [{"tier": 1, "source": "IAEA Research Reactor Database export", "record": "RU0057", "url": "https://nucleus.iaea.org/rrdb/", "retrieved": "2026-09-22"}], "coord_tier": null, "coord_source": null}}, {"type": "Feature", "geometry": null, "properties": {"id": "RRDB:RU0064", "name": "BFS-2", "country": "Russian Federation", "stage": "reactor-research", "subtype": "CRIT ASSEMBLY", "city": "Obninsk", "thermal_power_kw": "1", "status": "OPERATIONAL", "start": "1969-09-30", "prov": [{"tier": 1, "source": "IAEA Research Reactor Database export", "record": "RU0064", "url": "https://nucleus.iaea.org/rrdb/", "retrieved": "2026-09-22"}], "coord_tier": null, "coord_source": null}}, {"type": "Feature", "geometry": null, "properties": {"id": "RRDB:RU0040", "name": "BARS-6", "country": "Russian Federation", "stage": "reactor-research", "subtype": "PROMPT BURST", "city": "Obninsk", "thermal_power_kw": "10", "status": "OPERATIONAL", "start": "1994-12-30", "prov": [{"tier": 1, "source": "IAEA Research Reactor Database export", "record": "RU0040", "url": "https://nucleus.iaea.org/rrdb/", "retrieved": "2026-09-22"}], "coord_tier": null, "coord_source": null}}, {"type": "Feature", "geometry": null, "properties": {"id": "RRDB:RU0055", "name": "FG-5", "country": "Russian Federation", "stage": "reactor-research", "subtype": "CRIT ASSEMBLY", "city": "Obninsk", "thermal_power_kw": "0.1", "status": "DECOMMISSIONED", "start": "1967-01-01", "prov": [{"tier": 1, "source": "IAEA Research Reactor Database export", "record": "RU0055", "url": "https://nucleus.iaea.org/rrdb/", "retrieved": "2026-09-22"}], "coord_tier": null, "coord_source": null}}, {"type": "Feature", "geometry": null, "properties": {"id": "RRDB:RU0039", "name": "27/VT", "country": "Russian Federation", "stage": "reactor-research", "subtype": "FAST, POWER", "city": "Obninsk", "thermal_power_kw": "70000", "status": "UNDER DECOMMISSIONING", "start": "1959-01-01", "prov": [{"tier": 1, "source": "IAEA Research Reactor Database export", "record": "RU0039", "url": "https://nucleus.iaea.org/rrdb/", "retrieved": "2026-09-22"}], "coord_tier": null, "coord_source": null}}, {"type": "Feature", "geometry": null, "properties": {"id": "RRDB:RU0037", "name": "TOPAZ", "country": "Russian Federation", "stage": "reactor-research", "subtype": "SPACE TEST", "city": "Obninsk", "thermal_power_kw": "150", "status": "DECOMMISSIONED", "start": "1966-01-01", "prov": [{"tier": 1, "source": "IAEA Research Reactor Database export", "record": "RU0037", "url": "https://nucleus.iaea.org/rrdb/", "retrieved": "2026-09-22"}], "coord_tier": null, "coord_source": null}}, {"type": "Feature", "geometry": null, "properties": {"id": "RRDB:RU0007", "name": "BR-10", "country": "Russian Federation", "stage": "reactor-research", "subtype": "LOOP TYPE", "city": "Obninsk", "thermal_power_kw": "8000", "status": "PERMANENT SHUTDOWN", "start": "1958-06-01", "prov": [{"tier": 1, "source": "IAEA Research Reactor Database export", "record": "RU0007", "url": "https://nucleus.iaea.org/rrdb/", "retrieved": "2026-09-22"}], "coord_tier": null, "coord_source": null}}, {"type": "Feature", "geometry": null, "properties": {"id": "RRDB:BE0006", "name": "VENUS-F", "country": "Belgium", "stage": "reactor-research", "subtype": "CRIT ASSEMBLY", "city": "Mol", "thermal_power_kw": "0.1", "status": "OPERATIONAL", "start": "1964-04-30", "prov": [{"tier": 1, "source": "IAEA Research Reactor Database export", "record": "BE0006", "url": "https://nucleus.iaea.org/rrdb/", "retrieved": "2026-09-22"}], "coord_tier": null, "coord_source": null}}, {"type": "Feature", "geometry": null, "properties": {"id": "RRDB:RU0089", "name": "Stend-5", "country": "Russian Federation", "stage": "reactor-research", "subtype": "CRIT ASSEMBLY", "city": "Electrostal", "thermal_power_kw": "0.3", "status": "OPERATIONAL", "start": "1967-04-20", "prov": [{"tier": 1, "source": "IAEA Research Reactor Database export", "record": "RU0089", "url": "https://nucleus.iaea.org/rrdb/", "retrieved": "2026-09-22"}], "coord_tier": null, "coord_source": null}}, {"type": "Feature", "geometry": null, "properties": {"id": "RRDB:RU0049", "name": "IIN-3M", "country": "Russian Federation", "stage": "reactor-research", "subtype": "PROMPT BURST", "city": "Moscow", "thermal_power_kw": "0", "status": "DECOMMISSIONED", "start": "1972-01-01", "prov": [{"tier": 1, "source": "IAEA Research Reactor Database export", "record": "RU0049", "url": "https://nucleus.iaea.org/rrdb/", "retrieved": "2026-09-22"}], "coord_tier": null, "coord_source": null}}, {"type": "Feature", "geometry": null, "properties": {"id": "RRDB:RU119 ", "name": "TOPAZ-II (YENISEY)", "country": "Russian Federation", "stage": "reactor-research", "subtype": "SPACE TEST", "city": "Moscow", "thermal_power_kw": "135", "status": "DECOMMISSIONED", "start": "1967-01-01", "prov": [{"tier": 1, "source": "IAEA Research Reactor Database export", "record": "RU119 ", "url": "https://nucleus.iaea.org/rrdb/", "retrieved": "2026-09-22"}], "coord_tier": null, "coord_source": null}}, {"type": "Feature", "geometry": null, "properties": {"id": "RRDB:RU0088", "name": "Stend-4", "country": "Russian Federation", "stage": "reactor-research", "subtype": "CRIT ASSEMBLY", "city": "Electrostal", "thermal_power_kw": "0.03", "status": "OPERATIONAL", "start": "1967-04-20", "prov": [{"tier": 1, "source": "IAEA Research Reactor Database export", "record": "RU0088", "url": "https://nucleus.iaea.org/rrdb/", "retrieved": "2026-09-22"}], "coord_tier": null, "coord_source": null}}, {"type": "Feature", "geometry": null, "properties": {"id": "RRDB:RU0028", "name": "AM-1", "country": "Russian Federation", "stage": "reactor-research", "subtype": "GRAPHITE", "city": "Obninsk", "thermal_power_kw": "10000", "status": "UNDER DECOMMISSIONING", "start": "1954-06-15", "prov": [{"tier": 1, "source": "IAEA Research Reactor Database export", "record": "RU0028", "url": "https://nucleus.iaea.org/rrdb/", "retrieved": "2026-09-22"}], "coord_tier": null, "coord_source": null}}, {"type": "Feature", "geometry": null, "properties": {"id": "RRDB:RU0045", "name": "BARS-3M", "country": "Russian Federation", "stage": "reactor-research", "subtype": "PROMPT BURST", "city": "Moscow", "thermal_power_kw": "0", "status": "DECOMMISSIONED", "start": "1988-01-01", "prov": [{"tier": 1, "source": "IAEA Research Reactor Database export", "record": "RU0045", "url": "https://nucleus.iaea.org/rrdb/", "retrieved": "2026-09-22"}], "coord_tier": null, "coord_source": null}}, {"type": "Feature", "geometry": null, "properties": {"id": "RRDB:RU0038", "name": "27/VM", "country": "Russian Federation", "stage": "reactor-research", "subtype": "PWR POWER", "city": "Obninsk", "thermal_power_kw": "70000", "status": "UNDER DECOMMISSIONING", "start": "1956-03-01", "prov": [{"tier": 1, "source": "IAEA Research Reactor Database export", "record": "RU0038", "url": "https://nucleus.iaea.org/rrdb/", "retrieved": "2026-09-22"}], "coord_tier": null, "coord_source": null}}, {"type": "Feature", "geometry": null, "properties": {"id": "RRDB:BE0001", "name": "BR-1", "country": "Belgium", "stage": "reactor-research", "subtype": "GRAPHITE", "city": "Mol", "thermal_power_kw": "1000", "status": "OPERATIONAL", "start": "1956-05-11", "prov": [{"tier": 1, "source": "IAEA Research Reactor Database export", "record": "BE0001", "url": "https://nucleus.iaea.org/rrdb/", "retrieved": "2026-09-22"}], "coord_tier": null, "coord_source": null}}, {"type": "Feature", "geometry": null, "properties": {"id": "RRDB:RU0094", "name": "659", "country": "Russian Federation", "stage": "reactor-research", "subtype": "CRIT ASSEMBLY", "city": "Nizhny Novgorod", "thermal_power_kw": "0.1", "status": "OPERATIONAL", "start": "1963-06-15", "prov": [{"tier": 1, "source": "IAEA Research Reactor Database export", "record": "RU0094", "url": "https://nucleus.iaea.org/rrdb/", "retrieved": "2026-09-22"}], "coord_tier": null, "coord_source": null}}, {"type": "Feature", "geometry": null, "properties": {"id": "RRDB:RU0097", "name": "1125", "country": "Russian Federation", "stage": "reactor-research", "subtype": "CRIT ASSEMBLY", "city": "Nizhny Novgorod", "thermal_power_kw": "0.6", "status": "OPERATIONAL", "start": "1975-11-17", "prov": [{"tier": 1, "source": "IAEA Research Reactor Database export", "record": "RU0097", "url": "https://nucleus.iaea.org/rrdb/", "retrieved": "2026-09-22"}], "coord_tier": null, "coord_source": null}}, {"type": "Feature", "geometry": null, "properties": {"id": "RRDB:JP0007", "name": "TCA Tank Critical Assembly", "country": "Japan", "stage": "reactor-research", "subtype": "CRIT ASSEMBLY", "city": "Tokai-mura", "thermal_power_kw": "0.2", "status": "UNDER DECOMMISSIONING", "start": "1962-08-23", "prov": [{"tier": 1, "source": "IAEA Research Reactor Database export", "record": "JP0007", "url": "https://nucleus.iaea.org/rrdb/", "retrieved": "2026-09-22"}], "coord_tier": null, "coord_source": null}}, {"type": "Feature", "geometry": null, "properties": {"id": "RRDB:JP0014", "name": "FCA", "country": "Japan", "stage": "reactor-research", "subtype": "CRIT FAST", "city": "Tokai-mura", "thermal_power_kw": "2", "status": "UNDER DECOMMISSIONING", "start": "1967-04-29", "prov": [{"tier": 1, "source": "IAEA Research Reactor Database export", "record": "JP0014", "url": "https://nucleus.iaea.org/rrdb/", "retrieved": "2026-09-22"}], "coord_tier": null, "coord_source": null}}, {"type": "Feature", "geometry": null, "properties": {"id": "RRDB:RU0047", "name": "TIBR-1M", "country": "Russian Federation", "stage": "reactor-research", "subtype": "PROMPT BURST", "city": "Moscow", "thermal_power_kw": "0", "status": "DECOMMISSIONED", "start": "1976-01-01", "prov": [{"tier": 1, "source": "IAEA Research Reactor Database export", "record": "RU0047", "url": "https://nucleus.iaea.org/rrdb/", "retrieved": "2026-09-22"}], "coord_tier": null, "coord_source": null}}, {"type": "Feature", "geometry": null, "properties": {"id": "RRDB:RU0009", "name": "IFR (IBR-1)", "country": "Russian Federation", "stage": "reactor-research", "subtype": "FAST", "city": "Moscow", "thermal_power_kw": "6", "status": "DECOMMISSIONED", "start": "1960-06-01", "prov": [{"tier": 1, "source": "IAEA Research Reactor Database export", "record": "RU0009", "url": "https://nucleus.iaea.org/rrdb/", "retrieved": "2026-09-22"}], "coord_tier": null, "coord_source": null}}, {"type": "Feature", "geometry": null, "properties": {"id": "RRDB:RU0016", "name": "IBR-30", "country": "Russian Federation", "stage": "reactor-research", "subtype": "FAST, PULSED", "city": "Dubna", "thermal_power_kw": "25", "status": "DECOMMISSIONED", "start": "1969-01-01", "prov": [{"tier": 1, "source": "IAEA Research Reactor Database export", "record": "RU0016", "url": "https://nucleus.iaea.org/rrdb/", "retrieved": "2026-09-22"}], "coord_tier": null, "coord_source": null}}, {"type": "Feature", "geometry": null, "properties": {"id": "RRDB:RU0044", "name": "BARS-2", "country": "Russian Federation", "stage": "reactor-research", "subtype": "PROMPT BURST", "city": "Moscow", "thermal_power_kw": "0", "status": "DECOMMISSIONED", "start": "1971-01-01", "prov": [{"tier": 1, "source": "IAEA Research Reactor Database export", "record": "RU0044", "url": "https://nucleus.iaea.org/rrdb/", "retrieved": "2026-09-22"}], "coord_tier": null, "coord_source": null}}, {"type": "Feature", "geometry": null, "properties": {"id": "RRDB:RU0029", "name": "IR-50", "country": "Russian Federation", "stage": "reactor-research", "subtype": "POOL", "city": "Moscow", "thermal_power_kw": "50", "status": "PERMANENT SHUTDOWN", "start": "1961-02-20", "prov": [{"tier": 1, "source": "IAEA Research Reactor Database export", "record": "RU0029", "url": "https://nucleus.iaea.org/rrdb/", "retrieved": "2026-09-22"}], "coord_tier": null, "coord_source": null}}, {"type": "Feature", "geometry": null, "properties": {"id": "RRDB:RU0019", "name": "WWR-TS", "country": "Russian Federation", "stage": "reactor-research", "subtype": "TANK WWR", "city": "Obninsk", "thermal_power_kw": "15000", "status": "OPERATIONAL", "start": "1964-11-04", "prov": [{"tier": 1, "source": "IAEA Research Reactor Database export", "record": "RU0019", "url": "https://nucleus.iaea.org/rrdb/", "retrieved": "2026-09-22"}], "coord_tier": null, "coord_source": null}}, {"type": "Feature", "geometry": null, "properties": {"id": "RRDB:RU0036", "name": "IBR-2M", "country": "Russian Federation", "stage": "reactor-research", "subtype": "FAST, PULSED", "city": "Dubna", "thermal_power_kw": "2000", "status": "OPERATIONAL", "start": "1978-12-15", "prov": [{"tier": 1, "source": "IAEA Research Reactor Database export", "record": "RU0036", "url": "https://nucleus.iaea.org/rrdb/", "retrieved": "2026-09-22"}], "coord_tier": null, "coord_source": null}}, {"type": "Feature", "geometry": null, "properties": {"id": "RRDB:RU0046", "name": "BARS-4", "country": "Russian Federation", "stage": "reactor-research", "subtype": "PROMPT BURST", "city": "Moscow", "thermal_power_kw": "10", "status": "TEMPORARY SHUTDOWN", "start": "1980-06-03", "prov": [{"tier": 1, "source": "IAEA Research Reactor Database export", "record": "RU0046", "url": "https://nucleus.iaea.org/rrdb/", "retrieved": "2026-09-22"}], "coord_tier": null, "coord_source": null}}, {"type": "Feature", "geometry": null, "properties": {"id": "RRDB:JP0025", "name": "TRACY", "country": "Japan", "stage": "reactor-research", "subtype": "PULSING", "city": "Tokai-Mura", "thermal_power_kw": "10", "status": "UNDER DECOMMISSIONING", "start": "1995-12-20", "prov": [{"tier": 1, "source": "IAEA Research Reactor Database export", "record": "JP0025", "url": "https://nucleus.iaea.org/rrdb/", "retrieved": "2026-09-22"}], "coord_tier": null, "coord_source": null}}, {"type": "Feature", "geometry": null, "properties": {"id": "RRDB:BG0001", "name": "IRT-Sofia", "country": "Bulgaria", "stage": "reactor-research", "subtype": "POOL, IRT", "city": "Sofia", "thermal_power_kw": "2000", "status": "PERMANENT SHUTDOWN", "start": "1961-09-18", "prov": [{"tier": 1, "source": "IAEA Research Reactor Database export", "record": "BG0001", "url": "https://nucleus.iaea.org/rrdb/", "retrieved": "2026-09-22"}], "coord_tier": null, "coord_source": null}}, {"type": "Feature", "geometry": {"type": "Point", "coordinates": [16.51584, 47.9594]}, "properties": {"id": "RRDB:AT0001", "name": "ASTRA", "country": "Austria", "stage": "reactor-research", "subtype": "POOL", "city": "Vienna", "thermal_power_kw": "10000", "status": "DECOMMISSIONED", "start": "1960-09-24", "prov": [{"tier": 1, "source": "IAEA Research Reactor Database export", "record": "AT0001", "url": "https://nucleus.iaea.org/rrdb/", "retrieved": "2026-09-22"}], "coord_tier": 3, "coord_source": "wikidata Q352410"}}, {"type": "Feature", "geometry": null, "properties": {"id": "RRDB:AT0003", "name": "SAR-Graz", "country": "Austria", "stage": "reactor-research", "subtype": "ARGONAUT", "city": "Graz", "thermal_power_kw": "10", "status": "DECOMMISSIONED", "start": "1965-05-17", "prov": [{"tier": 1, "source": "IAEA Research Reactor Database export", "record": "AT0003", "url": "https://nucleus.iaea.org/rrdb/", "retrieved": "2026-09-22"}], "coord_tier": null, "coord_source": null}}, {"type": "Feature", "geometry": null, "properties": {"id": "RRDB:AT0002", "name": "TRIGA II VIENNA", "country": "Austria", "stage": "reactor-research", "subtype": "TRIGA MARK II", "city": "Vienna", "thermal_power_kw": "250", "status": "OPERATIONAL", "start": "1962-03-07", "prov": [{"tier": 1, "source": "IAEA Research Reactor Database export", "record": "AT0002", "url": "https://nucleus.iaea.org/rrdb/", "retrieved": "2026-09-22"}], "coord_tier": null, "coord_source": null}}, {"type": "Feature", "geometry": null, "properties": {"id": "RRDB:IT0008", "name": "RSV TAPIRO", "country": "Italy", "stage": "reactor-research", "subtype": "FAST SOURCE", "city": "Rome", "thermal_power_kw": "5", "status": "OPERATIONAL", "start": "1971-04-04", "prov": [{"tier": 1, "source": "IAEA Research Reactor Database export", "record": "IT0008", "url": "https://nucleus.iaea.org/rrdb/", "retrieved": "2026-09-22"}], "coord_tier": null, "coord_source": null}}, {"type": "Feature", "geometry": null, "properties": {"id": "RRDB:GR0001", "name": "Demokritos (GRR-1)", "country": "Greece", "stage": "reactor-research", "subtype": "POOL", "city": "Athens", "thermal_power_kw": "5000", "status": "EXTENDED SHUTDOWN", "start": "1961-07-27", "prov": [{"tier": 1, "source": "IAEA Research Reactor Database export", "record": "GR0001", "url": "https://nucleus.iaea.org/rrdb/", "retrieved": "2026-09-22"}], "coord_tier": null, "coord_source": null}}, {"type": "Feature", "geometry": null, "properties": {"id": "RRDB:CA0007", "name": "Ecole Polytechnique Subcritical Assembly", "country": "Canada", "stage": "reactor-research", "subtype": "SUBCRIT", "city": "Montréal, QC", "thermal_power_kw": "0.001", "status": "DECOMMISSIONED", "start": "1974-01-01", "prov": [{"tier": 1, "source": "IAEA Research Reactor Database export", "record": "CA0007", "url": "https://nucleus.iaea.org/rrdb/", "retrieved": "2026-09-22"}], "coord_tier": null, "coord_source": null}}, {"type": "Feature", "geometry": null, "properties": {"id": "RRDB:IT0003", "name": "RANA", "country": "Italy", "stage": "reactor-research", "subtype": "POOL", "city": "Rome", "thermal_power_kw": "10", "status": "DECOMMISSIONED", "start": "1965-02-15", "prov": [{"tier": 1, "source": "IAEA Research Reactor Database export", "record": "IT0003", "url": "https://nucleus.iaea.org/rrdb/", "retrieved": "2026-09-22"}], "coord_tier": null, "coord_source": null}}, {"type": "Feature", "geometry": null, "properties": {"id": "RRDB:CA0013", "name": "SLOWPOKE-2, Kanata", "country": "Canada", "stage": "reactor-research", "subtype": "SLOWPOKE-2", "city": "Ottawa", "thermal_power_kw": "20", "status": "DECOMMISSIONED", "start": "1984-06-06", "prov": [{"tier": 1, "source": "IAEA Research Reactor Database export", "record": "CA0013", "url": "https://nucleus.iaea.org/rrdb/", "retrieved": "2026-09-22"}], "coord_tier": null, "coord_source": null}}, {"type": "Feature", "geometry": null, "properties": {"id": "RRDB:CA0003", "name": "PTR", "country": "Canada", "stage": "reactor-research", "subtype": "POOL", "city": "Chalk River, ON", "thermal_power_kw": "0.1", "status": "DECOMMISSIONED", "start": "1957-11-01", "prov": [{"tier": 1, "source": "IAEA Research Reactor Database export", "record": "CA0003", "url": "https://nucleus.iaea.org/rrdb/", "retrieved": "2026-09-22"}], "coord_tier": null, "coord_source": null}}, {"type": "Feature", "geometry": null, "properties": {"id": "RRDB:CA0010", "name": "SLOWPOKE-2, Halifax", "country": "Canada", "stage": "reactor-research", "subtype": "SLOWPOKE-2", "city": "Halifax", "thermal_power_kw": "20", "status": "DECOMMISSIONED", "start": "1976-07-08", "prov": [{"tier": 1, "source": "IAEA Research Reactor Database export", "record": "CA0010", "url": "https://nucleus.iaea.org/rrdb/", "retrieved": "2026-09-22"}], "coord_tier": null, "coord_source": null}}, {"type": "Feature", "geometry": null, "properties": {"id": "RRDB:CA0006", "name": "WR-1", "country": "Canada", "stage": "reactor-research", "subtype": "HEAVY WATER", "city": "Pinawa, MB", "thermal_power_kw": "60000", "status": "UNDER DECOMMISSIONING", "start": "1965-11-01", "prov": [{"tier": 1, "source": "IAEA Research Reactor Database export", "record": "CA0006", "url": "https://nucleus.iaea.org/rrdb/", "retrieved": "2026-09-22"}], "coord_tier": null, "coord_source": null}}, {"type": "Feature", "geometry": null, "properties": {"id": "RRDB:CA0017", "name": "ZEEP", "country": "Canada", "stage": "reactor-research", "subtype": "HEAVY WATER", "city": "Chalk River, ON", "thermal_power_kw": "0.001", "status": "DECOMMISSIONED", "start": "1945-09-01", "prov": [{"tier": 1, "source": "IAEA Research Reactor Database export", "record": "CA0017", "url": "https://nucleus.iaea.org/rrdb/", "retrieved": "2026-09-22"}], "coord_tier": null, "coord_source": null}}, {"type": "Feature", "geometry": null, "properties": {"id": "RRDB:CA0014", "name": "SLOWPOKE-2, RMC", "country": "Canada", "stage": "reactor-research", "subtype": "SLOWPOKE-2", "city": "Kingston, ON", "thermal_power_kw": "20", "status": "OPERATIONAL", "start": "1985-09-06", "prov": [{"tier": 1, "source": "IAEA Research Reactor Database export", "record": "CA0014", "url": "https://nucleus.iaea.org/rrdb/", "retrieved": "2026-09-22"}], "coord_tier": null, "coord_source": null}}, {"type": "Feature", "geometry": null, "properties": {"id": "RRDB:CA0002", "name": "NRU", "country": "Canada", "stage": "reactor-research", "subtype": "HEAVY WATER", "city": "Chalk River", "thermal_power_kw": "135000", "status": "PERMANENT SHUTDOWN", "start": "1957-11-03", "prov": [{"tier": 1, "source": "IAEA Research Reactor Database export", "record": "CA0002", "url": "https://nucleus.iaea.org/rrdb/", "retrieved": "2026-09-22"}], "coord_tier": null, "coord_source": null}}, {"type": "Feature", "geometry": null, "properties": {"id": "RRDB:CA0015", "name": "MAPLE 1", "country": "Canada", "stage": "reactor-research", "subtype": "TANK IN POOL", "city": "Chalk River, ON", "thermal_power_kw": "10000", "status": "PERMANENT SHUTDOWN", "start": "NA", "prov": [{"tier": 1, "source": "IAEA Research Reactor Database export", "record": "CA0015", "url": "https://nucleus.iaea.org/rrdb/", "retrieved": "2026-09-22"}], "coord_tier": null, "coord_source": null}}, {"type": "Feature", "geometry": null, "properties": {"id": "RRDB:CA0018", "name": "MAPLE 2", "country": "Canada", "stage": "reactor-research", "subtype": "TANK IN POOL", "city": "Chalk River, ON", "thermal_power_kw": "10000", "status": "PERMANENT SHUTDOWN", "start": "NA", "prov": [{"tier": 1, "source": "IAEA Research Reactor Database export", "record": "CA0018", "url": "https://nucleus.iaea.org/rrdb/", "retrieved": "2026-09-22"}], "coord_tier": null, "coord_source": null}}, {"type": "Feature", "geometry": {"type": "Point", "coordinates": [-77.36361, 46.05167]}, "properties": {"id": "RRDB:CA0001", "name": "NRX", "country": "Canada", "stage": "reactor-research", "subtype": "HEAVY WATER", "city": "Chalk River", "thermal_power_kw": "42000", "status": "PERMANENT SHUTDOWN", "start": "1947-07-22", "prov": [{"tier": 1, "source": "IAEA Research Reactor Database export", "record": "CA0001", "url": "https://nucleus.iaea.org/rrdb/", "retrieved": "2026-09-22"}], "coord_tier": 3, "coord_source": "wikidata Q1724378"}}, {"type": "Feature", "geometry": null, "properties": {"id": "RRDB:CA0009", "name": "SLOWPOKE-2, Montreal", "country": "Canada", "stage": "reactor-research", "subtype": "SLOWPOKE-2", "city": "Montréal", "thermal_power_kw": "20", "status": "OPERATIONAL", "start": "1976-05-01", "prov": [{"tier": 1, "source": "IAEA Research Reactor Database export", "record": "CA0009", "url": "https://nucleus.iaea.org/rrdb/", "retrieved": "2026-09-22"}], "coord_tier": null, "coord_source": null}}, {"type": "Feature", "geometry": null, "properties": {"id": "RRDB:IT0007", "name": "RB-3", "country": "Italy", "stage": "reactor-research", "subtype": "ZERO POWER D2O", "city": "Bologna", "thermal_power_kw": "0.1", "status": "DECOMMISSIONED", "start": "1971-08-09", "prov": [{"tier": 1, "source": "IAEA Research Reactor Database export", "record": "IT0007", "url": "https://nucleus.iaea.org/rrdb/", "retrieved": "2026-09-22"}], "coord_tier": null, "coord_source": null}}, {"type": "Feature", "geometry": null, "properties": {"id": "RRDB:CH0004", "name": "AGN 211 P", "country": "Switzerland", "stage": "reactor-research", "subtype": "HOMOG (S)", "city": "Basel", "thermal_power_kw": "2", "status": "DECOMMISSIONED", "start": "1959-08-01", "prov": [{"tier": 1, "source": "IAEA Research Reactor Database export", "record": "CH0004", "url": "https://nucleus.iaea.org/rrdb/", "retrieved": "2026-09-22"}], "coord_tier": null, "coord_source": null}}, {"type": "Feature", "geometry": null, "properties": {"id": "RRDB:PT0001", "name": "RPI", "country": "Portugal", "stage": "reactor-research", "subtype": "POOL", "city": "Lisbon", "thermal_power_kw": "1000", "status": "PERMANENT SHUTDOWN", "start": "1961-04-25", "prov": [{"tier": 1, "source": "IAEA Research Reactor Database export", "record": "PT0001", "url": "https://nucleus.iaea.org/rrdb/", "retrieved": "2026-09-22"}], "coord_tier": null, "coord_source": null}}, {"type": "Feature", "geometry": null, "properties": {"id": "RRDB:KZ0002", "name": "IGR", "country": "Kazakhstan", "stage": "reactor-research", "subtype": "GRAPHITE, PULSE", "city": "Kurchatov", "thermal_power_kw": "0", "status": "OPERATIONAL", "start": "1960-06-01", "prov": [{"tier": 1, "source": "IAEA Research Reactor Database export", "record": "KZ0002", "url": "https://nucleus.iaea.org/rrdb/", "retrieved": "2026-09-22"}], "coord_tier": null, "coord_source": null}}, {"type": "Feature", "geometry": null, "properties": {"id": "RRDB:US0061", "name": "NIST", "country": "United States of America", "stage": "reactor-research", "subtype": "HEAVY WATER", "city": "Gaithersburg, Maryland", "thermal_power_kw": "20000", "status": "OPERATIONAL", "start": "1967-12-07", "prov": [{"tier": 1, "source": "IAEA Research Reactor Database export", "record": "US0061", "url": "https://nucleus.iaea.org/rrdb/", "retrieved": "2026-09-22"}], "coord_tier": null, "coord_source": null}}, {"type": "Feature", "geometry": null, "properties": {"id": "RRDB:CZ0004", "name": "VR-1", "country": "Czech Republic", "stage": "reactor-research", "subtype": "POOL", "city": "Prague", "thermal_power_kw": "0.5", "status": "OPERATIONAL", "start": "1990-03-12", "prov": [{"tier": 1, "source": "IAEA Research Reactor Database export", "record": "CZ0004", "url": "https://nucleus.iaea.org/rrdb/", "retrieved": "2026-09-22"}], "coord_tier": null, "coord_source": null}}, {"type": "Feature", "geometry": null, "properties": {"id": "RRDB:CN0006", "name": "MNSR IAE", "country": "China", "stage": "reactor-research", "subtype": "MNSR", "city": "Beijing", "thermal_power_kw": "27", "status": "OPERATIONAL", "start": "1984-03-10", "prov": [{"tier": 1, "source": "IAEA Research Reactor Database export", "record": "CN0006", "url": "https://nucleus.iaea.org/rrdb/", "retrieved": "2026-09-22"}], "coord_tier": null, "coord_source": null}}, {"type": "Feature", "geometry": null, "properties": {"id": "RRDB:CN0019", "name": "IHNI-1", "country": "China", "stage": "reactor-research", "subtype": "MNSR", "city": "Beijing", "thermal_power_kw": "30", "status": "OPERATIONAL", "start": "2009-12-07", "prov": [{"tier": 1, "source": "IAEA Research Reactor Database export", "record": "CN0019", "url": "https://nucleus.iaea.org/rrdb/", "retrieved": "2026-09-22"}], "coord_tier": null, "coord_source": null}}, {"type": "Feature", "geometry": null, "properties": {"id": "RRDB:CL0002", "name": "RECH-2", "country": "Chile", "stage": "reactor-research", "subtype": "POOL", "city": "Santiago", "thermal_power_kw": "2000", "status": "EXTENDED SHUTDOWN", "start": "1989-09-06", "prov": [{"tier": 1, "source": "IAEA Research Reactor Database export", "record": "CL0002", "url": "https://nucleus.iaea.org/rrdb/", "retrieved": "2026-09-22"}], "coord_tier": null, "coord_source": null}}, {"type": "Feature", "geometry": null, "properties": {"id": "RRDB:CN0003", "name": "ZPR Fast", "country": "China", "stage": "reactor-research", "subtype": "CRIT FAST", "city": "Beijing", "thermal_power_kw": "0.05", "status": "EXTENDED SHUTDOWN", "start": "1970-06-29", "prov": [{"tier": 1, "source": "IAEA Research Reactor Database export", "record": "CN0003", "url": "https://nucleus.iaea.org/rrdb/", "retrieved": "2026-09-22"}], "coord_tier": null, "coord_source": null}}, {"type": "Feature", "geometry": null, "properties": {"id": "RRDB:IN0009", "name": "PURNIMA-III", "country": "India", "stage": "reactor-research", "subtype": "TANK", "city": "Mumbai", "thermal_power_kw": "0.001", "status": "DECOMMISSIONED", "start": "1990-09-11", "prov": [{"tier": 1, "source": "IAEA Research Reactor Database export", "record": "IN0009", "url": "https://nucleus.iaea.org/rrdb/", "retrieved": "2026-09-22"}], "coord_tier": null, "coord_source": null}}, {"type": "Feature", "geometry": null, "properties": {"id": "RRDB:CN0015", "name": "MNSR-SH", "country": "China", "stage": "reactor-research", "subtype": "MNSR", "city": "Shanghai", "thermal_power_kw": "30", "status": "DECOMMISSIONED", "start": "1991-12-18", "prov": [{"tier": 1, "source": "IAEA Research Reactor Database export", "record": "CN0015", "url": "https://nucleus.iaea.org/rrdb/", "retrieved": "2026-09-22"}], "coord_tier": null, "coord_source": null}}, {"type": "Feature", "geometry": null, "properties": {"id": "RRDB:CN0014", "name": "MNSR-SD", "country": "China", "stage": "reactor-research", "subtype": "MNSR", "city": "Jinan", "thermal_power_kw": "33", "status": "DECOMMISSIONED", "start": "1989-05-01", "prov": [{"tier": 1, "source": "IAEA Research Reactor Database export", "record": "CN0014", "url": "https://nucleus.iaea.org/rrdb/", "retrieved": "2026-09-22"}], "coord_tier": null, "coord_source": null}}, {"type": "Feature", "geometry": null, "properties": {"id": "RRDB:CN0002", "name": "HWRR-II", "country": "China", "stage": "reactor-research", "subtype": "HEAVY WATER", "city": "Beijing", "thermal_power_kw": "15000", "status": "UNDER DECOMMISSIONING", "start": "1958-09-01", "prov": [{"tier": 1, "source": "IAEA Research Reactor Database export", "record": "CN0002", "url": "https://nucleus.iaea.org/rrdb/", "retrieved": "2026-09-22"}], "coord_tier": null, "coord_source": null}}, {"type": "Feature", "geometry": null, "properties": {"id": "RRDB:US0070", "name": "ATR", "country": "United States of America", "stage": "reactor-research", "subtype": "TANK", "city": "Idaho Falls", "thermal_power_kw": "250000", "status": "OPERATIONAL", "start": "1967-07-02", "prov": [{"tier": 1, "source": "IAEA Research Reactor Database export", "record": "US0070", "url": "https://nucleus.iaea.org/rrdb/", "retrieved": "2026-09-22"}], "coord_tier": null, "coord_source": null}}, {"type": "Feature", "geometry": null, "properties": {"id": "RRDB:IT0006", "name": "TRIGA RC-1", "country": "Italy", "stage": "reactor-research", "subtype": "TRIGA MARK II", "city": "Rome", "thermal_power_kw": "1000", "status": "OPERATIONAL", "start": "1960-06-11", "prov": [{"tier": 1, "source": "IAEA Research Reactor Database export", "record": "IT0006", "url": "https://nucleus.iaea.org/rrdb/", "retrieved": "2026-09-22"}], "coord_tier": null, "coord_source": null}}, {"type": "Feature", "geometry": null, "properties": {"id": "RRDB:CN0022", "name": "VENUS-1", "country": "China", "stage": "reactor-research", "subtype": "SUBCRIT", "city": "Beijing", "thermal_power_kw": "0", "status": "OPERATIONAL", "start": "2005-07-18", "prov": [{"tier": 1, "source": "IAEA Research Reactor Database export", "record": "CN0022", "url": "https://nucleus.iaea.org/rrdb/", "retrieved": "2026-09-22"}], "coord_tier": null, "coord_source": null}}, {"type": "Feature", "geometry": null, "properties": {"id": "RRDB:CN0017", "name": "CARR", "country": "China", "stage": "reactor-research", "subtype": "TANK IN POOL", "city": "Beijing", "thermal_power_kw": "60000", "status": "OPERATIONAL", "start": "2010-05-13", "prov": [{"tier": 1, "source": "IAEA Research Reactor Database export", "record": "CN0017", "url": "https://nucleus.iaea.org/rrdb/", "retrieved": "2026-09-22"}], "coord_tier": null, "coord_source": null}}, {"type": "Feature", "geometry": null, "properties": {"id": "RRDB:CN0018", "name": "CEFR", "country": "China", "stage": "reactor-research", "subtype": "FAST BREEDER", "city": "Beijing", "thermal_power_kw": "65000", "status": "OPERATIONAL", "start": "2010-07-21", "prov": [{"tier": 1, "source": "IAEA Research Reactor Database export", "record": "CN0018", "url": "https://nucleus.iaea.org/rrdb/", "retrieved": "2026-09-22"}], "coord_tier": null, "coord_source": null}}, {"type": "Feature", "geometry": null, "properties": {"id": "RRDB:CN0013", "name": "MNSR-SZ", "country": "China", "stage": "reactor-research", "subtype": "MNSR", "city": "Shenzhen", "thermal_power_kw": "30", "status": "OPERATIONAL", "start": "1988-11-01", "prov": [{"tier": 1, "source": "IAEA Research Reactor Database export", "record": "CN0013", "url": "https://nucleus.iaea.org/rrdb/", "retrieved": "2026-09-22"}], "coord_tier": null, "coord_source": null}}, {"type": "Feature", "geometry": null, "properties": {"id": "RRDB:CN0005", "name": "SPR IAE", "country": "China", "stage": "reactor-research", "subtype": "POOL", "city": "Beijing", "thermal_power_kw": "3500", "status": "OPERATIONAL", "start": "1964-12-20", "prov": [{"tier": 1, "source": "IAEA Research Reactor Database export", "record": "CN0005", "url": "https://nucleus.iaea.org/rrdb/", "retrieved": "2026-09-22"}], "coord_tier": null, "coord_source": null}}, {"type": "Feature", "geometry": null, "properties": {"id": "RRDB:UZ0002", "name": "IIN-3M", "country": "Uzbekistan", "stage": "reactor-research", "subtype": "HOMOG PUL", "city": "Tashkent", "thermal_power_kw": "20", "status": "DECOMMISSIONED", "start": "1975-12-01", "prov": [{"tier": 1, "source": "IAEA Research Reactor Database export", "record": "UZ0002", "url": "https://nucleus.iaea.org/rrdb/", "retrieved": "2026-09-22"}], "coord_tier": null, "coord_source": null}}, {"type": "Feature", "geometry": {"type": "Point", "coordinates": [21.34418, 52.12295]}, "properties": {"id": "RRDB:PL0004", "name": "MARIA", "country": "Poland", "stage": "reactor-research", "subtype": "POOL", "city": "Otwock", "thermal_power_kw": "30000", "status": "OPERATIONAL", "start": "1974-12-18", "prov": [{"tier": 1, "source": "IAEA Research Reactor Database export", "record": "PL0004", "url": "https://nucleus.iaea.org/rrdb/", "retrieved": "2026-09-22"}], "coord_tier": 3, "coord_source": "wikidata Q1438119"}}, {"type": "Feature", "geometry": null, "properties": {"id": "RRDB:FR0022", "name": "Orphee", "country": "France", "stage": "reactor-research", "subtype": "POOL", "city": "Gif-sur-Yvette", "thermal_power_kw": "14000", "status": "PERMANENT SHUTDOWN", "start": "1980-12-19", "prov": [{"tier": 1, "source": "IAEA Research Reactor Database export", "record": "FR0022", "url": "https://nucleus.iaea.org/rrdb/", "retrieved": "2026-09-22"}], "coord_tier": null, "coord_source": null}}, {"type": "Feature", "geometry": null, "properties": {"id": "RRDB:DE0031", "name": "BER-II", "country": "Germany", "stage": "reactor-research", "subtype": "POOL", "city": "Berlin", "thermal_power_kw": "10000", "status": "PERMANENT SHUTDOWN", "start": "1973-12-09", "prov": [{"tier": 1, "source": "IAEA Research Reactor Database export", "record": "DE0031", "url": "https://nucleus.iaea.org/rrdb/", "retrieved": "2026-09-22"}], "coord_tier": null, "coord_source": null}}, {"type": "Feature", "geometry": null, "properties": {"id": "RRDB:RU0024", "name": "SM-3", "country": "Russian Federation", "stage": "reactor-research", "subtype": "PRESSURE VESSEL", "city": "Dimitrovgrad", "thermal_power_kw": "100000", "status": "OPERATIONAL", "start": "1961-01-10", "prov": [{"tier": 1, "source": "IAEA Research Reactor Database export", "record": "RU0024", "url": "https://nucleus.iaea.org/rrdb/", "retrieved": "2026-09-22"}], "coord_tier": null, "coord_source": null}}, {"type": "Feature", "geometry": null, "properties": {"id": "RRDB:US0151", "name": "OSURR Ohio State Univ.", "country": "United States of America", "stage": "reactor-research", "subtype": "POOL", "city": "Columbus, OH", "thermal_power_kw": "500", "status": "OPERATIONAL", "start": "1961-03-16", "prov": [{"tier": 1, "source": "IAEA Research Reactor Database export", "record": "US0151", "url": "https://nucleus.iaea.org/rrdb/", "retrieved": "2026-09-22"}], "coord_tier": null, "coord_source": null}}, {"type": "Feature", "geometry": null, "properties": {"id": "RRDB:CA0012", "name": "SRC SLOWPOKE, Saskatchewan", "country": "Canada", "stage": "reactor-research", "subtype": "SLOWPOKE-2", "city": "Saskatoon", "thermal_power_kw": "20", "status": "PERMANENT SHUTDOWN", "start": "1981-03-01", "prov": [{"tier": 1, "source": "IAEA Research Reactor Database export", "record": "CA0012", "url": "https://nucleus.iaea.org/rrdb/", "retrieved": "2026-09-22"}], "coord_tier": null, "coord_source": null}}, {"type": "Feature", "geometry": null, "properties": {"id": "RRDB:IR0002", "name": "ENTC LWSCR", "country": "Iran, Islamic Republic of", "stage": "reactor-research", "subtype": "SUBCRIT", "city": "Isfahan", "thermal_power_kw": "0", "status": "OPERATIONAL", "start": "1992-01-01", "prov": [{"tier": 1, "source": "IAEA Research Reactor Database export", "record": "IR0002", "url": "https://nucleus.iaea.org/rrdb/", "retrieved": "2026-09-22"}], "coord_tier": null, "coord_source": null}}, {"type": "Feature", "geometry": null, "properties": {"id": "RRDB:IR0001", "name": "Tehran Research Reactor (TRR)", "country": "Iran, Islamic Republic of", "stage": "reactor-research", "subtype": "POOL", "city": "Tehran", "thermal_power_kw": "5000", "status": "OPERATIONAL", "start": "1967-11-01", "prov": [{"tier": 1, "source": "IAEA Research Reactor Database export", "record": "IR0001", "url": "https://nucleus.iaea.org/rrdb/", "retrieved": "2026-09-22"}], "coord_tier": null, "coord_source": null}}, {"type": "Feature", "geometry": null, "properties": {"id": "RRDB:IR0004", "name": "ENTC HWZPR", "country": "Iran, Islamic Republic of", "stage": "reactor-research", "subtype": "CRIT ASSEMBLY", "city": "Isfahan", "thermal_power_kw": "0.1", "status": "OPERATIONAL", "start": "1995-06-01", "prov": [{"tier": 1, "source": "IAEA Research Reactor Database export", "record": "IR0004", "url": "https://nucleus.iaea.org/rrdb/", "retrieved": "2026-09-22"}], "coord_tier": null, "coord_source": null}}, {"type": "Feature", "geometry": null, "properties": {"id": "RRDB:IR0005", "name": "ENTC MNSR", "country": "Iran, Islamic Republic of", "stage": "reactor-research", "subtype": "MNSR", "city": "Isfahan", "thermal_power_kw": "30", "status": "OPERATIONAL", "start": "1994-03-01", "prov": [{"tier": 1, "source": "IAEA Research Reactor Database export", "record": "IR0005", "url": "https://nucleus.iaea.org/rrdb/", "retrieved": "2026-09-22"}], "coord_tier": null, "coord_source": null}}, {"type": "Feature", "geometry": null, "properties": {"id": "RRDB:NO0002", "name": "JEEP II", "country": "Norway", "stage": "reactor-research", "subtype": "TANK", "city": "Kjeller", "thermal_power_kw": "2000", "status": "PERMANENT SHUTDOWN", "start": "1966-12-01", "prov": [{"tier": 1, "source": "IAEA Research Reactor Database export", "record": "NO0002", "url": "https://nucleus.iaea.org/rrdb/", "retrieved": "2026-09-22"}], "coord_tier": null, "coord_source": null}}, {"type": "Feature", "geometry": null, "properties": {"id": "RRDB:US0204", "name": "MURR Univ. Missouri-Columbia", "country": "United States of America", "stage": "reactor-research", "subtype": "TANK IN POOL", "city": "Columbia, MO", "thermal_power_kw": "10000", "status": "OPERATIONAL", "start": "1966-10-13", "prov": [{"tier": 1, "source": "IAEA Research Reactor Database export", "record": "US0204", "url": "https://nucleus.iaea.org/rrdb/", "retrieved": "2026-09-22"}], "coord_tier": null, "coord_source": null}}, {"type": "Feature", "geometry": null, "properties": {"id": "RRDB:UA0005", "name": "KIPT Experimental Neutron Source", "country": "Ukraine", "stage": "reactor-research", "subtype": "SUBCRIT", "city": "Kharkov", "thermal_power_kw": "0.19", "status": "UNDER CONSTRUCTION", "start": "NA", "prov": [{"tier": 1, "source": "IAEA Research Reactor Database export", "record": "UA0005", "url": "https://nucleus.iaea.org/rrdb/", "retrieved": "2026-09-22"}], "coord_tier": null, "coord_source": null}}, {"type": "Feature", "geometry": null, "properties": {"id": "RRDB:IN0001", "name": "Apsara", "country": "India", "stage": "reactor-research", "subtype": "POOL", "city": "Mumbai", "thermal_power_kw": "1000", "status": "DECOMMISSIONED", "start": "1956-08-04", "prov": [{"tier": 1, "source": "IAEA Research Reactor Database export", "record": "IN0001", "url": "https://nucleus.iaea.org/rrdb/", "retrieved": "2026-09-22"}], "coord_tier": null, "coord_source": null}}, {"type": "Feature", "geometry": null, "properties": {"id": "RRDB:RU0017", "name": "Gidra (Hydra)", "country": "Russian Federation", "stage": "reactor-research", "subtype": "HOMOG (L)", "city": "Moscow", "thermal_power_kw": "10", "status": "OPERATIONAL", "start": "1971-11-24", "prov": [{"tier": 1, "source": "IAEA Research Reactor Database export", "record": "RU0017", "url": "https://nucleus.iaea.org/rrdb/", "retrieved": "2026-09-22"}], "coord_tier": null, "coord_source": null}}, {"type": "Feature", "geometry": null, "properties": {"id": "RRDB:AR008 ", "name": "RA-10", "country": "Argentina", "stage": "reactor-research", "subtype": "POOL", "city": "Buenos Aires", "thermal_power_kw": "30000", "status": "UNDER CONSTRUCTION", "start": "NA", "prov": [{"tier": 1, "source": "IAEA Research Reactor Database export", "record": "AR008 ", "url": "https://nucleus.iaea.org/rrdb/", "retrieved": "2026-09-22"}], "coord_tier": null, "coord_source": null}}, {"type": "Feature", "geometry": null, "properties": {"id": "RRDB:IN0013", "name": "Apsara-U", "country": "India", "stage": "reactor-research", "subtype": "POOL", "city": "Mumbai", "thermal_power_kw": "2000", "status": "OPERATIONAL", "start": "2018-09-10", "prov": [{"tier": 1, "source": "IAEA Research Reactor Database export", "record": "IN0013", "url": "https://nucleus.iaea.org/rrdb/", "retrieved": "2026-09-22"}], "coord_tier": null, "coord_source": null}}, {"type": "Feature", "geometry": null, "properties": {"id": "RRDB:AR0005", "name": "RA-4", "country": "Argentina", "stage": "reactor-research", "subtype": "HOMOG (S)", "city": "Rosario", "thermal_power_kw": "0.001", "status": "OPERATIONAL", "start": "1972-01-01", "prov": [{"tier": 1, "source": "IAEA Research Reactor Database export", "record": "AR0005", "url": "https://nucleus.iaea.org/rrdb/", "retrieved": "2026-09-22"}], "coord_tier": null, "coord_source": null}}, {"type": "Feature", "geometry": null, "properties": {"id": "RRDB:US0040", "name": "PLATR Pawling Lattice Test Rig", "country": "United States of America", "stage": "reactor-research", "subtype": "CRIT ASSEMBLY", "city": "Poughkeepsie, NY", "thermal_power_kw": "0.1", "status": "DECOMMISSIONED", "start": "1958-11-01", "prov": [{"tier": 1, "source": "IAEA Research Reactor Database export", "record": "US0040", "url": "https://nucleus.iaea.org/rrdb/", "retrieved": "2026-09-22"}], "coord_tier": null, "coord_source": null}}, {"type": "Feature", "geometry": null, "properties": {"id": "RRDB:LY0001", "name": "IRT-1", "country": "Libya", "stage": "reactor-research", "subtype": "POOL, IRT", "city": "Tajoura", "thermal_power_kw": "10000", "status": "TEMPORARY SHUTDOWN", "start": "1981-08-28", "prov": [{"tier": 1, "source": "IAEA Research Reactor Database export", "record": "LY0001", "url": "https://nucleus.iaea.org/rrdb/", "retrieved": "2026-09-22"}], "coord_tier": null, "coord_source": null}}, {"type": "Feature", "geometry": null, "properties": {"id": "RRDB:LY0002", "name": "TNRC Critical Facility", "country": "Libya", "stage": "reactor-research", "subtype": "CRIT ASSEMBLY", "city": "Tajoura", "thermal_power_kw": "0.1", "status": "OPERATIONAL", "start": "1983-06-01", "prov": [{"tier": 1, "source": "IAEA Research Reactor Database export", "record": "LY0002", "url": "https://nucleus.iaea.org/rrdb/", "retrieved": "2026-09-22"}], "coord_tier": null, "coord_source": null}}, {"type": "Feature", "geometry": null, "properties": {"id": "RRDB:US0196", "name": "UFTR Univ. Florida", "country": "United States of America", "stage": "reactor-research", "subtype": "ARGONAUT", "city": "Gainesville, FL", "thermal_power_kw": "100", "status": "OPERATIONAL", "start": "1959-05-28", "prov": [{"tier": 1, "source": "IAEA Research Reactor Database export", "record": "US0196", "url": "https://nucleus.iaea.org/rrdb/", "retrieved": "2026-09-22"}], "coord_tier": null, "coord_source": null}}, {"type": "Feature", "geometry": null, "properties": {"id": "RRDB:US0291", "name": "LWBCC Light Water Breeder", "country": "United States of America", "stage": "reactor-research", "subtype": "CRIT ASSEMBLY", "city": "West Mifflin, PA", "thermal_power_kw": "0.001", "status": "DECOMMISSIONED", "start": "1963-08-01", "prov": [{"tier": 1, "source": "IAEA Research Reactor Database export", "record": "US0291", "url": "https://nucleus.iaea.org/rrdb/", "retrieved": "2026-09-22"}], "coord_tier": null, "coord_source": null}}, {"type": "Feature", "geometry": null, "properties": {"id": "RRDB:US0176", "name": "SR-305 Savannah River", "country": "United States of America", "stage": "reactor-research", "subtype": "GRAPHITE", "city": "Aiken, SC", "thermal_power_kw": "0.05", "status": "DECOMMISSIONED", "start": "1952-12-01", "prov": [{"tier": 1, "source": "IAEA Research Reactor Database export", "record": "US0176", "url": "https://nucleus.iaea.org/rrdb/", "retrieved": "2026-09-22"}], "coord_tier": null, "coord_source": null}}, {"type": "Feature", "geometry": null, "properties": {"id": "RRDB:US0114", "name": "Clementine Fast Reactor", "country": "United States of America", "stage": "reactor-research", "subtype": "FAST, HG COOLED", "city": "Los Alamos, NM", "thermal_power_kw": "25", "status": "DECOMMISSIONED", "start": "1946-11-01", "prov": [{"tier": 1, "source": "IAEA Research Reactor Database export", "record": "US0114", "url": "https://nucleus.iaea.org/rrdb/", "retrieved": "2026-09-22"}], "coord_tier": null, "coord_source": null}}, {"type": "Feature", "geometry": null, "properties": {"id": "RRDB:US0021", "name": "AFSR Argonne Fast Source", "country": "United States of America", "stage": "reactor-research", "subtype": "FAST", "city": "Idaho Falls, ID", "thermal_power_kw": "1", "status": "DECOMMISSIONED", "start": "1959-10-29", "prov": [{"tier": 1, "source": "IAEA Research Reactor Database export", "record": "US0021", "url": "https://nucleus.iaea.org/rrdb/", "retrieved": "2026-09-22"}], "coord_tier": null, "coord_source": null}}, {"type": "Feature", "geometry": null, "properties": {"id": "RRDB:US0268", "name": "AETR Advanced Epithermal Thorium", "country": "United States of America", "stage": "reactor-research", "subtype": "CRIT FAST", "city": "Simi Valley, CA", "thermal_power_kw": "0.001", "status": "DECOMMISSIONED", "start": "1960-01-01", "prov": [{"tier": 1, "source": "IAEA Research Reactor Database export", "record": "US0268", "url": "https://nucleus.iaea.org/rrdb/", "retrieved": "2026-09-22"}], "coord_tier": null, "coord_source": null}}, {"type": "Feature", "geometry": null, "properties": {"id": "RRDB:US0174", "name": "SP Standard Pile", "country": "United States of America", "stage": "reactor-research", "subtype": "GRAPHITE PILE", "city": "Aiken, SC", "thermal_power_kw": "10", "status": "DECOMMISSIONED", "start": "1953-07-25", "prov": [{"tier": 1, "source": "IAEA Research Reactor Database export", "record": "US0174", "url": "https://nucleus.iaea.org/rrdb/", "retrieved": "2026-09-22"}], "coord_tier": null, "coord_source": null}}, {"type": "Feature", "geometry": null, "properties": {"id": "RRDB:US0173", "name": "PDP Process Development Pile", "country": "United States of America", "stage": "reactor-research", "subtype": "HEAVY WATER", "city": "Aiken, SC", "thermal_power_kw": "0.5", "status": "DECOMMISSIONED", "start": "1953-10-01", "prov": [{"tier": 1, "source": "IAEA Research Reactor Database export", "record": "US0173", "url": "https://nucleus.iaea.org/rrdb/", "retrieved": "2026-09-22"}], "coord_tier": null, "coord_source": null}}, {"type": "Feature", "geometry": null, "properties": {"id": "RRDB:US0101", "name": "Planet", "country": "United States of America", "stage": "reactor-research", "subtype": "CRIT ASSEMBLY", "city": "Las Vegas, NV", "thermal_power_kw": "0", "status": "OPERATIONAL", "start": "1950-01-01", "prov": [{"tier": 1, "source": "IAEA Research Reactor Database export", "record": "US0101", "url": "https://nucleus.iaea.org/rrdb/", "retrieved": "2026-09-22"}], "coord_tier": null, "coord_source": null}}, {"type": "Feature", "geometry": null, "properties": {"id": "RRDB:US0041", "name": "PTF Proof Test Facility", "country": "United States of America", "stage": "reactor-research", "subtype": "CRIT ASSEMBLY", "city": "Poughkeepsie, NY", "thermal_power_kw": "0.001", "status": "DECOMMISSIONED", "start": "1967-05-01", "prov": [{"tier": 1, "source": "IAEA Research Reactor Database export", "record": "US0041", "url": "https://nucleus.iaea.org/rrdb/", "retrieved": "2026-09-22"}], "coord_tier": null, "coord_source": null}}, {"type": "Feature", "geometry": null, "properties": {"id": "RRDB:US0296", "name": "White Sands Fast Burst Reactor", "country": "United States of America", "stage": "reactor-research", "subtype": "FAST BURST", "city": "Las Cruces, NM", "thermal_power_kw": "10000", "status": "OPERATIONAL", "start": "1964-07-01", "prov": [{"tier": 1, "source": "IAEA Research Reactor Database export", "record": "US0296", "url": "https://nucleus.iaea.org/rrdb/", "retrieved": "2026-09-22"}], "coord_tier": null, "coord_source": null}}, {"type": "Feature", "geometry": null, "properties": {"id": "RRDB:US0110", "name": "Mars", "country": "United States of America", "stage": "reactor-research", "subtype": "CRIT ASSEMBLY", "city": "Los Alamos, NM", "thermal_power_kw": "0.001", "status": "DECOMMISSIONED", "start": "1958-01-01", "prov": [{"tier": 1, "source": "IAEA Research Reactor Database export", "record": "US0110", "url": "https://nucleus.iaea.org/rrdb/", "retrieved": "2026-09-22"}], "coord_tier": null, "coord_source": null}}, {"type": "Feature", "geometry": null, "properties": {"id": "RRDB:US0036", "name": "Bettis PWR Flexible Assembly", "country": "United States of America", "stage": "reactor-research", "subtype": "CRIT ASSEMBLY", "city": "West Mifflin, PA", "thermal_power_kw": "0.001", "status": "DECOMMISSIONED", "start": "1955-01-01", "prov": [{"tier": 1, "source": "IAEA Research Reactor Database export", "record": "US0036", "url": "https://nucleus.iaea.org/rrdb/", "retrieved": "2026-09-22"}], "coord_tier": null, "coord_source": null}}, {"type": "Feature", "geometry": null, "properties": {"id": "RRDB:US0224", "name": "Westinghouse CRX Critical", "country": "United States of America", "stage": "reactor-research", "subtype": "HOMOG (S)", "city": "New Stanton, PA", "thermal_power_kw": "2000", "status": "DECOMMISSIONED", "start": "1957-12-18", "prov": [{"tier": 1, "source": "IAEA Research Reactor Database export", "record": "US0224", "url": "https://nucleus.iaea.org/rrdb/", "retrieved": "2026-09-22"}], "coord_tier": null, "coord_source": null}}, {"type": "Feature", "geometry": null, "properties": {"id": "RRDB:US0092", "name": "SL-1 Stationary Low Power", "country": "United States of America", "stage": "reactor-research", "subtype": "BWR POWER", "city": "Idaho Falls, ID", "thermal_power_kw": "3000", "status": "DECOMMISSIONED", "start": "1958-08-11", "prov": [{"tier": 1, "source": "IAEA Research Reactor Database export", "record": "US0092", "url": "https://nucleus.iaea.org/rrdb/", "retrieved": "2026-09-22"}], "coord_tier": null, "coord_source": null}}, {"type": "Feature", "geometry": null, "properties": {"id": "RRDB:US0237", "name": "D1G Destroyer Prototype", "country": "United States of America", "stage": "reactor-research", "subtype": "PWR PROPULSION", "city": "Ballston Spa, NY", "thermal_power_kw": "0", "status": "DECOMMISSIONED", "start": "1961-03-01", "prov": [{"tier": 1, "source": "IAEA Research Reactor Database export", "record": "US0237", "url": "https://nucleus.iaea.org/rrdb/", "retrieved": "2026-09-22"}], "coord_tier": null, "coord_source": null}}, {"type": "Feature", "geometry": null, "properties": {"id": "RRDB:US0019", "name": "TREAT", "country": "United States of America", "stage": "reactor-research", "subtype": "GRAPHITE, PULSE", "city": "Idaho Falls, ID", "thermal_power_kw": "80", "status": "OPERATIONAL", "start": "1959-02-23", "prov": [{"tier": 1, "source": "IAEA Research Reactor Database export", "record": "US0019", "url": "https://nucleus.iaea.org/rrdb/", "retrieved": "2026-09-22"}], "coord_tier": null, "coord_source": null}}, {"type": "Feature", "geometry": null, "properties": {"id": "RRDB:JP0015", "name": "JMTR", "country": "Japan", "stage": "reactor-research", "subtype": "TANK", "city": "Oarai", "thermal_power_kw": "50000", "status": "PERMANENT SHUTDOWN", "start": "1968-03-30", "prov": [{"tier": 1, "source": "IAEA Research Reactor Database export", "record": "JP0015", "url": "https://nucleus.iaea.org/rrdb/", "retrieved": "2026-09-22"}], "coord_tier": null, "coord_source": null}}, {"type": "Feature", "geometry": null, "properties": {"id": "RRDB:US0032", "name": "Phrenic", "country": "United States of America", "stage": "reactor-research", "subtype": "POOL", "city": "Upton, NY", "thermal_power_kw": "100", "status": "DECOMMISSIONED", "start": "1965-01-01", "prov": [{"tier": 1, "source": "IAEA Research Reactor Database export", "record": "US0032", "url": "https://nucleus.iaea.org/rrdb/", "retrieved": "2026-09-22"}], "coord_tier": null, "coord_source": null}}, {"type": "Feature", "geometry": null, "properties": {"id": "RRDB:US0031", "name": "Schizo", "country": "United States of America", "stage": "reactor-research", "subtype": "POOL", "city": "Upton, NY", "thermal_power_kw": "100", "status": "DECOMMISSIONED", "start": "1958-05-19", "prov": [{"tier": 1, "source": "IAEA Research Reactor Database export", "record": "US0031", "url": "https://nucleus.iaea.org/rrdb/", "retrieved": "2026-09-22"}], "coord_tier": null, "coord_source": null}}, {"type": "Feature", "geometry": null, "properties": {"id": "RRDB:US0033", "name": "FS-1 Brookhaven Fast Source", "country": "United States of America", "stage": "reactor-research", "subtype": "CRIT ASSEMBLY", "city": "Upton, NY", "thermal_power_kw": "1", "status": "DECOMMISSIONED", "start": "1967-08-01", "prov": [{"tier": 1, "source": "IAEA Research Reactor Database export", "record": "US0033", "url": "https://nucleus.iaea.org/rrdb/", "retrieved": "2026-09-22"}], "coord_tier": null, "coord_source": null}}, {"type": "Feature", "geometry": null, "properties": {"id": "RRDB:IN0011", "name": "High Flux RR", "country": "India", "stage": "reactor-research", "subtype": "POOL", "city": "Visakhapatnam", "thermal_power_kw": "40000", "status": "PLANNED", "start": "NA", "prov": [{"tier": 1, "source": "IAEA Research Reactor Database export", "record": "IN0011", "url": "https://nucleus.iaea.org/rrdb/", "retrieved": "2026-09-22"}], "coord_tier": null, "coord_source": null}}, {"type": "Feature", "geometry": null, "properties": {"id": "RRDB:IN0010", "name": "Critical Facility for AHWR and PHWR", "country": "India", "stage": "reactor-research", "subtype": "TANK", "city": "Mumbai", "thermal_power_kw": "0.1", "status": "OPERATIONAL", "start": "2008-04-07", "prov": [{"tier": 1, "source": "IAEA Research Reactor Database export", "record": "IN0010", "url": "https://nucleus.iaea.org/rrdb/", "retrieved": "2026-09-22"}], "coord_tier": null, "coord_source": null}}, {"type": "Feature", "geometry": null, "properties": {"id": "RRDB:NO0001", "name": "HBWR", "country": "Norway", "stage": "reactor-research", "subtype": "HEAVY WATER", "city": "Halden", "thermal_power_kw": "20000", "status": "PERMANENT SHUTDOWN", "start": "1959-06-29", "prov": [{"tier": 1, "source": "IAEA Research Reactor Database export", "record": "NO0001", "url": "https://nucleus.iaea.org/rrdb/", "retrieved": "2026-09-22"}], "coord_tier": null, "coord_source": null}}, {"type": "Feature", "geometry": null, "properties": {"id": "RRDB:US0298", "name": "PMA Plastic Mockup Assembly", "country": "United States of America", "stage": "reactor-research", "subtype": "CRIT ASSEMBLY", "city": "Schenectady, NY", "thermal_power_kw": "0.001", "status": "DECOMMISSIONED", "start": "1954-01-01", "prov": [{"tier": 1, "source": "IAEA Research Reactor Database export", "record": "US0298", "url": "https://nucleus.iaea.org/rrdb/", "retrieved": "2026-09-22"}], "coord_tier": null, "coord_source": null}}, {"type": "Feature", "geometry": {"type": "Point", "coordinates": [5.76335, 43.6836]}, "properties": {"id": "RRDB:FR0003", "name": "Minerve", "country": "France", "stage": "reactor-research", "subtype": "POOL", "city": "Saint-Paul-lès-Durance", "thermal_power_kw": "0.1", "status": "UNDER DECOMMISSIONING", "start": "1959-09-29", "prov": [{"tier": 1, "source": "IAEA Research Reactor Database export", "record": "FR0003", "url": "https://nucleus.iaea.org/rrdb/", "retrieved": "2026-09-22"}], "coord_tier": 3, "coord_source": "wikidata Q16040246"}}, {"type": "Feature", "geometry": null, "properties": {"id": "RRDB:FR0013", "name": "Éole", "country": "France", "stage": "reactor-research", "subtype": "TANK IN POOL", "city": "Saint-Paul-lès-Durance", "thermal_power_kw": "1", "status": "UNDER DECOMMISSIONING", "start": "1965-12-02", "prov": [{"tier": 1, "source": "IAEA Research Reactor Database export", "record": "FR0013", "url": "https://nucleus.iaea.org/rrdb/", "retrieved": "2026-09-22"}], "coord_tier": null, "coord_source": null}}, {"type": "Feature", "geometry": null, "properties": {"id": "RRDB:US0018", "name": "NRAD", "country": "United States of America", "stage": "reactor-research", "subtype": "TRIGA MARK II", "city": "Idaho Falls, ID", "thermal_power_kw": "250", "status": "OPERATIONAL", "start": "1977-10-12", "prov": [{"tier": 1, "source": "IAEA Research Reactor Database export", "record": "US0018", "url": "https://nucleus.iaea.org/rrdb/", "retrieved": "2026-09-22"}], "coord_tier": null, "coord_source": null}}, {"type": "Feature", "geometry": null, "properties": {"id": "RRDB:US0297", "name": "PPA Preliminary Pile Assembly", "country": "United States of America", "stage": "reactor-research", "subtype": "CRIT ASSEMBLY", "city": "Schenectady, NY", "thermal_power_kw": "0.1", "status": "DECOMMISSIONED", "start": "1948-04-22", "prov": [{"tier": 1, "source": "IAEA Research Reactor Database export", "record": "US0297", "url": "https://nucleus.iaea.org/rrdb/", "retrieved": "2026-09-22"}], "coord_tier": null, "coord_source": null}}, {"type": "Feature", "geometry": null, "properties": {"id": "RRDB:US0243", "name": "L-85 Nuclear Examination", "country": "United States of America", "stage": "reactor-research", "subtype": "HOMOG (L)", "city": "Simi Valley, CA", "thermal_power_kw": "3", "status": "DECOMMISSIONED", "start": "1952-04-21", "prov": [{"tier": 1, "source": "IAEA Research Reactor Database export", "record": "US0243", "url": "https://nucleus.iaea.org/rrdb/", "retrieved": "2026-09-22"}], "coord_tier": null, "coord_source": null}}, {"type": "Feature", "geometry": null, "properties": {"id": "RRDB:FR030 ", "name": "Aquilon", "country": "France", "stage": "reactor-research", "subtype": "CRIT FAST", "city": "Gif-sur-Yvette", "thermal_power_kw": "0.1", "status": "DECOMMISSIONED", "start": "1956-08-11", "prov": [{"tier": 1, "source": "IAEA Research Reactor Database export", "record": "FR030 ", "url": "https://nucleus.iaea.org/rrdb/", "retrieved": "2026-09-22"}], "coord_tier": null, "coord_source": null}}, {"type": "Feature", "geometry": null, "properties": {"id": "RRDB:GB0051", "name": "ZEUS", "country": "United Kingdom", "stage": "reactor-research", "subtype": "CRIT FAST", "city": "Didcot", "thermal_power_kw": "0.1", "status": "DECOMMISSIONED", "start": "1955-12-22", "prov": [{"tier": 1, "source": "IAEA Research Reactor Database export", "record": "GB0051", "url": "https://nucleus.iaea.org/rrdb/", "retrieved": "2026-09-22"}], "coord_tier": null, "coord_source": null}}, {"type": "Feature", "geometry": null, "properties": {"id": "RRDB:GB0050", "name": "ZEPHYR", "country": "United Kingdom", "stage": "reactor-research", "subtype": "CRIT FAST", "city": "Didcot", "thermal_power_kw": "0.002", "status": "DECOMMISSIONED", "start": "1954-02-01", "prov": [{"tier": 1, "source": "IAEA Research Reactor Database export", "record": "GB0050", "url": "https://nucleus.iaea.org/rrdb/", "retrieved": "2026-09-22"}], "coord_tier": null, "coord_source": null}}, {"type": "Feature", "geometry": null, "properties": {"id": "RRDB:US0198", "name": "Univ. Illinois Advanced TRIGA", "country": "United States of America", "stage": "reactor-research", "subtype": "TRIGA MARK II", "city": "Urbana, IL", "thermal_power_kw": "1500", "status": "DECOMMISSIONED", "start": "1969-07-23", "prov": [{"tier": 1, "source": "IAEA Research Reactor Database export", "record": "US0198", "url": "https://nucleus.iaea.org/rrdb/", "retrieved": "2026-09-22"}], "coord_tier": null, "coord_source": null}}, {"type": "Feature", "geometry": null, "properties": {"id": "RRDB:US0002", "name": "CP-1, Chicago Pile 1", "country": "United States of America", "stage": "reactor-research", "subtype": "GRAPHITE PILE", "city": "Chicago, IL", "thermal_power_kw": "0.2", "status": "DECOMMISSIONED", "start": "1942-12-02", "prov": [{"tier": 1, "source": "IAEA Research Reactor Database export", "record": "US0002", "url": "https://nucleus.iaea.org/rrdb/", "retrieved": "2026-09-22"}], "coord_tier": null, "coord_source": null}}, {"type": "Feature", "geometry": null, "properties": {"id": "RRDB:US0013", "name": "ZPR-7 Argonne", "country": "United States of America", "stage": "reactor-research", "subtype": "CRIT ASSEMBLY", "city": "Lemont, IL", "thermal_power_kw": "0.01", "status": "DECOMMISSIONED", "start": "1957-07-03", "prov": [{"tier": 1, "source": "IAEA Research Reactor Database export", "record": "US0013", "url": "https://nucleus.iaea.org/rrdb/", "retrieved": "2026-09-22"}], "coord_tier": null, "coord_source": null}}, {"type": "Feature", "geometry": null, "properties": {"id": "RRDB:US0049", "name": "LAPRE I", "country": "United States of America", "stage": "reactor-research", "subtype": "HOMOG (L)", "city": "Los Alamos, NM", "thermal_power_kw": "2000", "status": "DECOMMISSIONED", "start": "1956-02-15", "prov": [{"tier": 1, "source": "IAEA Research Reactor Database export", "record": "US0049", "url": "https://nucleus.iaea.org/rrdb/", "retrieved": "2026-09-22"}], "coord_tier": null, "coord_source": null}}, {"type": "Feature", "geometry": null, "properties": {"id": "RRDB:US0140", "name": "PCA Pool Critical Assembly", "country": "United States of America", "stage": "reactor-research", "subtype": "CRIT ASSEMBLY", "city": "Oak Ridge, TN", "thermal_power_kw": "10", "status": "PERMANENT SHUTDOWN", "start": "1958-04-01", "prov": [{"tier": 1, "source": "IAEA Research Reactor Database export", "record": "US0140", "url": "https://nucleus.iaea.org/rrdb/", "retrieved": "2026-09-22"}], "coord_tier": null, "coord_source": null}}, {"type": "Feature", "geometry": null, "properties": {"id": "RRDB:US0142", "name": "TSR-II Tower Shielding", "country": "United States of America", "stage": "reactor-research", "subtype": "TANK", "city": "Oak Ridge, TN", "thermal_power_kw": "1000", "status": "PERMANENT SHUTDOWN", "start": "1960-03-26", "prov": [{"tier": 1, "source": "IAEA Research Reactor Database export", "record": "US0142", "url": "https://nucleus.iaea.org/rrdb/", "retrieved": "2026-09-22"}], "coord_tier": null, "coord_source": null}}, {"type": "Feature", "geometry": null, "properties": {"id": "RRDB:US0141", "name": "TSR-1 Tower Shielding", "country": "United States of America", "stage": "reactor-research", "subtype": "TANK", "city": "Oak Ridge, TN", "thermal_power_kw": "500", "status": "DECOMMISSIONED", "start": "1954-03-12", "prov": [{"tier": 1, "source": "IAEA Research Reactor Database export", "record": "US0141", "url": "https://nucleus.iaea.org/rrdb/", "retrieved": "2026-09-22"}], "coord_tier": null, "coord_source": null}}, {"type": "Feature", "geometry": null, "properties": {"id": "RRDB:US0081", "name": "MTR", "country": "United States of America", "stage": "reactor-research", "subtype": "TANK", "city": "Idaho Falls, ID", "thermal_power_kw": "40000", "status": "DECOMMISSIONED", "start": "1952-03-01", "prov": [{"tier": 1, "source": "IAEA Research Reactor Database export", "record": "US0081", "url": "https://nucleus.iaea.org/rrdb/", "retrieved": "2026-09-22"}], "coord_tier": null, "coord_source": null}}, {"type": "Feature", "geometry": null, "properties": {"id": "RRDB:US0082", "name": "ML-1 Mobile Low Power Reactor", "country": "United States of America", "stage": "reactor-research", "subtype": "N2 COOLED", "city": "Idaho Falls, ID", "thermal_power_kw": "3300", "status": "DECOMMISSIONED", "start": "1961-03-01", "prov": [{"tier": 1, "source": "IAEA Research Reactor Database export", "record": "US0082", "url": "https://nucleus.iaea.org/rrdb/", "retrieved": "2026-09-22"}], "coord_tier": null, "coord_source": null}}, {"type": "Feature", "geometry": null, "properties": {"id": "RRDB:US0003", "name": "UTR-1", "country": "United States of America", "stage": "reactor-research", "subtype": "ARGONAUT", "city": "Mountain View, CA", "thermal_power_kw": "0.001", "status": "DECOMMISSIONED", "start": "1958-06-01", "prov": [{"tier": 1, "source": "IAEA Research Reactor Database export", "record": "US0003", "url": "https://nucleus.iaea.org/rrdb/", "retrieved": "2026-09-22"}], "coord_tier": null, "coord_source": null}}, {"type": "Feature", "geometry": null, "properties": {"id": "RRDB:US0030", "name": "BMRR Brookhaven Medical", "country": "United States of America", "stage": "reactor-research", "subtype": "TANK", "city": "Upton, NY", "thermal_power_kw": "3000", "status": "UNDER DECOMMISSIONING", "start": "1959-03-15", "prov": [{"tier": 1, "source": "IAEA Research Reactor Database export", "record": "US0030", "url": "https://nucleus.iaea.org/rrdb/", "retrieved": "2026-09-22"}], "coord_tier": null, "coord_source": null}}, {"type": "Feature", "geometry": null, "properties": {"id": "RRDB:US0143", "name": "ORR, ORNL Research Reactor", "country": "United States of America", "stage": "reactor-research", "subtype": "TANK IN POOL", "city": "Oak Ridge, TN", "thermal_power_kw": "30000", "status": "UNDER DECOMMISSIONING", "start": "1958-03-01", "prov": [{"tier": 1, "source": "IAEA Research Reactor Database export", "record": "US0143", "url": "https://nucleus.iaea.org/rrdb/", "retrieved": "2026-09-22"}], "coord_tier": null, "coord_source": null}}, {"type": "Feature", "geometry": null, "properties": {"id": "RRDB:US0148", "name": "OSTR, Oregon State Univ.", "country": "United States of America", "stage": "reactor-research", "subtype": "TRIGA MARK II", "city": "Corvallis, OR", "thermal_power_kw": "1100", "status": "OPERATIONAL", "start": "1967-03-08", "prov": [{"tier": 1, "source": "IAEA Research Reactor Database export", "record": "US0148", "url": "https://nucleus.iaea.org/rrdb/", "retrieved": "2026-09-22"}], "coord_tier": null, "coord_source": null}}, {"type": "Feature", "geometry": null, "properties": {"id": "RRDB:US0290", "name": "Sandia SPR CX", "country": "United States of America", "stage": "reactor-research", "subtype": "CRIT ASSEMBLY", "city": "Albuquerque, NM", "thermal_power_kw": "0.001", "status": "OPERATIONAL", "start": "1989-10-24", "prov": [{"tier": 1, "source": "IAEA Research Reactor Database export", "record": "US0290", "url": "https://nucleus.iaea.org/rrdb/", "retrieved": "2026-09-22"}], "coord_tier": null, "coord_source": null}}, {"type": "Feature", "geometry": null, "properties": {"id": "RRDB:US0201", "name": "AGN-201 Univ. New Mexico", "country": "United States of America", "stage": "reactor-research", "subtype": "HOMOG (S)", "city": "Albuquerque, NM", "thermal_power_kw": "0.005", "status": "OPERATIONAL", "start": "1966-10-01", "prov": [{"tier": 1, "source": "IAEA Research Reactor Database export", "record": "US0201", "url": "https://nucleus.iaea.org/rrdb/", "retrieved": "2026-09-22"}], "coord_tier": null, "coord_source": null}}, {"type": "Feature", "geometry": null, "properties": {"id": "RRDB:US0202", "name": "MUTR Univ. Maryland", "country": "United States of America", "stage": "reactor-research", "subtype": "TRIGA MODIFIED", "city": "College Park, MD", "thermal_power_kw": "250", "status": "OPERATIONAL", "start": "1960-12-01", "prov": [{"tier": 1, "source": "IAEA Research Reactor Database export", "record": "US0202", "url": "https://nucleus.iaea.org/rrdb/", "retrieved": "2026-09-22"}], "coord_tier": null, "coord_source": null}}, {"type": "Feature", "geometry": null, "properties": {"id": "RRDB:US0192", "name": "NSCR Texas A&M Univ.", "country": "United States of America", "stage": "reactor-research", "subtype": "TRIGA CONV", "city": "College Station, TX", "thermal_power_kw": "1000", "status": "OPERATIONAL", "start": "1962-01-01", "prov": [{"tier": 1, "source": "IAEA Research Reactor Database export", "record": "US0192", "url": "https://nucleus.iaea.org/rrdb/", "retrieved": "2026-09-22"}], "coord_tier": null, "coord_source": null}}, {"type": "Feature", "geometry": null, "properties": {"id": "RRDB:US0262", "name": "CRCE Cavity Reactor Critical Exp", "country": "United States of America", "stage": "reactor-research", "subtype": "HEAVY WATER", "city": "Idaho Falls, ID", "thermal_power_kw": "0.001", "status": "DECOMMISSIONED", "start": "1967-05-17", "prov": [{"tier": 1, "source": "IAEA Research Reactor Database export", "record": "US0262", "url": "https://nucleus.iaea.org/rrdb/", "retrieved": "2026-09-22"}], "coord_tier": null, "coord_source": null}}, {"type": "Feature", "geometry": null, "properties": {"id": "RRDB:US0170", "name": "SPR III", "country": "United States of America", "stage": "reactor-research", "subtype": "FAST BURST", "city": "Las Vegas, NV", "thermal_power_kw": "10", "status": "PERMANENT SHUTDOWN", "start": "1975-08-26", "prov": [{"tier": 1, "source": "IAEA Research Reactor Database export", "record": "US0170", "url": "https://nucleus.iaea.org/rrdb/", "retrieved": "2026-09-22"}], "coord_tier": null, "coord_source": null}}, {"type": "Feature", "geometry": null, "properties": {"id": "RRDB:US0260", "name": "PCA Plasma Core Assembly", "country": "United States of America", "stage": "reactor-research", "subtype": "CRIT ASSEMBLY", "city": "Los Alamos, NM", "thermal_power_kw": "0.1", "status": "DECOMMISSIONED", "start": "1974-01-01", "prov": [{"tier": 1, "source": "IAEA Research Reactor Database export", "record": "US0260", "url": "https://nucleus.iaea.org/rrdb/", "retrieved": "2026-09-22"}], "coord_tier": null, "coord_source": null}}, {"type": "Feature", "geometry": null, "properties": {"id": "RRDB:US0279", "name": "SHEBA", "country": "United States of America", "stage": "reactor-research", "subtype": "HOMOG (L)", "city": "Los Alamos, NM", "thermal_power_kw": "2", "status": "PERMANENT SHUTDOWN", "start": "1980-09-04", "prov": [{"tier": 1, "source": "IAEA Research Reactor Database export", "record": "US0279", "url": "https://nucleus.iaea.org/rrdb/", "retrieved": "2026-09-22"}], "coord_tier": null, "coord_source": null}}, {"type": "Feature", "geometry": null, "properties": {"id": "RRDB:US0241", "name": "L-47 Atomics International", "country": "United States of America", "stage": "reactor-research", "subtype": "HOMOG (L)", "city": "Los Angeles", "thermal_power_kw": "0.005", "status": "DECOMMISSIONED", "start": "1957-12-01", "prov": [{"tier": 1, "source": "IAEA Research Reactor Database export", "record": "US0241", "url": "https://nucleus.iaea.org/rrdb/", "retrieved": "2026-09-22"}], "coord_tier": null, "coord_source": null}}, {"type": "Feature", "geometry": null, "properties": {"id": "RRDB:US0242", "name": "L-77 Rockwell International", "country": "United States of America", "stage": "reactor-research", "subtype": "HOMOG (L)", "city": "Los Angeles", "thermal_power_kw": "0.01", "status": "DECOMMISSIONED", "start": "1958-05-17", "prov": [{"tier": 1, "source": "IAEA Research Reactor Database export", "record": "US0242", "url": "https://nucleus.iaea.org/rrdb/", "retrieved": "2026-09-22"}], "coord_tier": null, "coord_source": null}}, {"type": "Feature", "geometry": null, "properties": {"id": "RRDB:US0244", "name": "STIR Shield Test and Irradiation Reactor", "country": "United States of America", "stage": "reactor-research", "subtype": "POOL", "city": "Santa Susana, CA", "thermal_power_kw": "1000", "status": "DECOMMISSIONED", "start": "1964-08-01", "prov": [{"tier": 1, "source": "IAEA Research Reactor Database export", "record": "US0244", "url": "https://nucleus.iaea.org/rrdb/", "retrieved": "2026-09-22"}], "coord_tier": null, "coord_source": null}}, {"type": "Feature", "geometry": null, "properties": {"id": "RRDB:US0245", "name": "OMR Organic Moderated Reactor", "country": "United States of America", "stage": "reactor-research", "subtype": "CRIT ASSEMBLY", "city": "Simi Valley, CA", "thermal_power_kw": "0.001", "status": "DECOMMISSIONED", "start": "1958-07-01", "prov": [{"tier": 1, "source": "IAEA Research Reactor Database export", "record": "US0245", "url": "https://nucleus.iaea.org/rrdb/", "retrieved": "2026-09-22"}], "coord_tier": null, "coord_source": null}}, {"type": "Feature", "geometry": null, "properties": {"id": "RRDB:US0190", "name": "MCZPR Manhattan College", "country": "United States of America", "stage": "reactor-research", "subtype": "POOL", "city": "New York, NY", "thermal_power_kw": "0.001", "status": "DECOMMISSIONED", "start": "1964-03-24", "prov": [{"tier": 1, "source": "IAEA Research Reactor Database export", "record": "US0190", "url": "https://nucleus.iaea.org/rrdb/", "retrieved": "2026-09-22"}], "coord_tier": null, "coord_source": null}}, {"type": "Feature", "geometry": null, "properties": {"id": "RRDB:US0240", "name": "KEWB Kinetic Experiment", "country": "United States of America", "stage": "reactor-research", "subtype": "HOMOG (L)", "city": "Santa Susana, CA", "thermal_power_kw": "50", "status": "DECOMMISSIONED", "start": "1956-07-01", "prov": [{"tier": 1, "source": "IAEA Research Reactor Database export", "record": "US0240", "url": "https://nucleus.iaea.org/rrdb/", "retrieved": "2026-09-22"}], "coord_tier": null, "coord_source": null}}, {"type": "Feature", "geometry": null, "properties": {"id": "RRDB:US0189", "name": "BMRC SUNY at Buffalo", "country": "United States of America", "stage": "reactor-research", "subtype": "POOL, PULSTAR", "city": "Buffalo, NY", "thermal_power_kw": "2000", "status": "UNDER DECOMMISSIONING", "start": "1964-06-22", "prov": [{"tier": 1, "source": "IAEA Research Reactor Database export", "record": "US0189", "url": "https://nucleus.iaea.org/rrdb/", "retrieved": "2026-09-22"}], "coord_tier": null, "coord_source": null}}, {"type": "Feature", "geometry": null, "properties": {"id": "RRDB:US0191", "name": "AGN-201 Texas A&M Univ.", "country": "United States of America", "stage": "reactor-research", "subtype": "HOMOG (S)", "city": "College Station, TX", "thermal_power_kw": "0.005", "status": "OPERATIONAL", "start": "1957-01-01", "prov": [{"tier": 1, "source": "IAEA Research Reactor Database export", "record": "US0191", "url": "https://nucleus.iaea.org/rrdb/", "retrieved": "2026-09-22"}], "coord_tier": null, "coord_source": null}}, {"type": "Feature", "geometry": null, "properties": {"id": "RRDB:US0188", "name": "UC Irvine TRIGA", "country": "United States of America", "stage": "reactor-research", "subtype": "TRIGA MARK I", "city": "Irvine, CA", "thermal_power_kw": "250", "status": "OPERATIONAL", "start": "1969-11-25", "prov": [{"tier": 1, "source": "IAEA Research Reactor Database export", "record": "US0188", "url": "https://nucleus.iaea.org/rrdb/", "retrieved": "2026-09-22"}], "coord_tier": null, "coord_source": null}}, {"type": "Feature", "geometry": null, "properties": {"id": "RRDB:US0185", "name": "AFRRI TRIGA", "country": "United States of America", "stage": "reactor-research", "subtype": "TRIGA MARK F", "city": "Bethesda, MD", "thermal_power_kw": "1000", "status": "OPERATIONAL", "start": "1962-01-01", "prov": [{"tier": 1, "source": "IAEA Research Reactor Database export", "record": "US0185", "url": "https://nucleus.iaea.org/rrdb/", "retrieved": "2026-09-22"}], "coord_tier": null, "coord_source": null}}, {"type": "Feature", "geometry": null, "properties": {"id": "RRDB:US0186", "name": "Univ. Arizona TRIGA", "country": "United States of America", "stage": "reactor-research", "subtype": "TRIGA MARK I", "city": "Tucson, AZ", "thermal_power_kw": "100", "status": "DECOMMISSIONED", "start": "1958-12-06", "prov": [{"tier": 1, "source": "IAEA Research Reactor Database export", "record": "US0186", "url": "https://nucleus.iaea.org/rrdb/", "retrieved": "2026-09-22"}], "coord_tier": null, "coord_source": null}}, {"type": "Feature", "geometry": null, "properties": {"id": "RRDB:US0187", "name": "BRR UC Berkeley", "country": "United States of America", "stage": "reactor-research", "subtype": "TRIGA MARK III", "city": "Berkeley, CA", "thermal_power_kw": "1000", "status": "DECOMMISSIONED", "start": "1966-08-10", "prov": [{"tier": 1, "source": "IAEA Research Reactor Database export", "record": "US0187", "url": "https://nucleus.iaea.org/rrdb/", "retrieved": "2026-09-22"}], "coord_tier": null, "coord_source": null}}, {"type": "Feature", "geometry": null, "properties": {"id": "RRDB:US0183", "name": "Veterans Affairs RR", "country": "United States of America", "stage": "reactor-research", "subtype": "TRIGA MARK I", "city": "Omaha, NE", "thermal_power_kw": "20", "status": "DECOMMISSIONED", "start": "1959-06-26", "prov": [{"tier": 1, "source": "IAEA Research Reactor Database export", "record": "US0183", "url": "https://nucleus.iaea.org/rrdb/", "retrieved": "2026-09-22"}], "coord_tier": null, "coord_source": null}}, {"type": "Feature", "geometry": null, "properties": {"id": "RRDB:US0184", "name": "APRFR Army Pulse Radiation", "country": "United States of America", "stage": "reactor-research", "subtype": "FAST BURST", "city": "Aberdeen, MD", "thermal_power_kw": "10", "status": "DECOMMISSIONED", "start": "1968-01-01", "prov": [{"tier": 1, "source": "IAEA Research Reactor Database export", "record": "US0184", "url": "https://nucleus.iaea.org/rrdb/", "retrieved": "2026-09-22"}], "coord_tier": null, "coord_source": null}}, {"type": "Feature", "geometry": null, "properties": {"id": "RRDB:US0181", "name": "Cintichem Nuclear Reactor", "country": "United States of America", "stage": "reactor-research", "subtype": "POOL", "city": "Tuxedo, NY", "thermal_power_kw": "5000", "status": "DECOMMISSIONED", "start": "1961-09-08", "prov": [{"tier": 1, "source": "IAEA Research Reactor Database export", "record": "US0181", "url": "https://nucleus.iaea.org/rrdb/", "retrieved": "2026-09-22"}], "coord_tier": null, "coord_source": null}}, {"type": "Feature", "geometry": null, "properties": {"id": "RRDB:US0182", "name": "GSTR US Geological Survey", "country": "United States of America", "stage": "reactor-research", "subtype": "TRIGA MARK I", "city": "Denver", "thermal_power_kw": "1000", "status": "OPERATIONAL", "start": "1969-02-26", "prov": [{"tier": 1, "source": "IAEA Research Reactor Database export", "record": "US0182", "url": "https://nucleus.iaea.org/rrdb/", "retrieved": "2026-09-22"}], "coord_tier": null, "coord_source": null}}, {"type": "Feature", "geometry": null, "properties": {"id": "RRDB:US0223", "name": "TRIGA Mark II", "country": "United States of America", "stage": "reactor-research", "subtype": "TRIGA MARK II", "city": "San Diego, CA", "thermal_power_kw": "50", "status": "DECOMMISSIONED", "start": "1959-12-11", "prov": [{"tier": 1, "source": "IAEA Research Reactor Database export", "record": "US0223", "url": "https://nucleus.iaea.org/rrdb/", "retrieved": "2026-09-22"}], "coord_tier": null, "coord_source": null}}, {"type": "Feature", "geometry": null, "properties": {"id": "RRDB:US0159", "name": "RINSC Rhode Island NSC", "country": "United States of America", "stage": "reactor-research", "subtype": "POOL", "city": "Narragansett, RI", "thermal_power_kw": "2000", "status": "OPERATIONAL", "start": "1964-07-28", "prov": [{"tier": 1, "source": "IAEA Research Reactor Database export", "record": "US0159", "url": "https://nucleus.iaea.org/rrdb/", "retrieved": "2026-09-22"}], "coord_tier": null, "coord_source": null}}, {"type": "Feature", "geometry": null, "properties": {"id": "RRDB:US0160", "name": "AGN-211 Rice Univ.", "country": "United States of America", "stage": "reactor-research", "subtype": "HOMOG (S)", "city": "Houston, TX", "thermal_power_kw": "0.005", "status": "DECOMMISSIONED", "start": "1959-01-01", "prov": [{"tier": 1, "source": "IAEA Research Reactor Database export", "record": "US0160", "url": "https://nucleus.iaea.org/rrdb/", "retrieved": "2026-09-22"}], "coord_tier": null, "coord_source": null}}, {"type": "Feature", "geometry": null, "properties": {"id": "RRDB:US0161", "name": "SPR Stanford Univ.", "country": "United States of America", "stage": "reactor-research", "subtype": "POOL", "city": "Palo Alto, CA", "thermal_power_kw": "10", "status": "DECOMMISSIONED", "start": "1959-12-01", "prov": [{"tier": 1, "source": "IAEA Research Reactor Database export", "record": "US0161", "url": "https://nucleus.iaea.org/rrdb/", "retrieved": "2026-09-22"}], "coord_tier": null, "coord_source": null}}, {"type": "Feature", "geometry": null, "properties": {"id": "RRDB:US0154", "name": "L-77 Univ. Puerto Rico", "country": "United States of America", "stage": "reactor-research", "subtype": "HOMOG (L)", "city": "Mayagüez, Puerto Rico", "thermal_power_kw": "10", "status": "DECOMMISSIONED", "start": "1959-08-01", "prov": [{"tier": 1, "source": "IAEA Research Reactor Database export", "record": "US0154", "url": "https://nucleus.iaea.org/rrdb/", "retrieved": "2026-09-22"}], "coord_tier": null, "coord_source": null}}, {"type": "Feature", "geometry": null, "properties": {"id": "RRDB:US0155", "name": "TRIGA Puerto Rico Nuclear Center", "country": "United States of America", "stage": "reactor-research", "subtype": "TRIGA CONV", "city": "Mayagüez, Puerto Rico", "thermal_power_kw": "2000", "status": "DECOMMISSIONED", "start": "1972-01-19", "prov": [{"tier": 1, "source": "IAEA Research Reactor Database export", "record": "US0155", "url": "https://nucleus.iaea.org/rrdb/", "retrieved": "2026-09-22"}], "coord_tier": null, "coord_source": null}}, {"type": "Feature", "geometry": null, "properties": {"id": "RRDB:US0156", "name": "PUR-1 Purdue Univ.", "country": "United States of America", "stage": "reactor-research", "subtype": "POOL", "city": "West Lafayette, IN", "thermal_power_kw": "1", "status": "OPERATIONAL", "start": "1962-01-01", "prov": [{"tier": 1, "source": "IAEA Research Reactor Database export", "record": "US0156", "url": "https://nucleus.iaea.org/rrdb/", "retrieved": "2026-09-22"}], "coord_tier": null, "coord_source": null}}, {"type": "Feature", "geometry": null, "properties": {"id": "RRDB:US0157", "name": "RRR Reed College", "country": "United States of America", "stage": "reactor-research", "subtype": "TRIGA MARK I", "city": "Portland, OR", "thermal_power_kw": "250", "status": "OPERATIONAL", "start": "1968-07-02", "prov": [{"tier": 1, "source": "IAEA Research Reactor Database export", "record": "US0157", "url": "https://nucleus.iaea.org/rrdb/", "retrieved": "2026-09-22"}], "coord_tier": null, "coord_source": null}}, {"type": "Feature", "geometry": null, "properties": {"id": "RRDB:US0158", "name": "WRCF Rensselaer Polytechnic", "country": "United States of America", "stage": "reactor-research", "subtype": "CRIT ASSEMBLY", "city": "Schenectady, NY", "thermal_power_kw": "0.1", "status": "OPERATIONAL", "start": "1956-08-26", "prov": [{"tier": 1, "source": "IAEA Research Reactor Database export", "record": "US0158", "url": "https://nucleus.iaea.org/rrdb/", "retrieved": "2026-09-22"}], "coord_tier": null, "coord_source": null}}, {"type": "Feature", "geometry": null, "properties": {"id": "RRDB:US0152", "name": "PSBR Penn St. Unv.", "country": "United States of America", "stage": "reactor-research", "subtype": "TRIGA MARK CONV", "city": "State College, PA", "thermal_power_kw": "1000", "status": "OPERATIONAL", "start": "1955-08-15", "prov": [{"tier": 1, "source": "IAEA Research Reactor Database export", "record": "US0152", "url": "https://nucleus.iaea.org/rrdb/", "retrieved": "2026-09-22"}], "coord_tier": null, "coord_source": null}}, {"type": "Feature", "geometry": null, "properties": {"id": "RRDB:US0153", "name": "AGN-201 Polytechnic Inst. of New York", "country": "United States of America", "stage": "reactor-research", "subtype": "HOMOG (S)", "city": "New York, NY", "thermal_power_kw": "0.001", "status": "DECOMMISSIONED", "start": "1968-06-20", "prov": [{"tier": 1, "source": "IAEA Research Reactor Database export", "record": "US0153", "url": "https://nucleus.iaea.org/rrdb/", "retrieved": "2026-09-22"}], "coord_tier": null, "coord_source": null}}, {"type": "Feature", "geometry": null, "properties": {"id": "RRDB:US0150", "name": "TRIGA Cornell Univ", "country": "United States of America", "stage": "reactor-research", "subtype": "TRIGA MARK II", "city": "Ithaca, NY", "thermal_power_kw": "500", "status": "DECOMMISSIONED", "start": "1962-01-01", "prov": [{"tier": 1, "source": "IAEA Research Reactor Database export", "record": "US0150", "url": "https://nucleus.iaea.org/rrdb/", "retrieved": "2026-09-22"}], "coord_tier": null, "coord_source": null}}, {"type": "Feature", "geometry": null, "properties": {"id": "RRDB:US0149", "name": "ZPR Cornell Zero Power", "country": "United States of America", "stage": "reactor-research", "subtype": "TANK", "city": "Ithaca, NY", "thermal_power_kw": "0.1", "status": "DECOMMISSIONED", "start": "1962-01-01", "prov": [{"tier": 1, "source": "IAEA Research Reactor Database export", "record": "US0149", "url": "https://nucleus.iaea.org/rrdb/", "retrieved": "2026-09-22"}], "coord_tier": null, "coord_source": null}}, {"type": "Feature", "geometry": null, "properties": {"id": "RRDB:US0144", "name": "AGN-201 Cal Poly State Univ", "country": "United States of America", "stage": "reactor-research", "subtype": "HOMOG (S)", "city": "San Luis Obispo, CA", "thermal_power_kw": "0.001", "status": "DECOMMISSIONED", "start": "1973-01-01", "prov": [{"tier": 1, "source": "IAEA Research Reactor Database export", "record": "US0144", "url": "https://nucleus.iaea.org/rrdb/", "retrieved": "2026-09-22"}], "coord_tier": null, "coord_source": null}}, {"type": "Feature", "geometry": null, "properties": {"id": "RRDB:US0145", "name": "AGN-201 Catholic Univ", "country": "United States of America", "stage": "reactor-research", "subtype": "HOMOG (S)", "city": "Washington, D.C.", "thermal_power_kw": "0.001", "status": "DECOMMISSIONED", "start": "1957-11-20", "prov": [{"tier": 1, "source": "IAEA Research Reactor Database export", "record": "US0145", "url": "https://nucleus.iaea.org/rrdb/", "retrieved": "2026-09-22"}], "coord_tier": null, "coord_source": null}}, {"type": "Feature", "geometry": null, "properties": {"id": "RRDB:US0147", "name": "AGN-201 Oregon State Univ.", "country": "United States of America", "stage": "reactor-research", "subtype": "HOMOG (S)", "city": "Corvallis, OR", "thermal_power_kw": "0.001", "status": "DECOMMISSIONED", "start": "1959-01-28", "prov": [{"tier": 1, "source": "IAEA Research Reactor Database export", "record": "US0147", "url": "https://nucleus.iaea.org/rrdb/", "retrieved": "2026-09-22"}], "coord_tier": null, "coord_source": null}}, {"type": "Feature", "geometry": null, "properties": {"id": "RRDB:US0146", "name": "AGN-201 Tuskegee Inst.", "country": "United States of America", "stage": "reactor-research", "subtype": "HOMOG (S)", "city": "Tuskegee, AL", "thermal_power_kw": "0.001", "status": "DECOMMISSIONED", "start": "1957-01-01", "prov": [{"tier": 1, "source": "IAEA Research Reactor Database export", "record": "US0146", "url": "https://nucleus.iaea.org/rrdb/", "retrieved": "2026-09-22"}], "coord_tier": null, "coord_source": null}}, {"type": "Feature", "geometry": null, "properties": {"id": "RRDB:US0128", "name": "IRL", "country": "United States of America", "stage": "reactor-research", "subtype": "POOL", "city": "Plainsboro, NJ", "thermal_power_kw": "5000", "status": "DECOMMISSIONED", "start": "1958-12-01", "prov": [{"tier": 1, "source": "IAEA Research Reactor Database export", "record": "US0128", "url": "https://nucleus.iaea.org/rrdb/", "retrieved": "2026-09-22"}], "coord_tier": null, "coord_source": null}}, {"type": "Feature", "geometry": null, "properties": {"id": "RRDB:US0035", "name": "Bettis TRX CA", "country": "United States of America", "stage": "reactor-research", "subtype": "CRIT ASSEMBLY", "city": "West Mifflin, PA", "thermal_power_kw": "0.01", "status": "DECOMMISSIONED", "start": "1953-01-01", "prov": [{"tier": 1, "source": "IAEA Research Reactor Database export", "record": "US0035", "url": "https://nucleus.iaea.org/rrdb/", "retrieved": "2026-09-22"}], "coord_tier": null, "coord_source": null}}, {"type": "Feature", "geometry": null, "properties": {"id": "RRDB:US0037", "name": "HTTF Critical Assembly", "country": "United States of America", "stage": "reactor-research", "subtype": "CRIT ASSEMBLY", "city": "West Mifflin, PA", "thermal_power_kw": "0.001", "status": "DECOMMISSIONED", "start": "1959-01-01", "prov": [{"tier": 1, "source": "IAEA Research Reactor Database export", "record": "US0037", "url": "https://nucleus.iaea.org/rrdb/", "retrieved": "2026-09-22"}], "coord_tier": null, "coord_source": null}}, {"type": "Feature", "geometry": null, "properties": {"id": "RRDB:US0054", "name": "GETR General Electric Test Reactor", "country": "United States of America", "stage": "reactor-research", "subtype": "TANK", "city": "Pleasanton, CA", "thermal_power_kw": "50000", "status": "PERMANENT SHUTDOWN", "start": "1958-12-01", "prov": [{"tier": 1, "source": "IAEA Research Reactor Database export", "record": "US0054", "url": "https://nucleus.iaea.org/rrdb/", "retrieved": "2026-09-22"}], "coord_tier": null, "coord_source": null}}, {"type": "Feature", "geometry": null, "properties": {"id": "RRDB:US0055", "name": "EVESR Superheat Reactor", "country": "United States of America", "stage": "reactor-research", "subtype": "BWR-PROTOTYPE", "city": "Pleasanton, CA", "thermal_power_kw": "17000", "status": "UNDER DECOMMISSIONING", "start": "1963-07-01", "prov": [{"tier": 1, "source": "IAEA Research Reactor Database export", "record": "US0055", "url": "https://nucleus.iaea.org/rrdb/", "retrieved": "2026-09-22"}], "coord_tier": null, "coord_source": null}}, {"type": "Feature", "geometry": null, "properties": {"id": "RRDB:US0053", "name": "Mixed Spectrum Superheat Crit Assembly", "country": "United States of America", "stage": "reactor-research", "subtype": "CRIT ASSEMBLY", "city": "Pleasanton, CA", "thermal_power_kw": "0.001", "status": "DECOMMISSIONED", "start": "1957-01-01", "prov": [{"tier": 1, "source": "IAEA Research Reactor Database export", "record": "US0053", "url": "https://nucleus.iaea.org/rrdb/", "retrieved": "2026-09-22"}], "coord_tier": null, "coord_source": null}}, {"type": "Feature", "geometry": null, "properties": {"id": "RRDB:US0096", "name": "AGN-201 Georgia Tech", "country": "United States of America", "stage": "reactor-research", "subtype": "HOMOG (S)", "city": "Atlanta, GA", "thermal_power_kw": "0.001", "status": "DECOMMISSIONED", "start": "1964-12-31", "prov": [{"tier": 1, "source": "IAEA Research Reactor Database export", "record": "US0096", "url": "https://nucleus.iaea.org/rrdb/", "retrieved": "2026-09-22"}], "coord_tier": null, "coord_source": null}}, {"type": "Feature", "geometry": null, "properties": {"id": "RRDB:US0097", "name": "GTRR Georgia Tech", "country": "United States of America", "stage": "reactor-research", "subtype": "TANK", "city": "Atlanta, GA", "thermal_power_kw": "5000", "status": "DECOMMISSIONED", "start": "1964-12-31", "prov": [{"tier": 1, "source": "IAEA Research Reactor Database export", "record": "US0097", "url": "https://nucleus.iaea.org/rrdb/", "retrieved": "2026-09-22"}], "coord_tier": null, "coord_source": null}}, {"type": "Feature", "geometry": null, "properties": {"id": "RRDB:US0095", "name": "ALRR Ames Laboratory", "country": "United States of America", "stage": "reactor-research", "subtype": "HEAVY WATER", "city": "Ames, IA", "thermal_power_kw": "5000", "status": "DECOMMISSIONED", "start": "1965-02-01", "prov": [{"tier": 1, "source": "IAEA Research Reactor Database export", "record": "US0095", "url": "https://nucleus.iaea.org/rrdb/", "retrieved": "2026-09-22"}], "coord_tier": null, "coord_source": null}}, {"type": "Feature", "geometry": null, "properties": {"id": "RRDB:US0269", "name": "Super Kukla", "country": "United States of America", "stage": "reactor-research", "subtype": "PROMPT BURST", "city": "Las Vegas, NV", "thermal_power_kw": "0.001", "status": "DECOMMISSIONED", "start": "1964-01-01", "prov": [{"tier": 1, "source": "IAEA Research Reactor Database export", "record": "US0269", "url": "https://nucleus.iaea.org/rrdb/", "retrieved": "2026-09-22"}], "coord_tier": null, "coord_source": null}}, {"type": "Feature", "geometry": null, "properties": {"id": "RRDB:US0271", "name": "SKUA Fast Burst", "country": "United States of America", "stage": "reactor-research", "subtype": "FAST BURST", "city": "Las Vegas, NV", "thermal_power_kw": "1", "status": "PERMANENT SHUTDOWN", "start": "1978-01-01", "prov": [{"tier": 1, "source": "IAEA Research Reactor Database export", "record": "US0271", "url": "https://nucleus.iaea.org/rrdb/", "retrieved": "2026-09-22"}], "coord_tier": null, "coord_source": null}}, {"type": "Feature", "geometry": null, "properties": {"id": "RRDB:US0272", "name": "TACS Training Assembly Crit Safety", "country": "United States of America", "stage": "reactor-research", "subtype": "CRIT ASSEMBLY", "city": "Las Vegas, NV", "thermal_power_kw": "0", "status": "OPERATIONAL", "start": "1979-08-30", "prov": [{"tier": 1, "source": "IAEA Research Reactor Database export", "record": "US0272", "url": "https://nucleus.iaea.org/rrdb/", "retrieved": "2026-09-22"}], "coord_tier": null, "coord_source": null}}, {"type": "Feature", "geometry": null, "properties": {"id": "RRDB:US0270", "name": "Little Eva", "country": "United States of America", "stage": "reactor-research", "subtype": "CRIT FAST", "city": "Las Vegas, NV", "thermal_power_kw": "0", "status": "DECOMMISSIONED", "start": "1952-01-01", "prov": [{"tier": 1, "source": "IAEA Research Reactor Database export", "record": "US0270", "url": "https://nucleus.iaea.org/rrdb/", "retrieved": "2026-09-22"}], "coord_tier": null, "coord_source": null}}, {"type": "Feature", "geometry": null, "properties": {"id": "RRDB:US0216", "name": "BYU L-77 Brigham Young Univ", "country": "United States of America", "stage": "reactor-research", "subtype": "HOMOG (L)", "city": "Provo, UT", "thermal_power_kw": "0.001", "status": "DECOMMISSIONED", "start": "1967-09-01", "prov": [{"tier": 1, "source": "IAEA Research Reactor Database export", "record": "US0216", "url": "https://nucleus.iaea.org/rrdb/", "retrieved": "2026-09-22"}], "coord_tier": null, "coord_source": null}}, {"type": "Feature", "geometry": null, "properties": {"id": "RRDB:US0120", "name": "KSU TRIGA Mark II", "country": "United States of America", "stage": "reactor-research", "subtype": "TRIGA MARK II", "city": "Manhattan, KN", "thermal_power_kw": "250", "status": "OPERATIONAL", "start": "1962-10-16", "prov": [{"tier": 1, "source": "IAEA Research Reactor Database export", "record": "US0120", "url": "https://nucleus.iaea.org/rrdb/", "retrieved": "2026-09-22"}], "coord_tier": null, "coord_source": null}}, {"type": "Feature", "geometry": null, "properties": {"id": "RRDB:US0217", "name": "L-77 Univ. Wyoming", "country": "United States of America", "stage": "reactor-research", "subtype": "HOMOG (L)", "city": "Laramie, WY", "thermal_power_kw": "0.01", "status": "DECOMMISSIONED", "start": "1959-02-01", "prov": [{"tier": 1, "source": "IAEA Research Reactor Database export", "record": "US0217", "url": "https://nucleus.iaea.org/rrdb/", "retrieved": "2026-09-22"}], "coord_tier": null, "coord_source": null}}, {"type": "Feature", "geometry": null, "properties": {"id": "RRDB:US0218", "name": "AGN-211 West Virginia Univ.", "country": "United States of America", "stage": "reactor-research", "subtype": "HOMOG (S)", "city": "Morgantown, WV", "thermal_power_kw": "0.075", "status": "DECOMMISSIONED", "start": "1959-01-01", "prov": [{"tier": 1, "source": "IAEA Research Reactor Database export", "record": "US0218", "url": "https://nucleus.iaea.org/rrdb/", "retrieved": "2026-09-22"}], "coord_tier": null, "coord_source": null}}, {"type": "Feature", "geometry": null, "properties": {"id": "RRDB:US0219", "name": "LCWNR Worcester Polytechnic Inst.", "country": "United States of America", "stage": "reactor-research", "subtype": "POOL", "city": "Worcester, MA", "thermal_power_kw": "10", "status": "DECOMMISSIONED", "start": "1959-12-18", "prov": [{"tier": 1, "source": "IAEA Research Reactor Database export", "record": "US0219", "url": "https://nucleus.iaea.org/rrdb/", "retrieved": "2026-09-22"}], "coord_tier": null, "coord_source": null}}, {"type": "Feature", "geometry": null, "properties": {"id": "RRDB:US0220", "name": "UT TRIGA Univ. Texas", "country": "United States of America", "stage": "reactor-research", "subtype": "TRIGA MARK I", "city": "Austin, TX", "thermal_power_kw": "250", "status": "DECOMMISSIONED", "start": "1963-01-01", "prov": [{"tier": 1, "source": "IAEA Research Reactor Database export", "record": "US0220", "url": "https://nucleus.iaea.org/rrdb/", "retrieved": "2026-09-22"}], "coord_tier": null, "coord_source": null}}, {"type": "Feature", "geometry": null, "properties": {"id": "RRDB:US0209", "name": "UTR-10  Iowa State Univ.", "country": "United States of America", "stage": "reactor-research", "subtype": "ARGONAUT", "city": "Ames, IA", "thermal_power_kw": "10", "status": "DECOMMISSIONED", "start": "1959-10-01", "prov": [{"tier": 1, "source": "IAEA Research Reactor Database export", "record": "US0209", "url": "https://nucleus.iaea.org/rrdb/", "retrieved": "2026-09-22"}], "coord_tier": null, "coord_source": null}}, {"type": "Feature", "geometry": null, "properties": {"id": "RRDB:US0221", "name": "TRIGA II Univ. Texas", "country": "United States of America", "stage": "reactor-research", "subtype": "TRIGA MARK II", "city": "Austin, TX", "thermal_power_kw": "1100", "status": "OPERATIONAL", "start": "1992-03-12", "prov": [{"tier": 1, "source": "IAEA Research Reactor Database export", "record": "US0221", "url": "https://nucleus.iaea.org/rrdb/", "retrieved": "2026-09-22"}], "coord_tier": null, "coord_source": null}}, {"type": "Feature", "geometry": null, "properties": {"id": "RRDB:US0222", "name": "UC Davis/McClellan TRIGA", "country": "United States of America", "stage": "reactor-research", "subtype": "TRIGA MARK II", "city": "Sacramento, CA", "thermal_power_kw": "2000", "status": "OPERATIONAL", "start": "1990-01-20", "prov": [{"tier": 1, "source": "IAEA Research Reactor Database export", "record": "US0222", "url": "https://nucleus.iaea.org/rrdb/", "retrieved": "2026-09-22"}], "coord_tier": null, "coord_source": null}}, {"type": "Feature", "geometry": null, "properties": {"id": "RRDB:US0230", "name": "BORAX-1", "country": "United States of America", "stage": "reactor-research", "subtype": "EXPERIMENTAL", "city": "Idaho Falls, ID", "thermal_power_kw": "1400", "status": "DECOMMISSIONED", "start": "1953-07-01", "prov": [{"tier": 1, "source": "IAEA Research Reactor Database export", "record": "US0230", "url": "https://nucleus.iaea.org/rrdb/", "retrieved": "2026-09-22"}], "coord_tier": null, "coord_source": null}}, {"type": "Feature", "geometry": null, "properties": {"id": "RRDB:US0231", "name": "BORAX-5", "country": "United States of America", "stage": "reactor-research", "subtype": "EXPERIMENTAL", "city": "Idaho Falls, ID", "thermal_power_kw": "20000", "status": "DECOMMISSIONED", "start": "1962-02-09", "prov": [{"tier": 1, "source": "IAEA Research Reactor Database export", "record": "US0231", "url": "https://nucleus.iaea.org/rrdb/", "retrieved": "2026-09-22"}], "coord_tier": null, "coord_source": null}}, {"type": "Feature", "geometry": null, "properties": {"id": "RRDB:US0232", "name": "BORAX-2;-3;-4", "country": "United States of America", "stage": "reactor-research", "subtype": "EXPERIMENTAL", "city": "Idaho Falls, ID", "thermal_power_kw": "20000", "status": "DECOMMISSIONED", "start": "1954-10-01", "prov": [{"tier": 1, "source": "IAEA Research Reactor Database export", "record": "US0232", "url": "https://nucleus.iaea.org/rrdb/", "retrieved": "2026-09-22"}], "coord_tier": null, "coord_source": null}}, {"type": "Feature", "geometry": null, "properties": {"id": "RRDB:US0246", "name": "SEFOR Southwest Exp Fast Oxide Rx", "country": "United States of America", "stage": "reactor-research", "subtype": "FAST BREEDER", "city": "West Fork, AR", "thermal_power_kw": "20000", "status": "UNDER DECOMMISSIONING", "start": "1969-01-01", "prov": [{"tier": 1, "source": "IAEA Research Reactor Database export", "record": "US0246", "url": "https://nucleus.iaea.org/rrdb/", "retrieved": "2026-09-22"}], "coord_tier": null, "coord_source": null}}, {"type": "Feature", "geometry": null, "properties": {"id": "RRDB:US0051", "name": "Allis-Chalmers Critical Facility", "country": "United States of America", "stage": "reactor-research", "subtype": "CRIT ASSEMBLY", "city": "Milwaukee, WI", "thermal_power_kw": "0.001", "status": "DECOMMISSIONED", "start": "1959-01-01", "prov": [{"tier": 1, "source": "IAEA Research Reactor Database export", "record": "US0051", "url": "https://nucleus.iaea.org/rrdb/", "retrieved": "2026-09-22"}], "coord_tier": null, "coord_source": null}}, {"type": "Feature", "geometry": null, "properties": {"id": "RRDB:US0235", "name": "S5G Submarine Prototype", "country": "United States of America", "stage": "reactor-research", "subtype": "PWR PROPULSION", "city": "Idaho Falls, ID", "thermal_power_kw": "90", "status": "PERMANENT SHUTDOWN", "start": "1965-09-01", "prov": [{"tier": 1, "source": "IAEA Research Reactor Database export", "record": "US0235", "url": "https://nucleus.iaea.org/rrdb/", "retrieved": "2026-09-22"}], "coord_tier": null, "coord_source": null}}, {"type": "Feature", "geometry": null, "properties": {"id": "RRDB:US0234", "name": "S1W Submarine Prototype", "country": "United States of America", "stage": "reactor-research", "subtype": "PWR", "city": "Idaho Falls, ID", "thermal_power_kw": "70", "status": "PERMANENT SHUTDOWN", "start": "1953-05-01", "prov": [{"tier": 1, "source": "IAEA Research Reactor Database export", "record": "US0234", "url": "https://nucleus.iaea.org/rrdb/", "retrieved": "2026-09-22"}], "coord_tier": null, "coord_source": null}}, {"type": "Feature", "geometry": null, "properties": {"id": "RRDB:US0233", "name": "EBOR Beryllium Oxide Reactor", "country": "United States of America", "stage": "reactor-research", "subtype": "GAS", "city": "Idaho Falls, ID", "thermal_power_kw": "10000", "status": "DECOMMISSIONED", "start": "NA", "prov": [{"tier": 1, "source": "IAEA Research Reactor Database export", "record": "US0233", "url": "https://nucleus.iaea.org/rrdb/", "retrieved": "2026-09-22"}], "coord_tier": null, "coord_source": null}}, {"type": "Feature", "geometry": null, "properties": {"id": "RRDB:US0258", "name": "DORF TRIGA Mark F", "country": "United States of America", "stage": "reactor-research", "subtype": "TRIGA MARK F", "city": "Silver Spring, MD", "thermal_power_kw": "250", "status": "DECOMMISSIONED", "start": "1961-09-01", "prov": [{"tier": 1, "source": "IAEA Research Reactor Database export", "record": "US0258", "url": "https://nucleus.iaea.org/rrdb/", "retrieved": "2026-09-22"}], "coord_tier": null, "coord_source": null}}, {"type": "Feature", "geometry": null, "properties": {"id": "RRDB:US0259", "name": "WRRR L-54 Walter Reed", "country": "United States of America", "stage": "reactor-research", "subtype": "HOMOG (L)", "city": "Washington, DC", "thermal_power_kw": "50", "status": "DECOMMISSIONED", "start": "1962-09-01", "prov": [{"tier": 1, "source": "IAEA Research Reactor Database export", "record": "US0259", "url": "https://nucleus.iaea.org/rrdb/", "retrieved": "2026-09-22"}], "coord_tier": null, "coord_source": null}}, {"type": "Feature", "geometry": null, "properties": {"id": "RRDB:DE0010", "name": "FRMZ", "country": "Germany", "stage": "reactor-research", "subtype": "TRIGA MARK II", "city": "Mainz", "thermal_power_kw": "100", "status": "OPERATIONAL", "start": "1965-08-03", "prov": [{"tier": 1, "source": "IAEA Research Reactor Database export", "record": "DE0010", "url": "https://nucleus.iaea.org/rrdb/", "retrieved": "2026-09-22"}], "coord_tier": null, "coord_source": null}}, {"type": "Feature", "geometry": null, "properties": {"id": "RRDB:CZ0003", "name": "LVR-15 Rež", "country": "Czech Republic", "stage": "reactor-research", "subtype": "TANK WWR", "city": "Rež", "thermal_power_kw": "10000", "status": "OPERATIONAL", "start": "1957-09-24", "prov": [{"tier": 1, "source": "IAEA Research Reactor Database export", "record": "CZ0003", "url": "https://nucleus.iaea.org/rrdb/", "retrieved": "2026-09-22"}], "coord_tier": null, "coord_source": null}}, {"type": "Feature", "geometry": null, "properties": {"id": "RRDB:US0123", "name": "TRIGA Mark I Michigan State Univ.", "country": "United States of America", "stage": "reactor-research", "subtype": "TRIGA MARK I", "city": "East Lansing, MI", "thermal_power_kw": "250", "status": "DECOMMISSIONED", "start": "1969-03-21", "prov": [{"tier": 1, "source": "IAEA Research Reactor Database export", "record": "US0123", "url": "https://nucleus.iaea.org/rrdb/", "retrieved": "2026-09-22"}], "coord_tier": null, "coord_source": null}}, {"type": "Feature", "geometry": null, "properties": {"id": "RRDB:US0122", "name": "MITR-II Masschusetts Inst. of Tech.", "country": "United States of America", "stage": "reactor-research", "subtype": "TANK", "city": "Boston", "thermal_power_kw": "6000", "status": "OPERATIONAL", "start": "1958-07-21", "prov": [{"tier": 1, "source": "IAEA Research Reactor Database export", "record": "US0122", "url": "https://nucleus.iaea.org/rrdb/", "retrieved": "2026-09-22"}], "coord_tier": null, "coord_source": null}}, {"type": "Feature", "geometry": null, "properties": {"id": "RRDB:US0129", "name": "RRR Raleigh Research Reactor", "country": "United States of America", "stage": "reactor-research", "subtype": "HOMOG (L)", "city": "Starkville, MS", "thermal_power_kw": "0.1", "status": "DECOMMISSIONED", "start": "1953-09-01", "prov": [{"tier": 1, "source": "IAEA Research Reactor Database export", "record": "US0129", "url": "https://nucleus.iaea.org/rrdb/", "retrieved": "2026-09-22"}], "coord_tier": null, "coord_source": null}}, {"type": "Feature", "geometry": null, "properties": {"id": "RRDB:US0119", "name": "Honeycomb", "country": "United States of America", "stage": "reactor-research", "subtype": "CRIT ASSEMBLY", "city": "Los Alamos, NM", "thermal_power_kw": "0.001", "status": "DECOMMISSIONED", "start": "1956-01-01", "prov": [{"tier": 1, "source": "IAEA Research Reactor Database export", "record": "US0119", "url": "https://nucleus.iaea.org/rrdb/", "retrieved": "2026-09-22"}], "coord_tier": null, "coord_source": null}}, {"type": "Feature", "geometry": null, "properties": {"id": "RRDB:US0288", "name": "MTS-626", "country": "United States of America", "stage": "reactor-research", "subtype": "PWR PROPULSION", "city": "Charleston, SC", "thermal_power_kw": "78000", "status": "OPERATIONAL", "start": "1963-04-27", "prov": [{"tier": 1, "source": "IAEA Research Reactor Database export", "record": "US0288", "url": "https://nucleus.iaea.org/rrdb/", "retrieved": "2026-09-22"}], "coord_tier": null, "coord_source": null}}, {"type": "Feature", "geometry": null, "properties": {"id": "RRDB:US0289", "name": "MTS-635", "country": "United States of America", "stage": "reactor-research", "subtype": "PWR PROPULSION", "city": "Charleston, SC", "thermal_power_kw": "78000", "status": "OPERATIONAL", "start": "1964-12-20", "prov": [{"tier": 1, "source": "IAEA Research Reactor Database export", "record": "US0289", "url": "https://nucleus.iaea.org/rrdb/", "retrieved": "2026-09-22"}], "coord_tier": null, "coord_source": null}}, {"type": "Feature", "geometry": null, "properties": {"id": "RRDB:US0109", "name": "Supercomet", "country": "United States of America", "stage": "reactor-research", "subtype": "CRIT ASSEMBLY", "city": "Los Alamos, NM", "thermal_power_kw": "0.5", "status": "DECOMMISSIONED", "start": "1963-01-01", "prov": [{"tier": 1, "source": "IAEA Research Reactor Database export", "record": "US0109", "url": "https://nucleus.iaea.org/rrdb/", "retrieved": "2026-09-22"}], "coord_tier": null, "coord_source": null}}, {"type": "Feature", "geometry": null, "properties": {"id": "RRDB:US0180", "name": "Dow TRIGA", "country": "United States of America", "stage": "reactor-research", "subtype": "TRIGA MARK I", "city": "Midland, MI", "thermal_power_kw": "300", "status": "OPERATIONAL", "start": "1967-07-06", "prov": [{"tier": 1, "source": "IAEA Research Reactor Database export", "record": "US0180", "url": "https://nucleus.iaea.org/rrdb/", "retrieved": "2026-09-22"}], "coord_tier": null, "coord_source": null}}, {"type": "Feature", "geometry": null, "properties": {"id": "RRDB:US0094", "name": "AGN-201 Idaho St. Univ.", "country": "United States of America", "stage": "reactor-research", "subtype": "HOMOG (S)", "city": "Pocatello, ID", "thermal_power_kw": "0.005", "status": "OPERATIONAL", "start": "1967-01-01", "prov": [{"tier": 1, "source": "IAEA Research Reactor Database export", "record": "US0094", "url": "https://nucleus.iaea.org/rrdb/", "retrieved": "2026-09-22"}], "coord_tier": null, "coord_source": null}}, {"type": "Feature", "geometry": null, "properties": {"id": "RRDB:US0102", "name": "Topsy", "country": "United States of America", "stage": "reactor-research", "subtype": "CRIT FAST", "city": "Los Alamos, NM", "thermal_power_kw": "0.6", "status": "DECOMMISSIONED", "start": "1948-10-01", "prov": [{"tier": 1, "source": "IAEA Research Reactor Database export", "record": "US0102", "url": "https://nucleus.iaea.org/rrdb/", "retrieved": "2026-09-22"}], "coord_tier": null, "coord_source": null}}, {"type": "Feature", "geometry": null, "properties": {"id": "RRDB:US0178", "name": "RER Radiation Effects Reactor", "country": "United States of America", "stage": "reactor-research", "subtype": "POOL", "city": "Dawsonville, GA", "thermal_power_kw": "3000", "status": "DECOMMISSIONED", "start": "1958-01-01", "prov": [{"tier": 1, "source": "IAEA Research Reactor Database export", "record": "US0178", "url": "https://nucleus.iaea.org/rrdb/", "retrieved": "2026-09-22"}], "coord_tier": null, "coord_source": null}}, {"type": "Feature", "geometry": null, "properties": {"id": "RRDB:US0093", "name": "A1W Prototype Reactor", "country": "United States of America", "stage": "reactor-research", "subtype": "PWR PROPULSION", "city": "Idaho Falls, ID", "thermal_power_kw": "0", "status": "PERMANENT SHUTDOWN", "start": "1958-10-01", "prov": [{"tier": 1, "source": "IAEA Research Reactor Database export", "record": "US0093", "url": "https://nucleus.iaea.org/rrdb/", "retrieved": "2026-09-22"}], "coord_tier": null, "coord_source": null}}, {"type": "Feature", "geometry": null, "properties": {"id": "RRDB:US0044", "name": "APFA-III Accel Pulsed Fast Crit Assem", "country": "United States of America", "stage": "reactor-research", "subtype": "CRIT FAST", "city": "San Diego, CA", "thermal_power_kw": "1", "status": "DECOMMISSIONED", "start": "1967-01-01", "prov": [{"tier": 1, "source": "IAEA Research Reactor Database export", "record": "US0044", "url": "https://nucleus.iaea.org/rrdb/", "retrieved": "2026-09-22"}], "coord_tier": null, "coord_source": null}}, {"type": "Feature", "geometry": null, "properties": {"id": "RRDB:US0043", "name": "APFA Accelerator Pulsed Fast Crit Assemb", "country": "United States of America", "stage": "reactor-research", "subtype": "FAST, PULSED", "city": "San Diego, CA", "thermal_power_kw": "0.5", "status": "DECOMMISSIONED", "start": "1961-01-01", "prov": [{"tier": 1, "source": "IAEA Research Reactor Database export", "record": "US0043", "url": "https://nucleus.iaea.org/rrdb/", "retrieved": "2026-09-22"}], "coord_tier": null, "coord_source": null}}, {"type": "Feature", "geometry": null, "properties": {"id": "RRDB:ID0003", "name": "RSG-GAS", "country": "Indonesia", "stage": "reactor-research", "subtype": "POOL, MTR", "city": "Serpong", "thermal_power_kw": "30000", "status": "OPERATIONAL", "start": "1987-07-29", "prov": [{"tier": 1, "source": "IAEA Research Reactor Database export", "record": "ID0003", "url": "https://nucleus.iaea.org/rrdb/", "retrieved": "2026-09-22"}], "coord_tier": null, "coord_source": null}}, {"type": "Feature", "geometry": null, "properties": {"id": "RRDB:JP0010", "name": "Toshiba NCA", "country": "Japan", "stage": "reactor-research", "subtype": "CRIT ASSEMBLY", "city": "Kawasaki", "thermal_power_kw": "0.2", "status": "TEMPORARY SHUTDOWN", "start": "1963-12-11", "prov": [{"tier": 1, "source": "IAEA Research Reactor Database export", "record": "JP0010", "url": "https://nucleus.iaea.org/rrdb/", "retrieved": "2026-09-22"}], "coord_tier": null, "coord_source": null}}, {"type": "Feature", "geometry": null, "properties": {"id": "RRDB:JP0012", "name": "JRR-4", "country": "Japan", "stage": "reactor-research", "subtype": "POOL", "city": "Tokai Mura", "thermal_power_kw": "3500", "status": "UNDER DECOMMISSIONING", "start": "1965-01-28", "prov": [{"tier": 1, "source": "IAEA Research Reactor Database export", "record": "JP0012", "url": "https://nucleus.iaea.org/rrdb/", "retrieved": "2026-09-22"}], "coord_tier": null, "coord_source": null}}, {"type": "Feature", "geometry": null, "properties": {"id": "RRDB:JP0011", "name": "KUR", "country": "Japan", "stage": "reactor-research", "subtype": "TANK", "city": "Osaka", "thermal_power_kw": "5000", "status": "OPERATIONAL", "start": "1964-06-25", "prov": [{"tier": 1, "source": "IAEA Research Reactor Database export", "record": "JP0011", "url": "https://nucleus.iaea.org/rrdb/", "retrieved": "2026-09-22"}], "coord_tier": null, "coord_source": null}}, {"type": "Feature", "geometry": null, "properties": {"id": "RRDB:JP0018", "name": "KUCA", "country": "Japan", "stage": "reactor-research", "subtype": "CRIT ASSEMBLY", "city": "Osaka", "thermal_power_kw": "0.1", "status": "OPERATIONAL", "start": "1974-08-06", "prov": [{"tier": 1, "source": "IAEA Research Reactor Database export", "record": "JP0018", "url": "https://nucleus.iaea.org/rrdb/", "retrieved": "2026-09-22"}], "coord_tier": null, "coord_source": null}}, {"type": "Feature", "geometry": {"type": "Point", "coordinates": [140.54744, 36.26633]}, "properties": {"id": "RRDB:JP0023", "name": "HTTR", "country": "Japan", "stage": "reactor-research", "subtype": "HIGH TEMP GAS", "city": "Oarai", "thermal_power_kw": "30000", "status": "OPERATIONAL", "start": "1998-10-11", "prov": [{"tier": 1, "source": "IAEA Research Reactor Database export", "record": "JP0023", "url": "https://nucleus.iaea.org/rrdb/", "retrieved": "2026-09-22"}], "coord_tier": 3, "coord_source": "wikidata Q5636149"}}, {"type": "Feature", "geometry": null, "properties": {"id": "RRDB:US0307", "name": "Plutonium Recycle Test Reactor", "country": "United States of America", "stage": "reactor-research", "subtype": "HEAVY WATER", "city": "Richland, WA", "thermal_power_kw": "85000", "status": "DECOMMISSIONED", "start": "1960-01-01", "prov": [{"tier": 1, "source": "IAEA Research Reactor Database export", "record": "US0307", "url": "https://nucleus.iaea.org/rrdb/", "retrieved": "2026-09-22"}], "coord_tier": null, "coord_source": null}}, {"type": "Feature", "geometry": null, "properties": {"id": "RRDB:US0310", "name": "HTLTR High Temp Lattice Test Reactor", "country": "United States of America", "stage": "reactor-research", "subtype": "GRAPHITE", "city": "Richland, WA", "thermal_power_kw": "2", "status": "DECOMMISSIONED", "start": "1967-11-01", "prov": [{"tier": 1, "source": "IAEA Research Reactor Database export", "record": "US0310", "url": "https://nucleus.iaea.org/rrdb/", "retrieved": "2026-09-22"}], "coord_tier": null, "coord_source": null}}, {"type": "Feature", "geometry": null, "properties": {"id": "RRDB:US0312", "name": "FFTF, Fast Flux Test", "country": "United States of America", "stage": "reactor-research", "subtype": "FAST, NA COOLED", "city": "Richland, WA", "thermal_power_kw": "400000", "status": "UNDER DECOMMISSIONING", "start": "1980-02-09", "prov": [{"tier": 1, "source": "IAEA Research Reactor Database export", "record": "US0312", "url": "https://nucleus.iaea.org/rrdb/", "retrieved": "2026-09-22"}], "coord_tier": null, "coord_source": null}}, {"type": "Feature", "geometry": null, "properties": {"id": "RRDB:US0311", "name": "NRF, Neutron Rad Facility", "country": "United States of America", "stage": "reactor-research", "subtype": "TRIGA MARK I", "city": "Richland, WA", "thermal_power_kw": "1000", "status": "UNDER DECOMMISSIONING", "start": "1977-03-01", "prov": [{"tier": 1, "source": "IAEA Research Reactor Database export", "record": "US0311", "url": "https://nucleus.iaea.org/rrdb/", "retrieved": "2026-09-22"}], "coord_tier": null, "coord_source": null}}, {"type": "Feature", "geometry": null, "properties": {"id": "RRDB:US0308", "name": "PNNL-CML Critical Mass Lab", "country": "United States of America", "stage": "reactor-research", "subtype": "HOMOG (L)", "city": "Richland, WA", "thermal_power_kw": "0", "status": "DECOMMISSIONED", "start": "1961-01-01", "prov": [{"tier": 1, "source": "IAEA Research Reactor Database export", "record": "US0308", "url": "https://nucleus.iaea.org/rrdb/", "retrieved": "2026-09-22"}], "coord_tier": null, "coord_source": null}}, {"type": "Feature", "geometry": null, "properties": {"id": "RRDB:US0309", "name": "PRCF Plutonium Recycle Critical", "country": "United States of America", "stage": "reactor-research", "subtype": "CRIT ASSEMBLY", "city": "Richland, WA", "thermal_power_kw": "10", "status": "DECOMMISSIONED", "start": "1962-01-01", "prov": [{"tier": 1, "source": "IAEA Research Reactor Database export", "record": "US0309", "url": "https://nucleus.iaea.org/rrdb/", "retrieved": "2026-09-22"}], "coord_tier": null, "coord_source": null}}, {"type": "Feature", "geometry": null, "properties": {"id": "RRDB:US0304", "name": "HTR Hanford Test Reactor", "country": "United States of America", "stage": "reactor-research", "subtype": "GRAPHITE", "city": "Richland, WA", "thermal_power_kw": "0.03", "status": "DECOMMISSIONED", "start": "1945-02-01", "prov": [{"tier": 1, "source": "IAEA Research Reactor Database export", "record": "US0304", "url": "https://nucleus.iaea.org/rrdb/", "retrieved": "2026-09-22"}], "coord_tier": null, "coord_source": null}}, {"type": "Feature", "geometry": null, "properties": {"id": "RRDB:US0305", "name": "PCTR Physical Constants Test Reactor", "country": "United States of America", "stage": "reactor-research", "subtype": "GRAPHITE", "city": "Richland, WA", "thermal_power_kw": "0.01", "status": "DECOMMISSIONED", "start": "1955-10-01", "prov": [{"tier": 1, "source": "IAEA Research Reactor Database export", "record": "US0305", "url": "https://nucleus.iaea.org/rrdb/", "retrieved": "2026-09-22"}], "coord_tier": null, "coord_source": null}}, {"type": "Feature", "geometry": null, "properties": {"id": "RRDB:US0127", "name": "ZPR-II NASA", "country": "United States of America", "stage": "reactor-research", "subtype": "HOMOG (L)", "city": "Cleveland, OH", "thermal_power_kw": "0.1", "status": "DECOMMISSIONED", "start": "1963-12-01", "prov": [{"tier": 1, "source": "IAEA Research Reactor Database export", "record": "US0127", "url": "https://nucleus.iaea.org/rrdb/", "retrieved": "2026-09-22"}], "coord_tier": null, "coord_source": null}}, {"type": "Feature", "geometry": null, "properties": {"id": "RRDB:US0062", "name": "NRR Naval Research Reactor", "country": "United States of America", "stage": "reactor-research", "subtype": "POOL", "city": "Washington, DC", "thermal_power_kw": "1000", "status": "DECOMMISSIONED", "start": "1956-01-01", "prov": [{"tier": 1, "source": "IAEA Research Reactor Database export", "record": "US0062", "url": "https://nucleus.iaea.org/rrdb/", "retrieved": "2026-09-22"}], "coord_tier": null, "coord_source": null}}, {"type": "Feature", "geometry": null, "properties": {"id": "RRDB:US0126", "name": "ZPR-I NASA", "country": "United States of America", "stage": "reactor-research", "subtype": "HOMOG (L)", "city": "Cleveland, OH", "thermal_power_kw": "0.1", "status": "DECOMMISSIONED", "start": "1959-01-01", "prov": [{"tier": 1, "source": "IAEA Research Reactor Database export", "record": "US0126", "url": "https://nucleus.iaea.org/rrdb/", "retrieved": "2026-09-22"}], "coord_tier": null, "coord_source": null}}, {"type": "Feature", "geometry": null, "properties": {"id": "RRDB:US0229", "name": "WTR Westinghouse Test Reactor", "country": "United States of America", "stage": "reactor-research", "subtype": "TANK", "city": "New Stanton, PA", "thermal_power_kw": "20000", "status": "DECOMMISSIONED", "start": "1959-07-01", "prov": [{"tier": 1, "source": "IAEA Research Reactor Database export", "record": "US0229", "url": "https://nucleus.iaea.org/rrdb/", "retrieved": "2026-09-22"}], "coord_tier": null, "coord_source": null}}, {"type": "Feature", "geometry": null, "properties": {"id": "RRDB:US0226", "name": "WNTR Westinghouse Nuclear Training", "country": "United States of America", "stage": "reactor-research", "subtype": "TANK", "city": "Zion, IL", "thermal_power_kw": "10", "status": "DECOMMISSIONED", "start": "1972-01-01", "prov": [{"tier": 1, "source": "IAEA Research Reactor Database export", "record": "US0226", "url": "https://nucleus.iaea.org/rrdb/", "retrieved": "2026-09-22"}], "coord_tier": null, "coord_source": null}}, {"type": "Feature", "geometry": null, "properties": {"id": "RRDB:US0227", "name": "Westinghouse PAX Assembly", "country": "United States of America", "stage": "reactor-research", "subtype": "CRIT ASSEMBLY", "city": "New Stanton, PA", "thermal_power_kw": "1000", "status": "DECOMMISSIONED", "start": "1965-10-01", "prov": [{"tier": 1, "source": "IAEA Research Reactor Database export", "record": "US0227", "url": "https://nucleus.iaea.org/rrdb/", "retrieved": "2026-09-22"}], "coord_tier": null, "coord_source": null}}, {"type": "Feature", "geometry": null, "properties": {"id": "RRDB:US0228", "name": "Westinghouse FCX Assembly", "country": "United States of America", "stage": "reactor-research", "subtype": "CRIT ASSEMBLY", "city": "New Stanton, PA", "thermal_power_kw": "1000", "status": "DECOMMISSIONED", "start": "1966-04-20", "prov": [{"tier": 1, "source": "IAEA Research Reactor Database export", "record": "US0228", "url": "https://nucleus.iaea.org/rrdb/", "retrieved": "2026-09-22"}], "coord_tier": null, "coord_source": null}}, {"type": "Feature", "geometry": null, "properties": {"id": "RRDB:US0164", "name": "TR, Tank Reservoir", "country": "United States of America", "stage": "reactor-research", "subtype": "CRIT ASSEMBLY", "city": "Golden, CO", "thermal_power_kw": "0.001", "status": "DECOMMISSIONED", "start": "1965-01-01", "prov": [{"tier": 1, "source": "IAEA Research Reactor Database export", "record": "US0164", "url": "https://nucleus.iaea.org/rrdb/", "retrieved": "2026-09-22"}], "coord_tier": null, "coord_source": null}}, {"type": "Feature", "geometry": null, "properties": {"id": "RRDB:US0020", "name": "ZPPR Zero Power Physics Reactor", "country": "United States of America", "stage": "reactor-research", "subtype": "CRIT FAST", "city": "Idaho Falls, ID", "thermal_power_kw": "1", "status": "DECOMMISSIONED", "start": "1969-04-18", "prov": [{"tier": 1, "source": "IAEA Research Reactor Database export", "record": "US0020", "url": "https://nucleus.iaea.org/rrdb/", "retrieved": "2026-09-22"}], "coord_tier": null, "coord_source": null}}, {"type": "Feature", "geometry": null, "properties": {"id": "RRDB:US0015", "name": "Janus", "country": "United States of America", "stage": "reactor-research", "subtype": "TANK", "city": "Lemont, IL", "thermal_power_kw": "200", "status": "DECOMMISSIONED", "start": "1964-08-03", "prov": [{"tier": 1, "source": "IAEA Research Reactor Database export", "record": "US0015", "url": "https://nucleus.iaea.org/rrdb/", "retrieved": "2026-09-22"}], "coord_tier": null, "coord_source": null}}, {"type": "Feature", "geometry": null, "properties": {"id": "RRDB:US0016", "name": "EBR-I", "country": "United States of America", "stage": "reactor-research", "subtype": "FAST BREEDER", "city": "Idaho Falls, ID", "thermal_power_kw": "1200", "status": "DECOMMISSIONED", "start": "1951-08-01", "prov": [{"tier": 1, "source": "IAEA Research Reactor Database export", "record": "US0016", "url": "https://nucleus.iaea.org/rrdb/", "retrieved": "2026-09-22"}], "coord_tier": null, "coord_source": null}}, {"type": "Feature", "geometry": null, "properties": {"id": "RRDB:US0017", "name": "EBR-II", "country": "United States of America", "stage": "reactor-research", "subtype": "FAST BREEDER", "city": "Idaho Falls, ID", "thermal_power_kw": "62500", "status": "DECOMMISSIONED", "start": "1961-09-30", "prov": [{"tier": 1, "source": "IAEA Research Reactor Database export", "record": "US0017", "url": "https://nucleus.iaea.org/rrdb/", "retrieved": "2026-09-22"}], "coord_tier": null, "coord_source": null}}, {"type": "Feature", "geometry": null, "properties": {"id": "RRDB:US0295", "name": "UTR Test Reactor", "country": "United States of America", "stage": "reactor-research", "subtype": "ARGONAUT", "city": "Mountain View, CA", "thermal_power_kw": "0.015", "status": "DECOMMISSIONED", "start": "1961-12-01", "prov": [{"tier": 1, "source": "IAEA Research Reactor Database export", "record": "US0295", "url": "https://nucleus.iaea.org/rrdb/", "retrieved": "2026-09-22"}], "coord_tier": null, "coord_source": null}}, {"type": "Feature", "geometry": null, "properties": {"id": "RRDB:US0039", "name": "GTR Ground Test Reactor", "country": "United States of America", "stage": "reactor-research", "subtype": "POOL", "city": "Fort Worth, TX", "thermal_power_kw": "10000", "status": "DECOMMISSIONED", "start": "1953-01-01", "prov": [{"tier": 1, "source": "IAEA Research Reactor Database export", "record": "US0039", "url": "https://nucleus.iaea.org/rrdb/", "retrieved": "2026-09-22"}], "coord_tier": null, "coord_source": null}}, {"type": "Feature", "geometry": null, "properties": {"id": "RRDB:SE0004", "name": "R-1", "country": "Sweden", "stage": "reactor-research", "subtype": "POOL", "city": "Stockholm", "thermal_power_kw": "600", "status": "DECOMMISSIONED", "start": "1954-07-13", "prov": [{"tier": 1, "source": "IAEA Research Reactor Database export", "record": "SE0004", "url": "https://nucleus.iaea.org/rrdb/", "retrieved": "2026-09-22"}], "coord_tier": null, "coord_source": null}}, {"type": "Feature", "geometry": null, "properties": {"id": "RRDB:US0034", "name": "HFBR", "country": "United States of America", "stage": "reactor-research", "subtype": "HEAVY WATER", "city": "Upton, NY", "thermal_power_kw": "30000", "status": "UNDER DECOMMISSIONING", "start": "1965-10-31", "prov": [{"tier": 1, "source": "IAEA Research Reactor Database export", "record": "US0034", "url": "https://nucleus.iaea.org/rrdb/", "retrieved": "2026-09-22"}], "coord_tier": null, "coord_source": null}}, {"type": "Feature", "geometry": null, "properties": {"id": "RRDB:US0138", "name": "LITR Low Intensity Test", "country": "United States of America", "stage": "reactor-research", "subtype": "TANK", "city": "Oak Ridge, TN", "thermal_power_kw": "3000", "status": "PERMANENT SHUTDOWN", "start": "1950-02-01", "prov": [{"tier": 1, "source": "IAEA Research Reactor Database export", "record": "US0138", "url": "https://nucleus.iaea.org/rrdb/", "retrieved": "2026-09-22"}], "coord_tier": null, "coord_source": null}}, {"type": "Feature", "geometry": null, "properties": {"id": "RRDB:US0275", "name": "Tungsten Nuclear Rocket", "country": "United States of America", "stage": "reactor-research", "subtype": "CRIT ASSEMBLY", "city": "San Diego, CA", "thermal_power_kw": "0.05", "status": "DECOMMISSIONED", "start": "1965-06-01", "prov": [{"tier": 1, "source": "IAEA Research Reactor Database export", "record": "US0275", "url": "https://nucleus.iaea.org/rrdb/", "retrieved": "2026-09-22"}], "coord_tier": null, "coord_source": null}}, {"type": "Feature", "geometry": null, "properties": {"id": "RRDB:US0276", "name": "Thermionic Critical Experiment", "country": "United States of America", "stage": "reactor-research", "subtype": "CRIT ASSEMBLY", "city": "San Diego, CA", "thermal_power_kw": "0.2", "status": "DECOMMISSIONED", "start": "1968-05-10", "prov": [{"tier": 1, "source": "IAEA Research Reactor Database export", "record": "US0276", "url": "https://nucleus.iaea.org/rrdb/", "retrieved": "2026-09-22"}], "coord_tier": null, "coord_source": null}}, {"type": "Feature", "geometry": null, "properties": {"id": "RRDB:US0274", "name": "EBOR Critical Experiment", "country": "United States of America", "stage": "reactor-research", "subtype": "CRIT ASSEMBLY", "city": "San Diego", "thermal_power_kw": "0.001", "status": "DECOMMISSIONED", "start": "1960-01-01", "prov": [{"tier": 1, "source": "IAEA Research Reactor Database export", "record": "US0274", "url": "https://nucleus.iaea.org/rrdb/", "retrieved": "2026-09-22"}], "coord_tier": null, "coord_source": null}}, {"type": "Feature", "geometry": null, "properties": {"id": "RRDB:RO0002", "name": "TRIGA II Pitesti - SS Core", "country": "Romania", "stage": "reactor-research", "subtype": "TRIGA DUAL CORE", "city": "Pitesti", "thermal_power_kw": "14000", "status": "OPERATIONAL", "start": "1980-02-02", "prov": [{"tier": 1, "source": "IAEA Research Reactor Database export", "record": "RO0002", "url": "https://nucleus.iaea.org/rrdb/", "retrieved": "2026-09-22"}], "coord_tier": null, "coord_source": null}}, {"type": "Feature", "geometry": null, "properties": {"id": "RRDB:MX0004", "name": "Nuclear Chicago Mod 9000", "country": "Mexico", "stage": "reactor-research", "subtype": "SUBCRIT", "city": "Mexico City", "thermal_power_kw": "0", "status": "OPERATIONAL", "start": "1969-01-01", "prov": [{"tier": 1, "source": "IAEA Research Reactor Database export", "record": "MX0004", "url": "https://nucleus.iaea.org/rrdb/", "retrieved": "2026-09-22"}], "coord_tier": null, "coord_source": null}}, {"type": "Feature", "geometry": null, "properties": {"id": "RRDB:MX0003", "name": "Chicago Modelo 9000", "country": "Mexico", "stage": "reactor-research", "subtype": "SUBCRIT", "city": "Zacatecas", "thermal_power_kw": "0", "status": "EXTENDED SHUTDOWN", "start": "1969-05-14", "prov": [{"tier": 1, "source": "IAEA Research Reactor Database export", "record": "MX0003", "url": "https://nucleus.iaea.org/rrdb/", "retrieved": "2026-09-22"}], "coord_tier": null, "coord_source": null}}, {"type": "Feature", "geometry": null, "properties": {"id": "RRDB:US0028", "name": "Battelle Plastic Reactor Facility", "country": "United States of America", "stage": "reactor-research", "subtype": "CRIT ASSEMBLY", "city": "Columbus, OH", "thermal_power_kw": "0.2", "status": "DECOMMISSIONED", "start": "1961-05-01", "prov": [{"tier": 1, "source": "IAEA Research Reactor Database export", "record": "US0028", "url": "https://nucleus.iaea.org/rrdb/", "retrieved": "2026-09-22"}], "coord_tier": null, "coord_source": null}}, {"type": "Feature", "geometry": null, "properties": {"id": "RRDB:US0027", "name": "Battelle Variable Moderator CA", "country": "United States of America", "stage": "reactor-research", "subtype": "CRIT ASSEMBLY", "city": "Columbus, OH", "thermal_power_kw": "0.02", "status": "DECOMMISSIONED", "start": "1960-01-01", "prov": [{"tier": 1, "source": "IAEA Research Reactor Database export", "record": "US0027", "url": "https://nucleus.iaea.org/rrdb/", "retrieved": "2026-09-22"}], "coord_tier": null, "coord_source": null}}, {"type": "Feature", "geometry": null, "properties": {"id": "RRDB:US0026", "name": "Battelle GCRE CA", "country": "United States of America", "stage": "reactor-research", "subtype": "CRIT ASSEMBLY", "city": "Columbus, OH", "thermal_power_kw": "0.01", "status": "DECOMMISSIONED", "start": "1958-10-01", "prov": [{"tier": 1, "source": "IAEA Research Reactor Database export", "record": "US0026", "url": "https://nucleus.iaea.org/rrdb/", "retrieved": "2026-09-22"}], "coord_tier": null, "coord_source": null}}, {"type": "Feature", "geometry": null, "properties": {"id": "RRDB:US0025", "name": "Batttelle Reflector Control CA", "country": "United States of America", "stage": "reactor-research", "subtype": "CRIT ASSEMBLY", "city": "Columbus, OH", "thermal_power_kw": "0.01", "status": "DECOMMISSIONED", "start": "1957-06-03", "prov": [{"tier": 1, "source": "IAEA Research Reactor Database export", "record": "US0025", "url": "https://nucleus.iaea.org/rrdb/", "retrieved": "2026-09-22"}], "coord_tier": null, "coord_source": null}}, {"type": "Feature", "geometry": null, "properties": {"id": "RRDB:US0283", "name": "CX-19 Babcock & Wilcox", "country": "United States of America", "stage": "reactor-research", "subtype": "CRIT ASSEMBLY", "city": "Lynchburg, VA", "thermal_power_kw": "1", "status": "DECOMMISSIONED", "start": "1958-01-22", "prov": [{"tier": 1, "source": "IAEA Research Reactor Database export", "record": "US0283", "url": "https://nucleus.iaea.org/rrdb/", "retrieved": "2026-09-22"}], "coord_tier": null, "coord_source": null}}, {"type": "Feature", "geometry": null, "properties": {"id": "RRDB:US0282", "name": "CX-12 Babcock & Wilcox", "country": "United States of America", "stage": "reactor-research", "subtype": "CRIT ASSEMBLY", "city": "Lynchburg, VA", "thermal_power_kw": "1", "status": "DECOMMISSIONED", "start": "1958-09-26", "prov": [{"tier": 1, "source": "IAEA Research Reactor Database export", "record": "US0282", "url": "https://nucleus.iaea.org/rrdb/", "retrieved": "2026-09-22"}], "coord_tier": null, "coord_source": null}}, {"type": "Feature", "geometry": null, "properties": {"id": "RRDB:US0023", "name": "LPR Lynchburg Pool Reactor", "country": "United States of America", "stage": "reactor-research", "subtype": "POOL", "city": "Lynchburg, VA", "thermal_power_kw": "1000", "status": "DECOMMISSIONED", "start": "1958-09-19", "prov": [{"tier": 1, "source": "IAEA Research Reactor Database export", "record": "US0023", "url": "https://nucleus.iaea.org/rrdb/", "retrieved": "2026-09-22"}], "coord_tier": null, "coord_source": null}}, {"type": "Feature", "geometry": null, "properties": {"id": "RRDB:US0024", "name": "BRR Battelle Research Reactor", "country": "United States of America", "stage": "reactor-research", "subtype": "POOL", "city": "Columbus, OH", "thermal_power_kw": "2000", "status": "DECOMMISSIONED", "start": "1956-10-01", "prov": [{"tier": 1, "source": "IAEA Research Reactor Database export", "record": "US0024", "url": "https://nucleus.iaea.org/rrdb/", "retrieved": "2026-09-22"}], "coord_tier": null, "coord_source": null}}, {"type": "Feature", "geometry": null, "properties": {"id": "RRDB:US0281", "name": "CX-10 Babcock & Wilcox", "country": "United States of America", "stage": "reactor-research", "subtype": "CRIT ASSEMBLY", "city": "Lynchburg, VA", "thermal_power_kw": "1", "status": "DECOMMISSIONED", "start": "1958-01-27", "prov": [{"tier": 1, "source": "IAEA Research Reactor Database export", "record": "US0281", "url": "https://nucleus.iaea.org/rrdb/", "retrieved": "2026-09-22"}], "coord_tier": null, "coord_source": null}}, {"type": "Feature", "geometry": null, "properties": {"id": "RRDB:US0066", "name": "MPR Zero Power Test", "country": "United States of America", "stage": "reactor-research", "subtype": "CRIT ASSEMBLY", "city": "Baltimore", "thermal_power_kw": "0.01", "status": "DECOMMISSIONED", "start": "1957-12-01", "prov": [{"tier": 1, "source": "IAEA Research Reactor Database export", "record": "US0066", "url": "https://nucleus.iaea.org/rrdb/", "retrieved": "2026-09-22"}], "coord_tier": null, "coord_source": null}}, {"type": "Feature", "geometry": null, "properties": {"id": "RRDB:US0067", "name": "LFBR Liquid Fluidized Bed", "country": "United States of America", "stage": "reactor-research", "subtype": "CRIT ASSEMBLY", "city": "Baltimore", "thermal_power_kw": "0.01", "status": "DECOMMISSIONED", "start": "NA", "prov": [{"tier": 1, "source": "IAEA Research Reactor Database export", "record": "US0067", "url": "https://nucleus.iaea.org/rrdb/", "retrieved": "2026-09-22"}], "coord_tier": null, "coord_source": null}}, {"type": "Feature", "geometry": null, "properties": {"id": "RRDB:US0306", "name": "TTR-2 Thermal Test Reactor", "country": "United States of America", "stage": "reactor-research", "subtype": "GRAPHITE PILE", "city": "Richland, WA", "thermal_power_kw": "1", "status": "DECOMMISSIONED", "start": "1958-01-01", "prov": [{"tier": 1, "source": "IAEA Research Reactor Database export", "record": "US0306", "url": "https://nucleus.iaea.org/rrdb/", "retrieved": "2026-09-22"}], "coord_tier": null, "coord_source": null}}, {"type": "Feature", "geometry": null, "properties": {"id": "RRDB:US0293", "name": "AMRR Army Material Research Reactor", "country": "United States of America", "stage": "reactor-research", "subtype": "POOL", "city": "Watertown, MA", "thermal_power_kw": "5000", "status": "DECOMMISSIONED", "start": "1960-06-15", "prov": [{"tier": 1, "source": "IAEA Research Reactor Database export", "record": "US0293", "url": "https://nucleus.iaea.org/rrdb/", "retrieved": "2026-09-22"}], "coord_tier": null, "coord_source": null}}, {"type": "Feature", "geometry": null, "properties": {"id": "RRDB:US0014", "name": "ZPR-9 Argonne", "country": "United States of America", "stage": "reactor-research", "subtype": "CRIT FAST", "city": "Lemont, IL", "thermal_power_kw": "0.001", "status": "DECOMMISSIONED", "start": "1964-01-01", "prov": [{"tier": 1, "source": "IAEA Research Reactor Database export", "record": "US0014", "url": "https://nucleus.iaea.org/rrdb/", "retrieved": "2026-09-22"}], "coord_tier": null, "coord_source": null}}, {"type": "Feature", "geometry": null, "properties": {"id": "RRDB:US0007", "name": "ARR (L-8) Armour Foundation", "country": "United States of America", "stage": "reactor-research", "subtype": "HOMOG (L)", "city": "Chicago, IL", "thermal_power_kw": "100", "status": "DECOMMISSIONED", "start": "1956-06-28", "prov": [{"tier": 1, "source": "IAEA Research Reactor Database export", "record": "US0007", "url": "https://nucleus.iaea.org/rrdb/", "retrieved": "2026-09-22"}], "coord_tier": null, "coord_source": null}}, {"type": "Feature", "geometry": null, "properties": {"id": "RRDB:US0064", "name": "LAMPRE I", "country": "United States of America", "stage": "reactor-research", "subtype": "HOMOG PUL", "city": "Los Alamos, NM", "thermal_power_kw": "1000", "status": "DECOMMISSIONED", "start": "1961-02-01", "prov": [{"tier": 1, "source": "IAEA Research Reactor Database export", "record": "US0064", "url": "https://nucleus.iaea.org/rrdb/", "retrieved": "2026-09-22"}], "coord_tier": null, "coord_source": null}}, {"type": "Feature", "geometry": null, "properties": {"id": "RRDB:US0050", "name": "LAPRE II", "country": "United States of America", "stage": "reactor-research", "subtype": "HOMOG (L)", "city": "Los Alamos, NM", "thermal_power_kw": "800", "status": "DECOMMISSIONED", "start": "1959-02-01", "prov": [{"tier": 1, "source": "IAEA Research Reactor Database export", "record": "US0050", "url": "https://nucleus.iaea.org/rrdb/", "retrieved": "2026-09-22"}], "coord_tier": null, "coord_source": null}}, {"type": "Feature", "geometry": null, "properties": {"id": "RRDB:US0048", "name": "LOPO Low Power Boiler", "country": "United States of America", "stage": "reactor-research", "subtype": "HOMOG (L)", "city": "Los Alamos, NM", "thermal_power_kw": "0.001", "status": "DECOMMISSIONED", "start": "1944-05-09", "prov": [{"tier": 1, "source": "IAEA Research Reactor Database export", "record": "US0048", "url": "https://nucleus.iaea.org/rrdb/", "retrieved": "2026-09-22"}], "coord_tier": null, "coord_source": null}}, {"type": "Feature", "geometry": null, "properties": {"id": "RRDB:US0255", "name": "SNAP 10 F-3", "country": "United States of America", "stage": "reactor-research", "subtype": "SPACE TEST", "city": "Simi Valley, CA", "thermal_power_kw": "44", "status": "DECOMMISSIONED", "start": "1965-01-22", "prov": [{"tier": 1, "source": "IAEA Research Reactor Database export", "record": "US0255", "url": "https://nucleus.iaea.org/rrdb/", "retrieved": "2026-09-22"}], "coord_tier": null, "coord_source": null}}, {"type": "Feature", "geometry": null, "properties": {"id": "RRDB:US0254", "name": "SNAP CA-5", "country": "United States of America", "stage": "reactor-research", "subtype": "CRIT ASSEMBLY", "city": "Simi Valley, CA", "thermal_power_kw": "0.1", "status": "DECOMMISSIONED", "start": "1964-10-29", "prov": [{"tier": 1, "source": "IAEA Research Reactor Database export", "record": "US0254", "url": "https://nucleus.iaea.org/rrdb/", "retrieved": "2026-09-22"}], "coord_tier": null, "coord_source": null}}, {"type": "Feature", "geometry": null, "properties": {"id": "RRDB:US0256", "name": "SNAP TSF", "country": "United States of America", "stage": "reactor-research", "subtype": "SPACE TEST", "city": "Oak Ridge, TN", "thermal_power_kw": "10", "status": "DECOMMISSIONED", "start": "1967-04-07", "prov": [{"tier": 1, "source": "IAEA Research Reactor Database export", "record": "US0256", "url": "https://nucleus.iaea.org/rrdb/", "retrieved": "2026-09-22"}], "coord_tier": null, "coord_source": null}}, {"type": "Feature", "geometry": null, "properties": {"id": "RRDB:US0253", "name": "SNAP 8 Experimental Reactor", "country": "United States of America", "stage": "reactor-research", "subtype": "SPACE TEST", "city": "Simi Valley, CA", "thermal_power_kw": "600", "status": "DECOMMISSIONED", "start": "1963-04-01", "prov": [{"tier": 1, "source": "IAEA Research Reactor Database export", "record": "US0253", "url": "https://nucleus.iaea.org/rrdb/", "retrieved": "2026-09-22"}], "coord_tier": null, "coord_source": null}}, {"type": "Feature", "geometry": null, "properties": {"id": "RRDB:US0257", "name": "SNAP 8 Demonstration Reactor", "country": "United States of America", "stage": "reactor-research", "subtype": "SPACE TEST", "city": "Simi Valley, CA", "thermal_power_kw": "619", "status": "DECOMMISSIONED", "start": "1969-01-01", "prov": [{"tier": 1, "source": "IAEA Research Reactor Database export", "record": "US0257", "url": "https://nucleus.iaea.org/rrdb/", "retrieved": "2026-09-22"}], "coord_tier": null, "coord_source": null}}, {"type": "Feature", "geometry": null, "properties": {"id": "RRDB:US0251", "name": "SNAP CA-4B", "country": "United States of America", "stage": "reactor-research", "subtype": "CRIT ASSEMBLY", "city": "Simi Valley, CA", "thermal_power_kw": "0.1", "status": "DECOMMISSIONED", "start": "1962-02-15", "prov": [{"tier": 1, "source": "IAEA Research Reactor Database export", "record": "US0251", "url": "https://nucleus.iaea.org/rrdb/", "retrieved": "2026-09-22"}], "coord_tier": null, "coord_source": null}}, {"type": "Feature", "geometry": null, "properties": {"id": "RRDB:US0250", "name": "SNAP CA-4A", "country": "United States of America", "stage": "reactor-research", "subtype": "CRIT ASSEMBLY", "city": "Simi Valley, CA", "thermal_power_kw": "0.1", "status": "DECOMMISSIONED", "start": "1962-01-01", "prov": [{"tier": 1, "source": "IAEA Research Reactor Database export", "record": "US0250", "url": "https://nucleus.iaea.org/rrdb/", "retrieved": "2026-09-22"}], "coord_tier": null, "coord_source": null}}, {"type": "Feature", "geometry": null, "properties": {"id": "RRDB:US0252", "name": "SNAP CA-4C", "country": "United States of America", "stage": "reactor-research", "subtype": "CRIT ASSEMBLY", "city": "Simi Valley, CA", "thermal_power_kw": "0.1", "status": "DECOMMISSIONED", "start": "1962-04-16", "prov": [{"tier": 1, "source": "IAEA Research Reactor Database export", "record": "US0252", "url": "https://nucleus.iaea.org/rrdb/", "retrieved": "2026-09-22"}], "coord_tier": null, "coord_source": null}}, {"type": "Feature", "geometry": null, "properties": {"id": "RRDB:US0248", "name": "SNAP Experimental Reactor", "country": "United States of America", "stage": "reactor-research", "subtype": "SPACE TEST", "city": "Simi Valley, CA", "thermal_power_kw": "50", "status": "DECOMMISSIONED", "start": "1959-09-01", "prov": [{"tier": 1, "source": "IAEA Research Reactor Database export", "record": "US0248", "url": "https://nucleus.iaea.org/rrdb/", "retrieved": "2026-09-22"}], "coord_tier": null, "coord_source": null}}, {"type": "Feature", "geometry": null, "properties": {"id": "RRDB:US0249", "name": "SNAP 2 Demonstration Reactor", "country": "United States of America", "stage": "reactor-research", "subtype": "SPACE TEST", "city": "Simi Valley, CA", "thermal_power_kw": "65", "status": "DECOMMISSIONED", "start": "1961-04-03", "prov": [{"tier": 1, "source": "IAEA Research Reactor Database export", "record": "US0249", "url": "https://nucleus.iaea.org/rrdb/", "retrieved": "2026-09-22"}], "coord_tier": null, "coord_source": null}}, {"type": "Feature", "geometry": null, "properties": {"id": "RRDB:US0247", "name": "SGR CA Sodium Graphite", "country": "United States of America", "stage": "reactor-research", "subtype": "CRIT ASSEMBLY", "city": "Simi Valley, CA", "thermal_power_kw": "0.001", "status": "DECOMMISSIONED", "start": "1957-04-25", "prov": [{"tier": 1, "source": "IAEA Research Reactor Database export", "record": "US0247", "url": "https://nucleus.iaea.org/rrdb/", "retrieved": "2026-09-22"}], "coord_tier": null, "coord_source": null}}, {"type": "Feature", "geometry": null, "properties": {"id": "RRDB:US0300", "name": "ISSA Inherently Safe Subcrit", "country": "United States of America", "stage": "reactor-research", "subtype": "SUBCRIT", "city": "Livermore, CA", "thermal_power_kw": "0", "status": "OPERATIONAL", "start": "2012-09-13", "prov": [{"tier": 1, "source": "IAEA Research Reactor Database export", "record": "US0300", "url": "https://nucleus.iaea.org/rrdb/", "retrieved": "2026-09-22"}], "coord_tier": null, "coord_source": null}}, {"type": "Feature", "geometry": null, "properties": {"id": "RRDB:ID0002", "name": "KARTINI-PSTA", "country": "Indonesia", "stage": "reactor-research", "subtype": "TRIGA MARK II", "city": "Yogyakarta", "thermal_power_kw": "100", "status": "OPERATIONAL", "start": "1979-01-25", "prov": [{"tier": 1, "source": "IAEA Research Reactor Database export", "record": "ID0002", "url": "https://nucleus.iaea.org/rrdb/", "retrieved": "2026-09-22"}], "coord_tier": null, "coord_source": null}}, {"type": "Feature", "geometry": null, "properties": {"id": "RRDB:US0179", "name": "Lockheed Critical Experiment Reactor", "country": "United States of America", "stage": "reactor-research", "subtype": "CRIT ASSEMBLY", "city": "Dawsonville, GA", "thermal_power_kw": "0.08", "status": "DECOMMISSIONED", "start": "1958-06-09", "prov": [{"tier": 1, "source": "IAEA Research Reactor Database export", "record": "US0179", "url": "https://nucleus.iaea.org/rrdb/", "retrieved": "2026-09-22"}], "coord_tier": null, "coord_source": null}}, {"type": "Feature", "geometry": null, "properties": {"id": "RRDB:VN0001", "name": "Dalat Research Reactor", "country": "Viet Nam", "stage": "reactor-research", "subtype": "POOL", "city": "Dalat", "thermal_power_kw": "500", "status": "OPERATIONAL", "start": "1963-02-26", "prov": [{"tier": 1, "source": "IAEA Research Reactor Database export", "record": "VN0001", "url": "https://nucleus.iaea.org/rrdb/", "retrieved": "2026-09-22"}], "coord_tier": null, "coord_source": null}}, {"type": "Feature", "geometry": null, "properties": {"id": "RRDB:JO0002", "name": "JRTR", "country": "Jordan", "stage": "reactor-research", "subtype": "TANK IN POOL", "city": "Amman", "thermal_power_kw": "5000", "status": "OPERATIONAL", "start": "2016-04-25", "prov": [{"tier": 1, "source": "IAEA Research Reactor Database export", "record": "JO0002", "url": "https://nucleus.iaea.org/rrdb/", "retrieved": "2026-09-22"}], "coord_tier": null, "coord_source": null}}, {"type": "Feature", "geometry": null, "properties": {"id": "RRDB:GR0002", "name": "NTU", "country": "Greece", "stage": "reactor-research", "subtype": "SUBCRIT", "city": "Athens", "thermal_power_kw": "0.1", "status": "PERMANENT SHUTDOWN", "start": "1970-10-10", "prov": [{"tier": 1, "source": "IAEA Research Reactor Database export", "record": "GR0002", "url": "https://nucleus.iaea.org/rrdb/", "retrieved": "2026-09-22"}], "coord_tier": null, "coord_source": null}}, {"type": "Feature", "geometry": null, "properties": {"id": "RRDB:US0239", "name": "S8G Submarine Prototype", "country": "United States of America", "stage": "reactor-research", "subtype": "PWR PROPULSION", "city": "Ballston Spa, NY", "thermal_power_kw": "0", "status": "OPERATIONAL", "start": "1979-01-01", "prov": [{"tier": 1, "source": "IAEA Research Reactor Database export", "record": "US0239", "url": "https://nucleus.iaea.org/rrdb/", "retrieved": "2026-09-22"}], "coord_tier": null, "coord_source": null}}, {"type": "Feature", "geometry": null, "properties": {"id": "RRDB:US0236", "name": "S3G Submarine Prototype", "country": "United States of America", "stage": "reactor-research", "subtype": "PWR PROPULSION", "city": "Ballston Spa, NY", "thermal_power_kw": "0", "status": "DECOMMISSIONED", "start": "1958-01-01", "prov": [{"tier": 1, "source": "IAEA Research Reactor Database export", "record": "US0236", "url": "https://nucleus.iaea.org/rrdb/", "retrieved": "2026-09-22"}], "coord_tier": null, "coord_source": null}}, {"type": "Feature", "geometry": null, "properties": {"id": "RRDB:US0177", "name": "NTG Nuclear Test Gage", "country": "United States of America", "stage": "reactor-research", "subtype": "SUBCRIT", "city": "Aiken, SC", "thermal_power_kw": "0.001", "status": "PERMANENT SHUTDOWN", "start": "1958-11-01", "prov": [{"tier": 1, "source": "IAEA Research Reactor Database export", "record": "US0177", "url": "https://nucleus.iaea.org/rrdb/", "retrieved": "2026-09-22"}], "coord_tier": null, "coord_source": null}}, {"type": "Feature", "geometry": null, "properties": {"id": "RRDB:US0175", "name": "HWCTR", "country": "United States of America", "stage": "reactor-research", "subtype": "HEAVY WATER", "city": "Aiken, SC", "thermal_power_kw": "61000", "status": "DECOMMISSIONED", "start": "1962-03-01", "prov": [{"tier": 1, "source": "IAEA Research Reactor Database export", "record": "US0175", "url": "https://nucleus.iaea.org/rrdb/", "retrieved": "2026-09-22"}], "coord_tier": null, "coord_source": null}}, {"type": "Feature", "geometry": null, "properties": {"id": "RRDB:US0171", "name": "ACRR Annular Core RR", "country": "United States of America", "stage": "reactor-research", "subtype": "TRIGA MODIFIED", "city": "Albuquerque, NM", "thermal_power_kw": "2400", "status": "OPERATIONAL", "start": "1967-06-01", "prov": [{"tier": 1, "source": "IAEA Research Reactor Database export", "record": "US0171", "url": "https://nucleus.iaea.org/rrdb/", "retrieved": "2026-09-22"}], "coord_tier": null, "coord_source": null}}, {"type": "Feature", "geometry": null, "properties": {"id": "RRDB:US0206", "name": "WSUR Washington State Univ.", "country": "United States of America", "stage": "reactor-research", "subtype": "TRIGA CONV", "city": "Pullman, WA", "thermal_power_kw": "1000", "status": "OPERATIONAL", "start": "1961-03-07", "prov": [{"tier": 1, "source": "IAEA Research Reactor Database export", "record": "US0206", "url": "https://nucleus.iaea.org/rrdb/", "retrieved": "2026-09-22"}], "coord_tier": null, "coord_source": null}}, {"type": "Feature", "geometry": null, "properties": {"id": "RRDB:US0199", "name": "UTR-10 VPI Virginia Tech", "country": "United States of America", "stage": "reactor-research", "subtype": "ARGONAUT", "city": "Blacksburg, VA", "thermal_power_kw": "100", "status": "DECOMMISSIONED", "start": "1959-12-01", "prov": [{"tier": 1, "source": "IAEA Research Reactor Database export", "record": "US0199", "url": "https://nucleus.iaea.org/rrdb/", "retrieved": "2026-09-22"}], "coord_tier": null, "coord_source": null}}, {"type": "Feature", "geometry": null, "properties": {"id": "RRDB:US0167", "name": "BONUS Mockup Experiment", "country": "United States of America", "stage": "reactor-research", "subtype": "CRIT ASSEMBLY", "city": "Windsor, CT", "thermal_power_kw": "0.001", "status": "DECOMMISSIONED", "start": "1960-08-05", "prov": [{"tier": 1, "source": "IAEA Research Reactor Database export", "record": "US0167", "url": "https://nucleus.iaea.org/rrdb/", "retrieved": "2026-09-22"}], "coord_tier": null, "coord_source": null}}, {"type": "Feature", "geometry": null, "properties": {"id": "RRDB:US0166", "name": "NUSU Advanced Critical Experiment", "country": "United States of America", "stage": "reactor-research", "subtype": "CRIT ASSEMBLY", "city": "Windsor, CT", "thermal_power_kw": "0.001", "status": "DECOMMISSIONED", "start": "1960-01-25", "prov": [{"tier": 1, "source": "IAEA Research Reactor Database export", "record": "US0166", "url": "https://nucleus.iaea.org/rrdb/", "retrieved": "2026-09-22"}], "coord_tier": null, "coord_source": null}}, {"type": "Feature", "geometry": null, "properties": {"id": "RRDB:US0065", "name": "CANEL Critical Assembly", "country": "United States of America", "stage": "reactor-research", "subtype": "CRIT ASSEMBLY", "city": "Middletown, CT", "thermal_power_kw": "0.001", "status": "DECOMMISSIONED", "start": "1957-01-01", "prov": [{"tier": 1, "source": "IAEA Research Reactor Database export", "record": "US0065", "url": "https://nucleus.iaea.org/rrdb/", "retrieved": "2026-09-22"}], "coord_tier": null, "coord_source": null}}, {"type": "Feature", "geometry": null, "properties": {"id": "RRDB:US0005", "name": "ZPR-3 Argonne", "country": "United States of America", "stage": "reactor-research", "subtype": "CRIT FAST", "city": "Idaho Falls, ID", "thermal_power_kw": "0.001", "status": "DECOMMISSIONED", "start": "1955-10-01", "prov": [{"tier": 1, "source": "IAEA Research Reactor Database export", "record": "US0005", "url": "https://nucleus.iaea.org/rrdb/", "retrieved": "2026-09-22"}], "coord_tier": null, "coord_source": null}}, {"type": "Feature", "geometry": null, "properties": {"id": "RRDB:US0280", "name": "CX-1 Babcock & Wilcox", "country": "United States of America", "stage": "reactor-research", "subtype": "CRIT ASSEMBLY", "city": "Lynchburg, VA", "thermal_power_kw": "1", "status": "DECOMMISSIONED", "start": "1957-03-20", "prov": [{"tier": 1, "source": "IAEA Research Reactor Database export", "record": "US0280", "url": "https://nucleus.iaea.org/rrdb/", "retrieved": "2026-09-22"}], "coord_tier": null, "coord_source": null}}, {"type": "Feature", "geometry": null, "properties": {"id": "RRDB:SY0001", "name": "SRR-1", "country": "Syrian Arab Republic", "stage": "reactor-research", "subtype": "MNSR", "city": "Damascus", "thermal_power_kw": "30", "status": "OPERATIONAL", "start": "1996-03-04", "prov": [{"tier": 1, "source": "IAEA Research Reactor Database export", "record": "SY0001", "url": "https://nucleus.iaea.org/rrdb/", "retrieved": "2026-09-22"}], "coord_tier": null, "coord_source": null}}, {"type": "Feature", "geometry": null, "properties": {"id": "RRDB:RU104 ", "name": "IKAR-S", "country": "Russian Federation", "stage": "reactor-research", "subtype": "CRIT GRAPHITE", "city": "Sarov", "thermal_power_kw": "0.1", "status": "OPERATIONAL", "start": "2008-12-01", "prov": [{"tier": 1, "source": "IAEA Research Reactor Database export", "record": "RU104 ", "url": "https://nucleus.iaea.org/rrdb/", "retrieved": "2026-09-22"}], "coord_tier": null, "coord_source": null}}, {"type": "Feature", "geometry": null, "properties": {"id": "RRDB:RU052 ", "name": "BIGR", "country": "Russian Federation", "stage": "reactor-research", "subtype": "FAST, PULSED", "city": "Sarov", "thermal_power_kw": "500", "status": "OPERATIONAL", "start": "1977-03-31", "prov": [{"tier": 1, "source": "IAEA Research Reactor Database export", "record": "RU052 ", "url": "https://nucleus.iaea.org/rrdb/", "retrieved": "2026-09-22"}], "coord_tier": null, "coord_source": null}}, {"type": "Feature", "geometry": null, "properties": {"id": "RRDB:RU103 ", "name": "GIR-2", "country": "Russian Federation", "stage": "reactor-research", "subtype": "FAST, PULSED", "city": "Sarov", "thermal_power_kw": "1", "status": "OPERATIONAL", "start": "1993-04-12", "prov": [{"tier": 1, "source": "IAEA Research Reactor Database export", "record": "RU103 ", "url": "https://nucleus.iaea.org/rrdb/", "retrieved": "2026-09-22"}], "coord_tier": null, "coord_source": null}}, {"type": "Feature", "geometry": null, "properties": {"id": "RRDB:RU106 ", "name": "FKBN-2", "country": "Russian Federation", "stage": "reactor-research", "subtype": "CRIT FAST", "city": "Snezhinsk", "thermal_power_kw": "0.1", "status": "OPERATIONAL", "start": "2000-01-01", "prov": [{"tier": 1, "source": "IAEA Research Reactor Database export", "record": "RU106 ", "url": "https://nucleus.iaea.org/rrdb/", "retrieved": "2026-09-22"}], "coord_tier": null, "coord_source": null}}, {"type": "Feature", "geometry": null, "properties": {"id": "RRDB:RU105 ", "name": "FKBN-2M", "country": "Russian Federation", "stage": "reactor-research", "subtype": "CRIT FAST", "city": "Sarov", "thermal_power_kw": "0", "status": "OPERATIONAL", "start": "2001-03-02", "prov": [{"tier": 1, "source": "IAEA Research Reactor Database export", "record": "RU105 ", "url": "https://nucleus.iaea.org/rrdb/", "retrieved": "2026-09-22"}], "coord_tier": null, "coord_source": null}}, {"type": "Feature", "geometry": null, "properties": {"id": "RRDB:ID0001", "name": "TRIGA Mark II, Bandung", "country": "Indonesia", "stage": "reactor-research", "subtype": "TRIGA MARK II", "city": "Bandung", "thermal_power_kw": "2000", "status": "OPERATIONAL", "start": "1964-10-19", "prov": [{"tier": 1, "source": "IAEA Research Reactor Database export", "record": "ID0001", "url": "https://nucleus.iaea.org/rrdb/", "retrieved": "2026-09-22"}], "coord_tier": null, "coord_source": null}}, {"type": "Feature", "geometry": null, "properties": {"id": "RRDB:RO0004", "name": "TRIGA II Pitesti - Pulsed", "country": "Romania", "stage": "reactor-research", "subtype": "TRIGA DUAL CORE", "city": "Pitesti", "thermal_power_kw": "500", "status": "OPERATIONAL", "start": "1980-02-02", "prov": [{"tier": 1, "source": "IAEA Research Reactor Database export", "record": "RO0004", "url": "https://nucleus.iaea.org/rrdb/", "retrieved": "2026-09-22"}], "coord_tier": null, "coord_source": null}}, {"type": "Feature", "geometry": null, "properties": {"id": "RRDB:US0107", "name": "Flattop", "country": "United States of America", "stage": "reactor-research", "subtype": "CRIT ASSEMBLY", "city": "Las Vegas, NV", "thermal_power_kw": "0.1", "status": "OPERATIONAL", "start": "1957-01-01", "prov": [{"tier": 1, "source": "IAEA Research Reactor Database export", "record": "US0107", "url": "https://nucleus.iaea.org/rrdb/", "retrieved": "2026-09-22"}], "coord_tier": null, "coord_source": null}}, {"type": "Feature", "geometry": {"type": "Point", "coordinates": [2.15366, 48.729]}, "properties": {"id": "RRDB:FR0014", "name": "Osiris", "country": "France", "stage": "reactor-research", "subtype": "POOL", "city": "Gif-sur-Yvette", "thermal_power_kw": "70000", "status": "UNDER DECOMMISSIONING", "start": "1966-09-08", "prov": [{"tier": 1, "source": "IAEA Research Reactor Database export", "record": "FR0014", "url": "https://nucleus.iaea.org/rrdb/", "retrieved": "2026-09-22"}], "coord_tier": 3, "coord_source": "wikidata Q3357241"}}, {"type": "Feature", "geometry": null, "properties": {"id": "RRDB:US0266", "name": "710 Fast Spectrum Refractory Metals", "country": "United States of America", "stage": "reactor-research", "subtype": "CRIT FAST", "city": "Idaho Falls, ID", "thermal_power_kw": "0.001", "status": "DECOMMISSIONED", "start": "1962-03-01", "prov": [{"tier": 1, "source": "IAEA Research Reactor Database export", "record": "US0266", "url": "https://nucleus.iaea.org/rrdb/", "retrieved": "2026-09-22"}], "coord_tier": null, "coord_source": null}}, {"type": "Feature", "geometry": null, "properties": {"id": "RRDB:US0264", "name": "630-A Marine Propulsion", "country": "United States of America", "stage": "reactor-research", "subtype": "AIR COOLED", "city": "Idaho Falls, ID", "thermal_power_kw": "0.001", "status": "DECOMMISSIONED", "start": "1962-11-15", "prov": [{"tier": 1, "source": "IAEA Research Reactor Database export", "record": "US0264", "url": "https://nucleus.iaea.org/rrdb/", "retrieved": "2026-09-22"}], "coord_tier": null, "coord_source": null}}, {"type": "Feature", "geometry": null, "properties": {"id": "RRDB:US0267", "name": "STR Split Table Reactor System", "country": "United States of America", "stage": "reactor-research", "subtype": "CRIT FAST", "city": "Idaho Falls, ID", "thermal_power_kw": "1", "status": "DECOMMISSIONED", "start": "1971-06-01", "prov": [{"tier": 1, "source": "IAEA Research Reactor Database export", "record": "US0267", "url": "https://nucleus.iaea.org/rrdb/", "retrieved": "2026-09-22"}], "coord_tier": null, "coord_source": null}}, {"type": "Feature", "geometry": null, "properties": {"id": "RRDB:US0063", "name": "UHTREX Ultra-High Temperature Experiment", "country": "United States of America", "stage": "reactor-research", "subtype": "GAS", "city": "Los Alamos, NM", "thermal_power_kw": "3000", "status": "DECOMMISSIONED", "start": "1969-02-01", "prov": [{"tier": 1, "source": "IAEA Research Reactor Database export", "record": "US0063", "url": "https://nucleus.iaea.org/rrdb/", "retrieved": "2026-09-22"}], "coord_tier": null, "coord_source": null}}, {"type": "Feature", "geometry": null, "properties": {"id": "RRDB:US0136", "name": "HPRR Health Physics Research", "country": "United States of America", "stage": "reactor-research", "subtype": "PULSING", "city": "Oak Ridge, TN", "thermal_power_kw": "10", "status": "PERMANENT SHUTDOWN", "start": "1963-05-31", "prov": [{"tier": 1, "source": "IAEA Research Reactor Database export", "record": "US0136", "url": "https://nucleus.iaea.org/rrdb/", "retrieved": "2026-09-22"}], "coord_tier": null, "coord_source": null}}, {"type": "Feature", "geometry": null, "properties": {"id": "RRDB:US0213", "name": "UVAR Univ. Virginia", "country": "United States of America", "stage": "reactor-research", "subtype": "POOL", "city": "Charlottesville, VA", "thermal_power_kw": "2000", "status": "DECOMMISSIONED", "start": "1960-06-01", "prov": [{"tier": 1, "source": "IAEA Research Reactor Database export", "record": "US0213", "url": "https://nucleus.iaea.org/rrdb/", "retrieved": "2026-09-22"}], "coord_tier": null, "coord_source": null}}, {"type": "Feature", "geometry": null, "properties": {"id": "RRDB:US0215", "name": "UWNR Univ. Wisconsin", "country": "United States of America", "stage": "reactor-research", "subtype": "TRIGA CONV", "city": "Madison, WI", "thermal_power_kw": "1000", "status": "OPERATIONAL", "start": "1961-03-26", "prov": [{"tier": 1, "source": "IAEA Research Reactor Database export", "record": "US0215", "url": "https://nucleus.iaea.org/rrdb/", "retrieved": "2026-09-22"}], "coord_tier": null, "coord_source": null}}, {"type": "Feature", "geometry": null, "properties": {"id": "RRDB:US0214", "name": "UWNR Univ. Washington", "country": "United States of America", "stage": "reactor-research", "subtype": "ARGONAUT", "city": "Seattle", "thermal_power_kw": "100", "status": "DECOMMISSIONED", "start": "1961-04-01", "prov": [{"tier": 1, "source": "IAEA Research Reactor Database export", "record": "US0214", "url": "https://nucleus.iaea.org/rrdb/", "retrieved": "2026-09-22"}], "coord_tier": null, "coord_source": null}}, {"type": "Feature", "geometry": null, "properties": {"id": "RRDB:US0212", "name": "CAVALIER Univ. Virginia", "country": "United States of America", "stage": "reactor-research", "subtype": "POOL", "city": "Charlottesville, VA", "thermal_power_kw": "0.1", "status": "DECOMMISSIONED", "start": "1974-10-01", "prov": [{"tier": 1, "source": "IAEA Research Reactor Database export", "record": "US0212", "url": "https://nucleus.iaea.org/rrdb/", "retrieved": "2026-09-22"}], "coord_tier": null, "coord_source": null}}, {"type": "Feature", "geometry": null, "properties": {"id": "RRDB:US0211", "name": "TRIGA Univ. Utah", "country": "United States of America", "stage": "reactor-research", "subtype": "TRIGA MARK I", "city": "Salt Lake City, UT", "thermal_power_kw": "100", "status": "OPERATIONAL", "start": "1975-10-25", "prov": [{"tier": 1, "source": "IAEA Research Reactor Database export", "record": "US0211", "url": "https://nucleus.iaea.org/rrdb/", "retrieved": "2026-09-22"}], "coord_tier": null, "coord_source": null}}, {"type": "Feature", "geometry": null, "properties": {"id": "RRDB:US0210", "name": "AGN-201 Univ. Utah", "country": "United States of America", "stage": "reactor-research", "subtype": "HOMOG (S)", "city": "Salt Lake City, UT", "thermal_power_kw": "0.005", "status": "DECOMMISSIONED", "start": "1957-09-01", "prov": [{"tier": 1, "source": "IAEA Research Reactor Database export", "record": "US0210", "url": "https://nucleus.iaea.org/rrdb/", "retrieved": "2026-09-22"}], "coord_tier": null, "coord_source": null}}, {"type": "Feature", "geometry": null, "properties": {"id": "RRDB:US0208", "name": "AGN-211 Univ. Oklahoma", "country": "United States of America", "stage": "reactor-research", "subtype": "HOMOG (S)", "city": "Norman, OK", "thermal_power_kw": "0.1", "status": "DECOMMISSIONED", "start": "1959-02-23", "prov": [{"tier": 1, "source": "IAEA Research Reactor Database export", "record": "US0208", "url": "https://nucleus.iaea.org/rrdb/", "retrieved": "2026-09-22"}], "coord_tier": null, "coord_source": null}}, {"type": "Feature", "geometry": null, "properties": {"id": "RRDB:US0205", "name": "MSTR Missouri Univ. of Science & Tech.", "country": "United States of America", "stage": "reactor-research", "subtype": "POOL, MTR", "city": "Rolla, MO", "thermal_power_kw": "200", "status": "OPERATIONAL", "start": "1961-12-11", "prov": [{"tier": 1, "source": "IAEA Research Reactor Database export", "record": "US0205", "url": "https://nucleus.iaea.org/rrdb/", "retrieved": "2026-09-22"}], "coord_tier": null, "coord_source": null}}, {"type": "Feature", "geometry": null, "properties": {"id": "RRDB:US0203", "name": "Ford Nuclear Reactor Univ. Michigan", "country": "United States of America", "stage": "reactor-research", "subtype": "POOL", "city": "Ann Arbor, MI", "thermal_power_kw": "2000", "status": "DECOMMISSIONED", "start": "1957-09-18", "prov": [{"tier": 1, "source": "IAEA Research Reactor Database export", "record": "US0203", "url": "https://nucleus.iaea.org/rrdb/", "retrieved": "2026-09-22"}], "coord_tier": null, "coord_source": null}}, {"type": "Feature", "geometry": null, "properties": {"id": "RRDB:US0200", "name": "KUTR Univ. Kansas", "country": "United States of America", "stage": "reactor-research", "subtype": "POOL", "city": "Lawrence, KS", "thermal_power_kw": "250", "status": "DECOMMISSIONED", "start": "1961-06-23", "prov": [{"tier": 1, "source": "IAEA Research Reactor Database export", "record": "US0200", "url": "https://nucleus.iaea.org/rrdb/", "retrieved": "2026-09-22"}], "coord_tier": null, "coord_source": null}}, {"type": "Feature", "geometry": null, "properties": {"id": "RRDB:US0201", "name": "UMLR Univ. Mass. Lowell", "country": "United States of America", "stage": "reactor-research", "subtype": "POOL", "city": "Lowell, MA", "thermal_power_kw": "1000", "status": "OPERATIONAL", "start": "1975-01-02", "prov": [{"tier": 1, "source": "IAEA Research Reactor Database export", "record": "US0201", "url": "https://nucleus.iaea.org/rrdb/", "retrieved": "2026-09-22"}], "coord_tier": null, "coord_source": null}}, {"type": "Feature", "geometry": null, "properties": {"id": "RRDB:US0197", "name": "LOPRA Univ. Illinois", "country": "United States of America", "stage": "reactor-research", "subtype": "TRIGA", "city": "Urbana, IL", "thermal_power_kw": "10", "status": "DECOMMISSIONED", "start": "1971-12-28", "prov": [{"tier": 1, "source": "IAEA Research Reactor Database export", "record": "US0197", "url": "https://nucleus.iaea.org/rrdb/", "retrieved": "2026-09-22"}], "coord_tier": null, "coord_source": null}}, {"type": "Feature", "geometry": null, "properties": {"id": "RRDB:US0195", "name": "AGN-201 Univ. Delaware", "country": "United States of America", "stage": "reactor-research", "subtype": "HOMOG (S)", "city": "Newark, DE", "thermal_power_kw": "0.005", "status": "DECOMMISSIONED", "start": "1958-07-01", "prov": [{"tier": 1, "source": "IAEA Research Reactor Database export", "record": "US0195", "url": "https://nucleus.iaea.org/rrdb/", "retrieved": "2026-09-22"}], "coord_tier": null, "coord_source": null}}, {"type": "Feature", "geometry": null, "properties": {"id": "RRDB:US0194", "name": "L-77 UCSB", "country": "United States of America", "stage": "reactor-research", "subtype": "HOMOG (L)", "city": "Santa Barbara, CA", "thermal_power_kw": "0.01", "status": "DECOMMISSIONED", "start": "1975-03-01", "prov": [{"tier": 1, "source": "IAEA Research Reactor Database export", "record": "US0194", "url": "https://nucleus.iaea.org/rrdb/", "retrieved": "2026-09-22"}], "coord_tier": null, "coord_source": null}}, {"type": "Feature", "geometry": null, "properties": {"id": "RRDB:US0193", "name": "UCLA R1", "country": "United States of America", "stage": "reactor-research", "subtype": "ARGONAUT", "city": "Los Angeles", "thermal_power_kw": "100", "status": "DECOMMISSIONED", "start": "1960-10-01", "prov": [{"tier": 1, "source": "IAEA Research Reactor Database export", "record": "US0193", "url": "https://nucleus.iaea.org/rrdb/", "retrieved": "2026-09-22"}], "coord_tier": null, "coord_source": null}}, {"type": "Feature", "geometry": null, "properties": {"id": "RRDB:US0172", "name": "LTR Lattice Test", "country": "United States of America", "stage": "reactor-research", "subtype": "HEAVY WATER", "city": "Aiken, SC", "thermal_power_kw": "0.5", "status": "DECOMMISSIONED", "start": "1967-01-27", "prov": [{"tier": 1, "source": "IAEA Research Reactor Database export", "record": "US0172", "url": "https://nucleus.iaea.org/rrdb/", "retrieved": "2026-09-22"}], "coord_tier": null, "coord_source": null}}, {"type": "Feature", "geometry": null, "properties": {"id": "RRDB:US0169", "name": "SPR II Sandia Pulsed", "country": "United States of America", "stage": "reactor-research", "subtype": "FAST BURST", "city": "Albuquerque, NM", "thermal_power_kw": "5", "status": "DECOMMISSIONED", "start": "1967-03-13", "prov": [{"tier": 1, "source": "IAEA Research Reactor Database export", "record": "US0169", "url": "https://nucleus.iaea.org/rrdb/", "retrieved": "2026-09-22"}], "coord_tier": null, "coord_source": null}}, {"type": "Feature", "geometry": null, "properties": {"id": "RRDB:US0168", "name": "SER Sandia Engineering", "country": "United States of America", "stage": "reactor-research", "subtype": "TANK", "city": "Albuquerque, NM", "thermal_power_kw": "5000", "status": "DECOMMISSIONED", "start": "1962-10-01", "prov": [{"tier": 1, "source": "IAEA Research Reactor Database export", "record": "US0168", "url": "https://nucleus.iaea.org/rrdb/", "retrieved": "2026-09-22"}], "coord_tier": null, "coord_source": null}}, {"type": "Feature", "geometry": null, "properties": {"id": "RRDB:US0165", "name": "VST Vertical Split Table", "country": "United States of America", "stage": "reactor-research", "subtype": "CRIT ASSEMBLY", "city": "Golden, CO", "thermal_power_kw": "0.001", "status": "DECOMMISSIONED", "start": "1965-01-01", "prov": [{"tier": 1, "source": "IAEA Research Reactor Database export", "record": "US0165", "url": "https://nucleus.iaea.org/rrdb/", "retrieved": "2026-09-22"}], "coord_tier": null, "coord_source": null}}, {"type": "Feature", "geometry": null, "properties": {"id": "RRDB:US0163", "name": "SS, Solution System", "country": "United States of America", "stage": "reactor-research", "subtype": "CRIT ASSEMBLY", "city": "Golden, CO", "thermal_power_kw": "0.001", "status": "DECOMMISSIONED", "start": "1965-01-01", "prov": [{"tier": 1, "source": "IAEA Research Reactor Database export", "record": "US0163", "url": "https://nucleus.iaea.org/rrdb/", "retrieved": "2026-09-22"}], "coord_tier": null, "coord_source": null}}, {"type": "Feature", "geometry": null, "properties": {"id": "RRDB:US0162", "name": "HST Horizontal Split Table", "country": "United States of America", "stage": "reactor-research", "subtype": "CRIT ASSEMBLY", "city": "Golden, CO", "thermal_power_kw": "0.001", "status": "DECOMMISSIONED", "start": "1965-01-01", "prov": [{"tier": 1, "source": "IAEA Research Reactor Database export", "record": "US0162", "url": "https://nucleus.iaea.org/rrdb/", "retrieved": "2026-09-22"}], "coord_tier": null, "coord_source": null}}, {"type": "Feature", "geometry": null, "properties": {"id": "RRDB:US0139", "name": "X-10 Pile, Oak Ridge Graphite", "country": "United States of America", "stage": "reactor-research", "subtype": "GRAPHITE", "city": "Oak Ridge, TN", "thermal_power_kw": "3800", "status": "DECOMMISSIONED", "start": "1943-11-04", "prov": [{"tier": 1, "source": "IAEA Research Reactor Database export", "record": "US0139", "url": "https://nucleus.iaea.org/rrdb/", "retrieved": "2026-09-22"}], "coord_tier": null, "coord_source": null}}, {"type": "Feature", "geometry": null, "properties": {"id": "RRDB:US0137", "name": "HFIR", "country": "United States of America", "stage": "reactor-research", "subtype": "TANK", "city": "Oak Ridge, TN", "thermal_power_kw": "85000", "status": "OPERATIONAL", "start": "1965-08-01", "prov": [{"tier": 1, "source": "IAEA Research Reactor Database export", "record": "US0137", "url": "https://nucleus.iaea.org/rrdb/", "retrieved": "2026-09-22"}], "coord_tier": null, "coord_source": null}}, {"type": "Feature", "geometry": null, "properties": {"id": "RRDB:US0133", "name": "BSR Bulk Shielding Reactor", "country": "United States of America", "stage": "reactor-research", "subtype": "POOL", "city": "Oak Ridge, TN", "thermal_power_kw": "2000", "status": "PERMANENT SHUTDOWN", "start": "1950-12-17", "prov": [{"tier": 1, "source": "IAEA Research Reactor Database export", "record": "US0133", "url": "https://nucleus.iaea.org/rrdb/", "retrieved": "2026-09-22"}], "coord_tier": null, "coord_source": null}}, {"type": "Feature", "geometry": null, "properties": {"id": "RRDB:US0135", "name": "European-Asian Exhibit Program Reactor", "country": "United States of America", "stage": "reactor-research", "subtype": "POOL", "city": "Oak Ridge, TN", "thermal_power_kw": "10", "status": "DECOMMISSIONED", "start": "1963-06-03", "prov": [{"tier": 1, "source": "IAEA Research Reactor Database export", "record": "US0135", "url": "https://nucleus.iaea.org/rrdb/", "retrieved": "2026-09-22"}], "coord_tier": null, "coord_source": null}}, {"type": "Feature", "geometry": null, "properties": {"id": "RRDB:US0132", "name": "TRIGA Mark F, Northrop", "country": "United States of America", "stage": "reactor-research", "subtype": "TRIGA MARK F", "city": "Hawthorne, CA", "thermal_power_kw": "1000", "status": "DECOMMISSIONED", "start": "1963-01-01", "prov": [{"tier": 1, "source": "IAEA Research Reactor Database export", "record": "US0132", "url": "https://nucleus.iaea.org/rrdb/", "retrieved": "2026-09-22"}], "coord_tier": null, "coord_source": null}}, {"type": "Feature", "geometry": null, "properties": {"id": "RRDB:US0131", "name": "R-3 North Carolina State Univ.", "country": "United States of America", "stage": "reactor-research", "subtype": "POOL", "city": "Raleigh", "thermal_power_kw": "10", "status": "DECOMMISSIONED", "start": "1960-10-10", "prov": [{"tier": 1, "source": "IAEA Research Reactor Database export", "record": "US0131", "url": "https://nucleus.iaea.org/rrdb/", "retrieved": "2026-09-22"}], "coord_tier": null, "coord_source": null}}, {"type": "Feature", "geometry": null, "properties": {"id": "RRDB:US0130", "name": "PULSTAR North Carolina State Univ.", "country": "United States of America", "stage": "reactor-research", "subtype": "POOL, PULSTAR", "city": "Raleigh", "thermal_power_kw": "1000", "status": "OPERATIONAL", "start": "1972-01-01", "prov": [{"tier": 1, "source": "IAEA Research Reactor Database export", "record": "US0130", "url": "https://nucleus.iaea.org/rrdb/", "retrieved": "2026-09-22"}], "coord_tier": null, "coord_source": null}}, {"type": "Feature", "geometry": null, "properties": {"id": "RRDB:US0125", "name": "PBR Plum Brook Reactor", "country": "United States of America", "stage": "reactor-research", "subtype": "TANK", "city": "Sandusky, OH", "thermal_power_kw": "60000", "status": "DECOMMISSIONED", "start": "1961-01-01", "prov": [{"tier": 1, "source": "IAEA Research Reactor Database export", "record": "US0125", "url": "https://nucleus.iaea.org/rrdb/", "retrieved": "2026-09-22"}], "coord_tier": null, "coord_source": null}}, {"type": "Feature", "geometry": null, "properties": {"id": "RRDB:US0124", "name": "PBMUR Plum Brook Mockup Reactor", "country": "United States of America", "stage": "reactor-research", "subtype": "POOL", "city": "Sandusky, OH", "thermal_power_kw": "100", "status": "DECOMMISSIONED", "start": "1963-01-01", "prov": [{"tier": 1, "source": "IAEA Research Reactor Database export", "record": "US0124", "url": "https://nucleus.iaea.org/rrdb/", "retrieved": "2026-09-22"}], "coord_tier": null, "coord_source": null}}, {"type": "Feature", "geometry": null, "properties": {"id": "RRDB:US0118", "name": "OWR Omega West Reactor", "country": "United States of America", "stage": "reactor-research", "subtype": "TANK", "city": "Los Alamos, NM", "thermal_power_kw": "8000", "status": "DECOMMISSIONED", "start": "1956-06-29", "prov": [{"tier": 1, "source": "IAEA Research Reactor Database export", "record": "US0118", "url": "https://nucleus.iaea.org/rrdb/", "retrieved": "2026-09-22"}], "coord_tier": null, "coord_source": null}}, {"type": "Feature", "geometry": null, "properties": {"id": "RRDB:US0117", "name": "SUPO Super High Power Reactor", "country": "United States of America", "stage": "reactor-research", "subtype": "HOMOG (L)", "city": "Los Alamos, NM", "thermal_power_kw": "35", "status": "DECOMMISSIONED", "start": "1951-03-01", "prov": [{"tier": 1, "source": "IAEA Research Reactor Database export", "record": "US0117", "url": "https://nucleus.iaea.org/rrdb/", "retrieved": "2026-09-22"}], "coord_tier": null, "coord_source": null}}, {"type": "Feature", "geometry": null, "properties": {"id": "RRDB:US0116", "name": "HYPO High Power Reactor", "country": "United States of America", "stage": "reactor-research", "subtype": "HOMOG (L)", "city": "Los Alamos, NM", "thermal_power_kw": "5.5", "status": "DECOMMISSIONED", "start": "1944-12-01", "prov": [{"tier": 1, "source": "IAEA Research Reactor Database export", "record": "US0116", "url": "https://nucleus.iaea.org/rrdb/", "retrieved": "2026-09-22"}], "coord_tier": null, "coord_source": null}}, {"type": "Feature", "geometry": null, "properties": {"id": "RRDB:US0115", "name": "Hydro", "country": "United States of America", "stage": "reactor-research", "subtype": "CRIT ASSEMBLY", "city": "Los Alamos, NM", "thermal_power_kw": "10", "status": "DECOMMISSIONED", "start": "1956-01-01", "prov": [{"tier": 1, "source": "IAEA Research Reactor Database export", "record": "US0115", "url": "https://nucleus.iaea.org/rrdb/", "retrieved": "2026-09-22"}], "coord_tier": null, "coord_source": null}}, {"type": "Feature", "geometry": null, "properties": {"id": "RRDB:US0113", "name": "Kiwi-TNT", "country": "United States of America", "stage": "reactor-research", "subtype": "SPACE TEST", "city": "Las Vegas, NV", "thermal_power_kw": "937000", "status": "DECOMMISSIONED", "start": "1965-01-01", "prov": [{"tier": 1, "source": "IAEA Research Reactor Database export", "record": "US0113", "url": "https://nucleus.iaea.org/rrdb/", "retrieved": "2026-09-22"}], "coord_tier": null, "coord_source": null}}, {"type": "Feature", "geometry": null, "properties": {"id": "RRDB:US0112", "name": "Kinglet", "country": "United States of America", "stage": "reactor-research", "subtype": "HOMOG (L)", "city": "Los Alamos, NM", "thermal_power_kw": "2000", "status": "DECOMMISSIONED", "start": "1972-01-01", "prov": [{"tier": 1, "source": "IAEA Research Reactor Database export", "record": "US0112", "url": "https://nucleus.iaea.org/rrdb/", "retrieved": "2026-09-22"}], "coord_tier": null, "coord_source": null}}, {"type": "Feature", "geometry": null, "properties": {"id": "RRDB:US0104", "name": "Jezebel", "country": "United States of America", "stage": "reactor-research", "subtype": "CRIT ASSEMBLY", "city": "Los Alamos, NM", "thermal_power_kw": "0.001", "status": "DECOMMISSIONED", "start": "1954-01-01", "prov": [{"tier": 1, "source": "IAEA Research Reactor Database export", "record": "US0104", "url": "https://nucleus.iaea.org/rrdb/", "retrieved": "2026-09-22"}], "coord_tier": null, "coord_source": null}}, {"type": "Feature", "geometry": null, "properties": {"id": "RRDB:US0108", "name": "Comet", "country": "United States of America", "stage": "reactor-research", "subtype": "CRIT ASSEMBLY", "city": "Las Vegas, NV", "thermal_power_kw": "0.5", "status": "OPERATIONAL", "start": "1952-01-01", "prov": [{"tier": 1, "source": "IAEA Research Reactor Database export", "record": "US0108", "url": "https://nucleus.iaea.org/rrdb/", "retrieved": "2026-09-22"}], "coord_tier": null, "coord_source": null}}, {"type": "Feature", "geometry": null, "properties": {"id": "RRDB:US0106", "name": "Godiva IV", "country": "United States of America", "stage": "reactor-research", "subtype": "CRIT ASSEMBLY", "city": "Las Vegas, NV", "thermal_power_kw": "1", "status": "OPERATIONAL", "start": "1967-01-01", "prov": [{"tier": 1, "source": "IAEA Research Reactor Database export", "record": "US0106", "url": "https://nucleus.iaea.org/rrdb/", "retrieved": "2026-09-22"}], "coord_tier": null, "coord_source": null}}, {"type": "Feature", "geometry": null, "properties": {"id": "RRDB:US0105", "name": "Parka", "country": "United States of America", "stage": "reactor-research", "subtype": "CRIT ASSEMBLY", "city": "Los Alamos, NM", "thermal_power_kw": "0.001", "status": "DECOMMISSIONED", "start": "1962-11-30", "prov": [{"tier": 1, "source": "IAEA Research Reactor Database export", "record": "US0105", "url": "https://nucleus.iaea.org/rrdb/", "retrieved": "2026-09-22"}], "coord_tier": null, "coord_source": null}}, {"type": "Feature", "geometry": null, "properties": {"id": "RRDB:US0103", "name": "Big Ten", "country": "United States of America", "stage": "reactor-research", "subtype": "CRIT FAST", "city": "Los Alamos, NM", "thermal_power_kw": "5", "status": "DECOMMISSIONED", "start": "1971-04-01", "prov": [{"tier": 1, "source": "IAEA Research Reactor Database export", "record": "US0103", "url": "https://nucleus.iaea.org/rrdb/", "retrieved": "2026-09-22"}], "coord_tier": null, "coord_source": null}}, {"type": "Feature", "geometry": null, "properties": {"id": "RRDB:US0100", "name": "Fran", "country": "United States of America", "stage": "reactor-research", "subtype": "PROMPT BURST", "city": "Los Alamos, NM", "thermal_power_kw": "0.001", "status": "DECOMMISSIONED", "start": "1962-09-01", "prov": [{"tier": 1, "source": "IAEA Research Reactor Database export", "record": "US0100", "url": "https://nucleus.iaea.org/rrdb/", "retrieved": "2026-09-22"}], "coord_tier": null, "coord_source": null}}, {"type": "Feature", "geometry": null, "properties": {"id": "RRDB:US0099", "name": "LIWB Livermore Water Boiler", "country": "United States of America", "stage": "reactor-research", "subtype": "HOMOG (L)", "city": "Livermore, CA", "thermal_power_kw": "0.5", "status": "DECOMMISSIONED", "start": "1953-11-05", "prov": [{"tier": 1, "source": "IAEA Research Reactor Database export", "record": "US0099", "url": "https://nucleus.iaea.org/rrdb/", "retrieved": "2026-09-22"}], "coord_tier": null, "coord_source": null}}, {"type": "Feature", "geometry": null, "properties": {"id": "RRDB:US0098", "name": "LPTR Livermore Pool", "country": "United States of America", "stage": "reactor-research", "subtype": "TANK", "city": "Livermore, CA", "thermal_power_kw": "3000", "status": "DECOMMISSIONED", "start": "1957-12-13", "prov": [{"tier": 1, "source": "IAEA Research Reactor Database export", "record": "US0098", "url": "https://nucleus.iaea.org/rrdb/", "retrieved": "2026-09-22"}], "coord_tier": null, "coord_source": null}}, {"type": "Feature", "geometry": null, "properties": {"id": "RRDB:US0091", "name": "SPERT-4 Special Power Excursion Test", "country": "United States of America", "stage": "reactor-research", "subtype": "POOL", "city": "Idaho Falls, ID", "thermal_power_kw": "1000", "status": "DECOMMISSIONED", "start": "1962-07-24", "prov": [{"tier": 1, "source": "IAEA Research Reactor Database export", "record": "US0091", "url": "https://nucleus.iaea.org/rrdb/", "retrieved": "2026-09-22"}], "coord_tier": null, "coord_source": null}}, {"type": "Feature", "geometry": null, "properties": {"id": "RRDB:US0090", "name": "SPERT-3 Special Power Excursion Test", "country": "United States of America", "stage": "reactor-research", "subtype": "POOL", "city": "Idaho Falls, ID", "thermal_power_kw": "60000", "status": "DECOMMISSIONED", "start": "1958-12-19", "prov": [{"tier": 1, "source": "IAEA Research Reactor Database export", "record": "US0090", "url": "https://nucleus.iaea.org/rrdb/", "retrieved": "2026-09-22"}], "coord_tier": null, "coord_source": null}}, {"type": "Feature", "geometry": null, "properties": {"id": "RRDB:US0089", "name": "SPERT-2 Special Power Excursion Test", "country": "United States of America", "stage": "reactor-research", "subtype": "POOL", "city": "Idaho Falls, ID", "thermal_power_kw": "0.001", "status": "DECOMMISSIONED", "start": "1960-03-11", "prov": [{"tier": 1, "source": "IAEA Research Reactor Database export", "record": "US0089", "url": "https://nucleus.iaea.org/rrdb/", "retrieved": "2026-09-22"}], "coord_tier": null, "coord_source": null}}, {"type": "Feature", "geometry": null, "properties": {"id": "RRDB:US0088", "name": "SPERT-1 Special Power Excursion Test", "country": "United States of America", "stage": "reactor-research", "subtype": "TANK", "city": "Idaho Falls, ID", "thermal_power_kw": "0.001", "status": "DECOMMISSIONED", "start": "1955-07-01", "prov": [{"tier": 1, "source": "IAEA Research Reactor Database export", "record": "US0088", "url": "https://nucleus.iaea.org/rrdb/", "retrieved": "2026-09-22"}], "coord_tier": null, "coord_source": null}}, {"type": "Feature", "geometry": null, "properties": {"id": "RRDB:US0087", "name": "SNAPTRAN-3", "country": "United States of America", "stage": "reactor-research", "subtype": "ZRH, H2O COOLED", "city": "Idaho Falls, ID", "thermal_power_kw": "0.001", "status": "DECOMMISSIONED", "start": "1964-04-01", "prov": [{"tier": 1, "source": "IAEA Research Reactor Database export", "record": "US0087", "url": "https://nucleus.iaea.org/rrdb/", "retrieved": "2026-09-22"}], "coord_tier": null, "coord_source": null}}, {"type": "Feature", "geometry": null, "properties": {"id": "RRDB:US0086", "name": "SNAPTRAN-2", "country": "United States of America", "stage": "reactor-research", "subtype": "ZRH, BE REFLECT", "city": "Idaho Falls, ID", "thermal_power_kw": "0.7", "status": "DECOMMISSIONED", "start": "1965-01-01", "prov": [{"tier": 1, "source": "IAEA Research Reactor Database export", "record": "US0086", "url": "https://nucleus.iaea.org/rrdb/", "retrieved": "2026-09-22"}], "coord_tier": null, "coord_source": null}}, {"type": "Feature", "geometry": null, "properties": {"id": "RRDB:US0111", "name": "SNAPTRAN-1", "country": "United States of America", "stage": "reactor-research", "subtype": "ZRH, BE REFLECT", "city": "Simi Valley, CA", "thermal_power_kw": "0.04", "status": "DECOMMISSIONED", "start": "1963-01-01", "prov": [{"tier": 1, "source": "IAEA Research Reactor Database export", "record": "US0111", "url": "https://nucleus.iaea.org/rrdb/", "retrieved": "2026-09-22"}], "coord_tier": null, "coord_source": null}}, {"type": "Feature", "geometry": null, "properties": {"id": "RRDB:US0084", "name": "PBF Power Burst Facility", "country": "United States of America", "stage": "reactor-research", "subtype": "TANK", "city": "Idaho Falls, ID", "thermal_power_kw": "28000", "status": "DECOMMISSIONED", "start": "1972-09-22", "prov": [{"tier": 1, "source": "IAEA Research Reactor Database export", "record": "US0084", "url": "https://nucleus.iaea.org/rrdb/", "retrieved": "2026-09-22"}], "coord_tier": null, "coord_source": null}}, {"type": "Feature", "geometry": null, "properties": {"id": "RRDB:US0083", "name": "OMRE Organic Moderated Reactor Experimen", "country": "United States of America", "stage": "reactor-research", "subtype": "ORGANIC MODER", "city": "Idaho Falls, ID", "thermal_power_kw": "12000", "status": "DECOMMISSIONED", "start": "1957-09-01", "prov": [{"tier": 1, "source": "IAEA Research Reactor Database export", "record": "US0083", "url": "https://nucleus.iaea.org/rrdb/", "retrieved": "2026-09-22"}], "coord_tier": null, "coord_source": null}}, {"type": "Feature", "geometry": null, "properties": {"id": "RRDB:US0080", "name": "LOFT Loss of Fluid Test", "country": "United States of America", "stage": "reactor-research", "subtype": "TANK", "city": "Idaho Falls, ID", "thermal_power_kw": "50000", "status": "DECOMMISSIONED", "start": "1978-02-05", "prov": [{"tier": 1, "source": "IAEA Research Reactor Database export", "record": "US0080", "url": "https://nucleus.iaea.org/rrdb/", "retrieved": "2026-09-22"}], "coord_tier": null, "coord_source": null}}, {"type": "Feature", "geometry": null, "properties": {"id": "RRDB:US0079", "name": "HOTCE", "country": "United States of America", "stage": "reactor-research", "subtype": "CRIT ASSEMBLY", "city": "Idaho Falls, ID", "thermal_power_kw": "0.1", "status": "DECOMMISSIONED", "start": "1958-01-01", "prov": [{"tier": 1, "source": "IAEA Research Reactor Database export", "record": "US0079", "url": "https://nucleus.iaea.org/rrdb/", "retrieved": "2026-09-22"}], "coord_tier": null, "coord_source": null}}, {"type": "Feature", "geometry": null, "properties": {"id": "RRDB:US0078", "name": "HTRE-3", "country": "United States of America", "stage": "reactor-research", "subtype": "AIR COOLED", "city": "Idaho Falls, ID", "thermal_power_kw": "32000", "status": "DECOMMISSIONED", "start": "1958-01-01", "prov": [{"tier": 1, "source": "IAEA Research Reactor Database export", "record": "US0078", "url": "https://nucleus.iaea.org/rrdb/", "retrieved": "2026-09-22"}], "coord_tier": null, "coord_source": null}}, {"type": "Feature", "geometry": null, "properties": {"id": "RRDB:US0077", "name": "HTRE-2", "country": "United States of America", "stage": "reactor-research", "subtype": "AIR COOLED", "city": "Idaho Falls, ID", "thermal_power_kw": "14000", "status": "DECOMMISSIONED", "start": "1957-07-01", "prov": [{"tier": 1, "source": "IAEA Research Reactor Database export", "record": "US0077", "url": "https://nucleus.iaea.org/rrdb/", "retrieved": "2026-09-22"}], "coord_tier": null, "coord_source": null}}, {"type": "Feature", "geometry": null, "properties": {"id": "RRDB:US0076", "name": "HTRE-1", "country": "United States of America", "stage": "reactor-research", "subtype": "AIR COOLED", "city": "Idaho Falls, ID", "thermal_power_kw": "20000", "status": "DECOMMISSIONED", "start": "1955-11-04", "prov": [{"tier": 1, "source": "IAEA Research Reactor Database export", "record": "US0076", "url": "https://nucleus.iaea.org/rrdb/", "retrieved": "2026-09-22"}], "coord_tier": null, "coord_source": null}}, {"type": "Feature", "geometry": null, "properties": {"id": "RRDB:US0075", "name": "GCRE, Gas Cooled Reactor Experiment", "country": "United States of America", "stage": "reactor-research", "subtype": "GAS", "city": "Idaho Falls, ID", "thermal_power_kw": "2200", "status": "DECOMMISSIONED", "start": "1960-02-10", "prov": [{"tier": 1, "source": "IAEA Research Reactor Database export", "record": "US0075", "url": "https://nucleus.iaea.org/rrdb/", "retrieved": "2026-09-22"}], "coord_tier": null, "coord_source": null}}, {"type": "Feature", "geometry": null, "properties": {"id": "RRDB:US0074", "name": "ETRC", "country": "United States of America", "stage": "reactor-research", "subtype": "TANK", "city": "Idaho Falls, ID", "thermal_power_kw": "50", "status": "DECOMMISSIONED", "start": "1957-01-01", "prov": [{"tier": 1, "source": "IAEA Research Reactor Database export", "record": "US0074", "url": "https://nucleus.iaea.org/rrdb/", "retrieved": "2026-09-22"}], "coord_tier": null, "coord_source": null}}, {"type": "Feature", "geometry": null, "properties": {"id": "RRDB:US0073", "name": "ETR Engineering Test Reactor", "country": "United States of America", "stage": "reactor-research", "subtype": "TANK", "city": "Idaho Falls, ID", "thermal_power_kw": "175000", "status": "DECOMMISSIONED", "start": "1957-09-02", "prov": [{"tier": 1, "source": "IAEA Research Reactor Database export", "record": "US0073", "url": "https://nucleus.iaea.org/rrdb/", "retrieved": "2026-09-22"}], "coord_tier": null, "coord_source": null}}, {"type": "Feature", "geometry": null, "properties": {"id": "RRDB:US0072", "name": "CFRMF Couple Fast Reactivity Measurement", "country": "United States of America", "stage": "reactor-research", "subtype": "POOL", "city": "Idaho Falls, ID", "thermal_power_kw": "100", "status": "DECOMMISSIONED", "start": "1962-12-04", "prov": [{"tier": 1, "source": "IAEA Research Reactor Database export", "record": "US0072", "url": "https://nucleus.iaea.org/rrdb/", "retrieved": "2026-09-22"}], "coord_tier": null, "coord_source": null}}, {"type": "Feature", "geometry": null, "properties": {"id": "RRDB:US0071", "name": "ATRC", "country": "United States of America", "stage": "reactor-research", "subtype": "POOL", "city": "Idaho Falls, ID", "thermal_power_kw": "5", "status": "OPERATIONAL", "start": "1964-05-19", "prov": [{"tier": 1, "source": "IAEA Research Reactor Database export", "record": "US0071", "url": "https://nucleus.iaea.org/rrdb/", "retrieved": "2026-09-22"}], "coord_tier": null, "coord_source": null}}, {"type": "Feature", "geometry": null, "properties": {"id": "RRDB:US0069", "name": "ARMF-I Advanced Reactivity Measurement", "country": "United States of America", "stage": "reactor-research", "subtype": "POOL", "city": "Idaho Falls, ID", "thermal_power_kw": "100", "status": "DECOMMISSIONED", "start": "1960-10-10", "prov": [{"tier": 1, "source": "IAEA Research Reactor Database export", "record": "US0069", "url": "https://nucleus.iaea.org/rrdb/", "retrieved": "2026-09-22"}], "coord_tier": null, "coord_source": null}}, {"type": "Feature", "geometry": null, "properties": {"id": "RRDB:US0052", "name": "NTR General Electric", "country": "United States of America", "stage": "reactor-research", "subtype": "GRAPHITE", "city": "Pleasanton, CA", "thermal_power_kw": "100", "status": "OPERATIONAL", "start": "1957-11-15", "prov": [{"tier": 1, "source": "IAEA Research Reactor Database export", "record": "US0052", "url": "https://nucleus.iaea.org/rrdb/", "retrieved": "2026-09-22"}], "coord_tier": null, "coord_source": null}}, {"type": "Feature", "geometry": null, "properties": {"id": "RRDB:US0261", "name": "S1C Prototype", "country": "United States of America", "stage": "reactor-research", "subtype": "PWR PROPULSION", "city": "Windsor, CT", "thermal_power_kw": "0", "status": "DECOMMISSIONED", "start": "1959-01-01", "prov": [{"tier": 1, "source": "IAEA Research Reactor Database export", "record": "US0261", "url": "https://nucleus.iaea.org/rrdb/", "retrieved": "2026-09-22"}], "coord_tier": null, "coord_source": null}}, {"type": "Feature", "geometry": null, "properties": {"id": "RRDB:US0046", "name": "GA-TRIGA III", "country": "United States of America", "stage": "reactor-research", "subtype": "TRIGA MARK III", "city": "San Diego, CA", "thermal_power_kw": "2000", "status": "DECOMMISSIONED", "start": "1966-01-01", "prov": [{"tier": 1, "source": "IAEA Research Reactor Database export", "record": "US0046", "url": "https://nucleus.iaea.org/rrdb/", "retrieved": "2026-09-22"}], "coord_tier": null, "coord_source": null}}, {"type": "Feature", "geometry": null, "properties": {"id": "RRDB:US0038", "name": "ASTR Aerospace Systems Test", "country": "United States of America", "stage": "reactor-research", "subtype": "TANK", "city": "Fort Worth, TX", "thermal_power_kw": "10000", "status": "DECOMMISSIONED", "start": "1954-11-17", "prov": [{"tier": 1, "source": "IAEA Research Reactor Database export", "record": "US0038", "url": "https://nucleus.iaea.org/rrdb/", "retrieved": "2026-09-22"}], "coord_tier": null, "coord_source": null}}, {"type": "Feature", "geometry": null, "properties": {"id": "RRDB:US0029", "name": "BGRR Brookhaven Graphite RR", "country": "United States of America", "stage": "reactor-research", "subtype": "GRAPHITE", "city": "Upton, NY", "thermal_power_kw": "20000", "status": "DECOMMISSIONED", "start": "1950-08-01", "prov": [{"tier": 1, "source": "IAEA Research Reactor Database export", "record": "US0029", "url": "https://nucleus.iaea.org/rrdb/", "retrieved": "2026-09-22"}], "coord_tier": null, "coord_source": null}}, {"type": "Feature", "geometry": null, "properties": {"id": "RRDB:US0011", "name": "EBWR", "country": "United States of America", "stage": "reactor-research", "subtype": "BWR", "city": "Lemont, IL", "thermal_power_kw": "100000", "status": "DECOMMISSIONED", "start": "1956-12-03", "prov": [{"tier": 1, "source": "IAEA Research Reactor Database export", "record": "US0011", "url": "https://nucleus.iaea.org/rrdb/", "retrieved": "2026-09-22"}], "coord_tier": null, "coord_source": null}}, {"type": "Feature", "geometry": null, "properties": {"id": "RRDB:US0010", "name": "CP-5 Chicago Pile", "country": "United States of America", "stage": "reactor-research", "subtype": "HEAVY WATER", "city": "Lemont, IL", "thermal_power_kw": "5000", "status": "DECOMMISSIONED", "start": "1954-02-01", "prov": [{"tier": 1, "source": "IAEA Research Reactor Database export", "record": "US0010", "url": "https://nucleus.iaea.org/rrdb/", "retrieved": "2026-09-22"}], "coord_tier": null, "coord_source": null}}, {"type": "Feature", "geometry": null, "properties": {"id": "RRDB:US0009", "name": "CP-3 Chicago Pile 3", "country": "United States of America", "stage": "reactor-research", "subtype": "HEAVY WATER", "city": "Lemont, IL", "thermal_power_kw": "300", "status": "DECOMMISSIONED", "start": "1944-05-01", "prov": [{"tier": 1, "source": "IAEA Research Reactor Database export", "record": "US0009", "url": "https://nucleus.iaea.org/rrdb/", "retrieved": "2026-09-22"}], "coord_tier": null, "coord_source": null}}, {"type": "Feature", "geometry": null, "properties": {"id": "RRDB:US0008", "name": "CP-2 Chicago Pile 2", "country": "United States of America", "stage": "reactor-research", "subtype": "GRAPHITE PILE", "city": "Lemont, IL", "thermal_power_kw": "2", "status": "DECOMMISSIONED", "start": "1943-01-01", "prov": [{"tier": 1, "source": "IAEA Research Reactor Database export", "record": "US0008", "url": "https://nucleus.iaea.org/rrdb/", "retrieved": "2026-09-22"}], "coord_tier": null, "coord_source": null}}, {"type": "Feature", "geometry": null, "properties": {"id": "RRDB:CA0016", "name": "SDR SLOWPOKE Demo Reactor", "country": "Canada", "stage": "reactor-research", "subtype": "HEATING PROT", "city": "Pinawa, MB", "thermal_power_kw": "2000", "status": "DECOMMISSIONED", "start": "1987-07-15", "prov": [{"tier": 1, "source": "IAEA Research Reactor Database export", "record": "CA0016", "url": "https://nucleus.iaea.org/rrdb/", "retrieved": "2026-09-22"}], "coord_tier": null, "coord_source": null}}, {"type": "Feature", "geometry": null, "properties": {"id": "RRDB:TW0004", "name": "THAR", "country": "Taiwan, China", "stage": "reactor-research", "subtype": "ARGONAUT", "city": "Hsinchu City", "thermal_power_kw": "10", "status": "DECOMMISSIONED", "start": "1974-04-20", "prov": [{"tier": 1, "source": "IAEA Research Reactor Database export", "record": "TW0004", "url": "https://nucleus.iaea.org/rrdb/", "retrieved": "2026-09-22"}], "coord_tier": null, "coord_source": null}}, {"type": "Feature", "geometry": null, "properties": {"id": "RRDB:US0004", "name": "Juggernaut", "country": "United States of America", "stage": "reactor-research", "subtype": "ARGONAUT", "city": "Lemont, IL", "thermal_power_kw": "250", "status": "DECOMMISSIONED", "start": "1962-01-11", "prov": [{"tier": 1, "source": "IAEA Research Reactor Database export", "record": "US0004", "url": "https://nucleus.iaea.org/rrdb/", "retrieved": "2026-09-22"}], "coord_tier": null, "coord_source": null}}, {"type": "Feature", "geometry": null, "properties": {"id": "RRDB:US0121", "name": "AGN-201 Memphis St. Univ.", "country": "United States of America", "stage": "reactor-research", "subtype": "HOMOG (S)", "city": "Memphis, TN", "thermal_power_kw": "0.001", "status": "DECOMMISSIONED", "start": "1977-01-01", "prov": [{"tier": 1, "source": "IAEA Research Reactor Database export", "record": "US0121", "url": "https://nucleus.iaea.org/rrdb/", "retrieved": "2026-09-22"}], "coord_tier": null, "coord_source": null}}, {"type": "Feature", "geometry": null, "properties": {"id": "RRDB:US0012", "name": "ZPR-6 Argonne", "country": "United States of America", "stage": "reactor-research", "subtype": "CRIT ASSEMBLY", "city": "Lemont, IL", "thermal_power_kw": "0.001", "status": "DECOMMISSIONED", "start": "1963-07-01", "prov": [{"tier": 1, "source": "IAEA Research Reactor Database export", "record": "US0012", "url": "https://nucleus.iaea.org/rrdb/", "retrieved": "2026-09-22"}], "coord_tier": null, "coord_source": null}}, {"type": "Feature", "geometry": null, "properties": {"id": "RRDB:US0006", "name": "ATSR Argonne Thermal Source", "country": "United States of America", "stage": "reactor-research", "subtype": "POOL", "city": "Lemont, IL", "thermal_power_kw": "10", "status": "DECOMMISSIONED", "start": "1960-01-01", "prov": [{"tier": 1, "source": "IAEA Research Reactor Database export", "record": "US0006", "url": "https://nucleus.iaea.org/rrdb/", "retrieved": "2026-09-22"}], "coord_tier": null, "coord_source": null}}, {"type": "Feature", "geometry": null, "properties": {"id": "RRDB:US0294", "name": "TTR-1 Thermal Test", "country": "United States of America", "stage": "reactor-research", "subtype": "GRAPHITE", "city": "Schenectady, NY", "thermal_power_kw": "10", "status": "DECOMMISSIONED", "start": "1951-01-01", "prov": [{"tier": 1, "source": "IAEA Research Reactor Database export", "record": "US0294", "url": "https://nucleus.iaea.org/rrdb/", "retrieved": "2026-09-22"}], "coord_tier": null, "coord_source": null}}, {"type": "Feature", "geometry": null, "properties": {"id": "RRDB:US0085", "name": "SNARE Sandia Nuclear Assembly", "country": "United States of America", "stage": "reactor-research", "subtype": "POOL", "city": "Baton Rouge, LA", "thermal_power_kw": "2", "status": "DECOMMISSIONED", "start": "1951-01-01", "prov": [{"tier": 1, "source": "IAEA Research Reactor Database export", "record": "US0085", "url": "https://nucleus.iaea.org/rrdb/", "retrieved": "2026-09-22"}], "coord_tier": null, "coord_source": null}}, {"type": "Feature", "geometry": null, "properties": {"id": "RRDB:US0292", "name": "Saxton Experimental Reactor", "country": "United States of America", "stage": "reactor-research", "subtype": "PWR POWER", "city": "Saxton, PA", "thermal_power_kw": "28000", "status": "DECOMMISSIONED", "start": "1962-04-12", "prov": [{"tier": 1, "source": "IAEA Research Reactor Database export", "record": "US0292", "url": "https://nucleus.iaea.org/rrdb/", "retrieved": "2026-09-22"}], "coord_tier": null, "coord_source": null}}, {"type": "Feature", "geometry": null, "properties": {"id": "RRDB:US0056", "name": "SM-1 Stationary Medium Power", "country": "United States of America", "stage": "reactor-research", "subtype": "PWR POWER", "city": "Mount Vernon, VA", "thermal_power_kw": "10000", "status": "UNDER DECOMMISSIONING", "start": "1957-04-08", "prov": [{"tier": 1, "source": "IAEA Research Reactor Database export", "record": "US0056", "url": "https://nucleus.iaea.org/rrdb/", "retrieved": "2026-09-22"}], "coord_tier": null, "coord_source": null}}, {"type": "Feature", "geometry": null, "properties": {"id": "RRDB:US0287", "name": "RMF Reactivity Measurement Facility", "country": "United States of America", "stage": "reactor-research", "subtype": "POOL", "city": "Idaho Falls, ID", "thermal_power_kw": "0.1", "status": "DECOMMISSIONED", "start": "1954-02-01", "prov": [{"tier": 1, "source": "IAEA Research Reactor Database export", "record": "US0287", "url": "https://nucleus.iaea.org/rrdb/", "retrieved": "2026-09-22"}], "coord_tier": null, "coord_source": null}}, {"type": "Feature", "geometry": null, "properties": {"id": "RRDB:US0265", "name": "SCRCE Spherical Cavity Experiment", "country": "United States of America", "stage": "reactor-research", "subtype": "HEAVY WATER", "city": "Idaho Falls, ID", "thermal_power_kw": "0.001", "status": "DECOMMISSIONED", "start": "1969-12-10", "prov": [{"tier": 1, "source": "IAEA Research Reactor Database export", "record": "US0265", "url": "https://nucleus.iaea.org/rrdb/", "retrieved": "2026-09-22"}], "coord_tier": null, "coord_source": null}}, {"type": "Feature", "geometry": null, "properties": {"id": "RRDB:US0286", "name": "Phoebus", "country": "United States of America", "stage": "reactor-research", "subtype": "SPACE TEST", "city": "Las Vegas, NV", "thermal_power_kw": "3500000", "status": "DECOMMISSIONED", "start": "1965-06-25", "prov": [{"tier": 1, "source": "IAEA Research Reactor Database export", "record": "US0286", "url": "https://nucleus.iaea.org/rrdb/", "retrieved": "2026-09-22"}], "coord_tier": null, "coord_source": null}}, {"type": "Feature", "geometry": null, "properties": {"id": "RRDB:US0285", "name": "Pewee", "country": "United States of America", "stage": "reactor-research", "subtype": "SPACE TEST", "city": "Las Vegas, NV", "thermal_power_kw": "507000", "status": "DECOMMISSIONED", "start": "1968-11-15", "prov": [{"tier": 1, "source": "IAEA Research Reactor Database export", "record": "US0285", "url": "https://nucleus.iaea.org/rrdb/", "retrieved": "2026-09-22"}], "coord_tier": null, "coord_source": null}}, {"type": "Feature", "geometry": null, "properties": {"id": "RRDB:US0042", "name": "Curtiss-Wright RR", "country": "United States of America", "stage": "reactor-research", "subtype": "POOL", "city": "Clearfield, PA", "thermal_power_kw": "3000", "status": "DECOMMISSIONED", "start": "1958-04-29", "prov": [{"tier": 1, "source": "IAEA Research Reactor Database export", "record": "US0042", "url": "https://nucleus.iaea.org/rrdb/", "retrieved": "2026-09-22"}], "coord_tier": null, "coord_source": null}}, {"type": "Feature", "geometry": null, "properties": {"id": "RRDB:US0284", "name": "NF-1 Nuclear Furnace", "country": "United States of America", "stage": "reactor-research", "subtype": "SPACE TEST", "city": "Las Vegas, NV", "thermal_power_kw": "44000", "status": "DECOMMISSIONED", "start": "1972-06-29", "prov": [{"tier": 1, "source": "IAEA Research Reactor Database export", "record": "US0284", "url": "https://nucleus.iaea.org/rrdb/", "retrieved": "2026-09-22"}], "coord_tier": null, "coord_source": null}}, {"type": "Feature", "geometry": null, "properties": {"id": "RRDB:US0022", "name": "BAWTR Babcock & Wilcox Test Reactor", "country": "United States of America", "stage": "reactor-research", "subtype": "POOL", "city": "Lynchburg, VA", "thermal_power_kw": "6000", "status": "DECOMMISSIONED", "start": "1964-01-01", "prov": [{"tier": 1, "source": "IAEA Research Reactor Database export", "record": "US0022", "url": "https://nucleus.iaea.org/rrdb/", "retrieved": "2026-09-22"}], "coord_tier": null, "coord_source": null}}, {"type": "Feature", "geometry": null, "properties": {"id": "RRDB:US0060", "name": "MSRE Molten Salt Reactor Experiment", "country": "United States of America", "stage": "reactor-research", "subtype": "HOMOG (L)", "city": "Oak Ridge, TN", "thermal_power_kw": "7400", "status": "UNDER DECOMMISSIONING", "start": "1965-06-01", "prov": [{"tier": 1, "source": "IAEA Research Reactor Database export", "record": "US0060", "url": "https://nucleus.iaea.org/rrdb/", "retrieved": "2026-09-22"}], "coord_tier": null, "coord_source": null}}, {"type": "Feature", "geometry": null, "properties": {"id": "RRDB:US0134", "name": "Latin American Demo Reactor", "country": "United States of America", "stage": "reactor-research", "subtype": "POOL", "city": "Oak Ridge, TN", "thermal_power_kw": "10", "status": "DECOMMISSIONED", "start": "1969-10-01", "prov": [{"tier": 1, "source": "IAEA Research Reactor Database export", "record": "US0134", "url": "https://nucleus.iaea.org/rrdb/", "retrieved": "2026-09-22"}], "coord_tier": null, "coord_source": null}}, {"type": "Feature", "geometry": null, "properties": {"id": "RRDB:UY0001", "name": "RU-1", "country": "Uruguay", "stage": "reactor-research", "subtype": "POOL", "city": "Montevideo", "thermal_power_kw": "10", "status": "DECOMMISSIONED", "start": "1978-04-20", "prov": [{"tier": 1, "source": "IAEA Research Reactor Database export", "record": "UY0001", "url": "https://nucleus.iaea.org/rrdb/", "retrieved": "2026-09-22"}], "coord_tier": null, "coord_source": null}}, {"type": "Feature", "geometry": null, "properties": {"id": "RRDB:US0278", "name": "HTMPR", "country": "United States of America", "stage": "reactor-research", "subtype": "CRIT ASSEMBLY", "city": "Idaho Falls, ID", "thermal_power_kw": "0.001", "status": "DECOMMISSIONED", "start": "1962-11-15", "prov": [{"tier": 1, "source": "IAEA Research Reactor Database export", "record": "US0278", "url": "https://nucleus.iaea.org/rrdb/", "retrieved": "2026-09-22"}], "coord_tier": null, "coord_source": null}}, {"type": "Feature", "geometry": null, "properties": {"id": "RRDB:US0058", "name": "HRT Homogeneous Reactor Test", "country": "United States of America", "stage": "reactor-research", "subtype": "HOMOG (L)", "city": "Oak Ridge, TN", "thermal_power_kw": "5000", "status": "DECOMMISSIONED", "start": "1957-12-27", "prov": [{"tier": 1, "source": "IAEA Research Reactor Database export", "record": "US0058", "url": "https://nucleus.iaea.org/rrdb/", "retrieved": "2026-09-22"}], "coord_tier": null, "coord_source": null}}, {"type": "Feature", "geometry": null, "properties": {"id": "RRDB:US0057", "name": "HRE-1 Homogeneous Reactor Experiment", "country": "United States of America", "stage": "reactor-research", "subtype": "HOMOG (L)", "city": "Oak Ridge, TN", "thermal_power_kw": "1000", "status": "DECOMMISSIONED", "start": "1952-04-15", "prov": [{"tier": 1, "source": "IAEA Research Reactor Database export", "record": "US0057", "url": "https://nucleus.iaea.org/rrdb/", "retrieved": "2026-09-22"}], "coord_tier": null, "coord_source": null}}, {"type": "Feature", "geometry": null, "properties": {"id": "RRDB:US0277", "name": "HMRFSR", "country": "United States of America", "stage": "reactor-research", "subtype": "CRIT FAST", "city": "Simi Valley, CA", "thermal_power_kw": "0.2", "status": "DECOMMISSIONED", "start": "1970-01-01", "prov": [{"tier": 1, "source": "IAEA Research Reactor Database export", "record": "US0277", "url": "https://nucleus.iaea.org/rrdb/", "retrieved": "2026-09-22"}], "coord_tier": null, "coord_source": null}}, {"type": "Feature", "geometry": null, "properties": {"id": "RRDB:HU0002", "name": "Budapest Research Reactor", "country": "Hungary", "stage": "reactor-research", "subtype": "TANK WWR", "city": "Budapest", "thermal_power_kw": "10000", "status": "OPERATIONAL", "start": "1959-03-25", "prov": [{"tier": 1, "source": "IAEA Research Reactor Database export", "record": "HU0002", "url": "https://nucleus.iaea.org/rrdb/", "retrieved": "2026-09-22"}], "coord_tier": null, "coord_source": null}}, {"type": "Feature", "geometry": null, "properties": {"id": "RRDB:HU0001", "name": "Nuclear Training Reactor", "country": "Hungary", "stage": "reactor-research", "subtype": "POOL", "city": "Budapest", "thermal_power_kw": "100", "status": "OPERATIONAL", "start": "1971-05-22", "prov": [{"tier": 1, "source": "IAEA Research Reactor Database export", "record": "HU0001", "url": "https://nucleus.iaea.org/rrdb/", "retrieved": "2026-09-22"}], "coord_tier": null, "coord_source": null}}, {"type": "Feature", "geometry": null, "properties": {"id": "RRDB:BR0003", "name": "Argonauta", "country": "Brazil", "stage": "reactor-research", "subtype": "ARGONAUT", "city": "Rio De Janeiro", "thermal_power_kw": "0.2", "status": "OPERATIONAL", "start": "1965-02-20", "prov": [{"tier": 1, "source": "IAEA Research Reactor Database export", "record": "BR0003", "url": "https://nucleus.iaea.org/rrdb/", "retrieved": "2026-09-22"}], "coord_tier": null, "coord_source": null}}, {"type": "Feature", "geometry": null, "properties": {"id": "RRDB:US0273", "name": "HTGR Critical Assembly", "country": "United States of America", "stage": "reactor-research", "subtype": "CRIT GRAPHITE", "city": "San Diego, CA", "thermal_power_kw": "0.5", "status": "DECOMMISSIONED", "start": "1959-01-01", "prov": [{"tier": 1, "source": "IAEA Research Reactor Database export", "record": "US0273", "url": "https://nucleus.iaea.org/rrdb/", "retrieved": "2026-09-22"}], "coord_tier": null, "coord_source": null}}, {"type": "Feature", "geometry": null, "properties": {"id": "RRDB:US0059", "name": "ARE Aircraft Reactor Experiment", "country": "United States of America", "stage": "reactor-research", "subtype": "CHANNEL TYPE", "city": "Oak Ridge, TN", "thermal_power_kw": "2500", "status": "DECOMMISSIONED", "start": "1954-11-03", "prov": [{"tier": 1, "source": "IAEA Research Reactor Database export", "record": "US0059", "url": "https://nucleus.iaea.org/rrdb/", "retrieved": "2026-09-22"}], "coord_tier": null, "coord_source": null}}, {"type": "Feature", "geometry": null, "properties": {"id": "RRDB:RU0122", "name": "BR-1M", "country": "Russian Federation", "stage": "reactor-research", "subtype": "FAST, PULSED", "city": "Sarov", "thermal_power_kw": "5", "status": "OPERATIONAL", "start": "1979-01-01", "prov": [{"tier": 1, "source": "IAEA Research Reactor Database export", "record": "RU0122", "url": "https://nucleus.iaea.org/rrdb/", "retrieved": "2026-09-22"}], "coord_tier": null, "coord_source": null}}, {"type": "Feature", "geometry": null, "properties": {"id": "RRDB:RU0123", "name": "BR-K1", "country": "Russian Federation", "stage": "reactor-research", "subtype": "FAST, PULSED", "city": "Sarov", "thermal_power_kw": "10", "status": "OPERATIONAL", "start": "1995-11-30", "prov": [{"tier": 1, "source": "IAEA Research Reactor Database export", "record": "RU0123", "url": "https://nucleus.iaea.org/rrdb/", "retrieved": "2026-09-22"}], "coord_tier": null, "coord_source": null}}, {"type": "Feature", "geometry": null, "properties": {"id": "RRDB:RU0010", "name": "IVV-2M", "country": "Russian Federation", "stage": "reactor-research", "subtype": "POOL", "city": "Zarechniy", "thermal_power_kw": "15000", "status": "OPERATIONAL", "start": "1966-04-23", "prov": [{"tier": 1, "source": "IAEA Research Reactor Database export", "record": "RU0010", "url": "https://nucleus.iaea.org/rrdb/", "retrieved": "2026-09-22"}], "coord_tier": null, "coord_source": null}}, {"type": "Feature", "geometry": null, "properties": {"id": "RRDB:RU0101", "name": "Stend T-2", "country": "Russian Federation", "stage": "reactor-research", "subtype": "SPACE TEST", "city": "Obninsk", "thermal_power_kw": "0.002", "status": "DECOMMISSIONED", "start": "1970-01-01", "prov": [{"tier": 1, "source": "IAEA Research Reactor Database export", "record": "RU0101", "url": "https://nucleus.iaea.org/rrdb/", "retrieved": "2026-09-22"}], "coord_tier": null, "coord_source": null}}, {"type": "Feature", "geometry": null, "properties": {"id": "RRDB:RU0100", "name": "VRL-03", "country": "Russian Federation", "stage": "reactor-research", "subtype": "POOL", "city": "Moscow", "thermal_power_kw": "100", "status": "DECOMMISSIONED", "start": "1961-01-01", "prov": [{"tier": 1, "source": "IAEA Research Reactor Database export", "record": "RU0100", "url": "https://nucleus.iaea.org/rrdb/", "retrieved": "2026-09-22"}], "coord_tier": null, "coord_source": null}}, {"type": "Feature", "geometry": null, "properties": {"id": "RRDB:RU0099", "name": "VRL-02", "country": "Russian Federation", "stage": "reactor-research", "subtype": "POOL", "city": "Moscow", "thermal_power_kw": "100", "status": "DECOMMISSIONED", "start": "1959-01-01", "prov": [{"tier": 1, "source": "IAEA Research Reactor Database export", "record": "RU0099", "url": "https://nucleus.iaea.org/rrdb/", "retrieved": "2026-09-22"}], "coord_tier": null, "coord_source": null}}, {"type": "Feature", "geometry": null, "properties": {"id": "RRDB:RU0098", "name": "S111", "country": "Russian Federation", "stage": "reactor-research", "subtype": "CRIT ASSEMBLY", "city": "Moscow", "thermal_power_kw": "0", "status": "DECOMMISSIONED", "start": "NA", "prov": [{"tier": 1, "source": "IAEA Research Reactor Database export", "record": "RU0098", "url": "https://nucleus.iaea.org/rrdb/", "retrieved": "2026-09-22"}], "coord_tier": null, "coord_source": null}}, {"type": "Feature", "geometry": null, "properties": {"id": "RRDB:RU0096", "name": "1120", "country": "Russian Federation", "stage": "reactor-research", "subtype": "CRIT ASSEMBLY", "city": "Nizhny Novgorod", "thermal_power_kw": "0", "status": "DECOMMISSIONED", "start": "1975-01-01", "prov": [{"tier": 1, "source": "IAEA Research Reactor Database export", "record": "RU0096", "url": "https://nucleus.iaea.org/rrdb/", "retrieved": "2026-09-22"}], "coord_tier": null, "coord_source": null}}, {"type": "Feature", "geometry": null, "properties": {"id": "RRDB:RU0093", "name": "MER", "country": "Russian Federation", "stage": "reactor-research", "subtype": "CRIT ASSEMBLY", "city": "St. Petersburg", "thermal_power_kw": "0.2", "status": "PERMANENT SHUTDOWN", "start": "1970-01-01", "prov": [{"tier": 1, "source": "IAEA Research Reactor Database export", "record": "RU0093", "url": "https://nucleus.iaea.org/rrdb/", "retrieved": "2026-09-22"}], "coord_tier": null, "coord_source": null}}, {"type": "Feature", "geometry": null, "properties": {"id": "RRDB:RU0092", "name": "G-1", "country": "Russian Federation", "stage": "reactor-research", "subtype": "CRIT ASSEMBLY", "city": "St. Petersburg", "thermal_power_kw": "0.2", "status": "PERMANENT SHUTDOWN", "start": "1964-01-01", "prov": [{"tier": 1, "source": "IAEA Research Reactor Database export", "record": "RU0092", "url": "https://nucleus.iaea.org/rrdb/", "retrieved": "2026-09-22"}], "coord_tier": null, "coord_source": null}}, {"type": "Feature", "geometry": null, "properties": {"id": "RRDB:RU0083", "name": "FM SM-3", "country": "Russian Federation", "stage": "reactor-research", "subtype": "CRIT ASSEMBLY", "city": "Dimitrovgrad", "thermal_power_kw": "0.02", "status": "OPERATIONAL", "start": "1970-01-01", "prov": [{"tier": 1, "source": "IAEA Research Reactor Database export", "record": "RU0083", "url": "https://nucleus.iaea.org/rrdb/", "retrieved": "2026-09-22"}], "coord_tier": null, "coord_source": null}}, {"type": "Feature", "geometry": null, "properties": {"id": "RRDB:RU0082", "name": "FM MIR.M1", "country": "Russian Federation", "stage": "reactor-research", "subtype": "CRIT ASSEMBLY", "city": "Dimitrovgrad", "thermal_power_kw": "0.005", "status": "OPERATIONAL", "start": "1966-10-30", "prov": [{"tier": 1, "source": "IAEA Research Reactor Database export", "record": "RU0082", "url": "https://nucleus.iaea.org/rrdb/", "retrieved": "2026-09-22"}], "coord_tier": null, "coord_source": null}}, {"type": "Feature", "geometry": null, "properties": {"id": "RRDB:RU0081", "name": "Narciss-M2", "country": "Russian Federation", "stage": "reactor-research", "subtype": "CRIT ASSEMBLY", "city": "Moscow", "thermal_power_kw": "0.01", "status": "OPERATIONAL", "start": "1983-08-23", "prov": [{"tier": 1, "source": "IAEA Research Reactor Database export", "record": "RU0081", "url": "https://nucleus.iaea.org/rrdb/", "retrieved": "2026-09-22"}], "coord_tier": null, "coord_source": null}}, {"type": "Feature", "geometry": null, "properties": {"id": "RRDB:RU0080", "name": "SK Physical", "country": "Russian Federation", "stage": "reactor-research", "subtype": "CRIT ASSEMBLY", "city": "Moscow", "thermal_power_kw": "0.6", "status": "OPERATIONAL", "start": "2000-04-18", "prov": [{"tier": 1, "source": "IAEA Research Reactor Database export", "record": "RU0080", "url": "https://nucleus.iaea.org/rrdb/", "retrieved": "2026-09-22"}], "coord_tier": null, "coord_source": null}}, {"type": "Feature", "geometry": null, "properties": {"id": "RRDB:RU0078", "name": "Efir-2M", "country": "Russian Federation", "stage": "reactor-research", "subtype": "CRIT ASSEMBLY", "city": "Moscow", "thermal_power_kw": "0.1", "status": "OPERATIONAL", "start": "1973-01-01", "prov": [{"tier": 1, "source": "IAEA Research Reactor Database export", "record": "RU0078", "url": "https://nucleus.iaea.org/rrdb/", "retrieved": "2026-09-22"}], "coord_tier": null, "coord_source": null}}, {"type": "Feature", "geometry": null, "properties": {"id": "RRDB:RU0079", "name": "Delta", "country": "Russian Federation", "stage": "reactor-research", "subtype": "CRIT ASSEMBLY", "city": "Moscow", "thermal_power_kw": "0.1", "status": "OPERATIONAL", "start": "1985-04-24", "prov": [{"tier": 1, "source": "IAEA Research Reactor Database export", "record": "RU0079", "url": "https://nucleus.iaea.org/rrdb/", "retrieved": "2026-09-22"}], "coord_tier": null, "coord_source": null}}, {"type": "Feature", "geometry": null, "properties": {"id": "RRDB:RU0077", "name": "P", "country": "Russian Federation", "stage": "reactor-research", "subtype": "CRIT ASSEMBLY", "city": "Moscow", "thermal_power_kw": "0.2", "status": "OPERATIONAL", "start": "1987-07-17", "prov": [{"tier": 1, "source": "IAEA Research Reactor Database export", "record": "RU0077", "url": "https://nucleus.iaea.org/rrdb/", "retrieved": "2026-09-22"}], "coord_tier": null, "coord_source": null}}, {"type": "Feature", "geometry": null, "properties": {"id": "RRDB:RU0076", "name": "FM MR", "country": "Russian Federation", "stage": "reactor-research", "subtype": "CRIT ASSEMBLY", "city": "Moscow", "thermal_power_kw": "0.1", "status": "DECOMMISSIONED", "start": "1971-01-01", "prov": [{"tier": 1, "source": "IAEA Research Reactor Database export", "record": "RU0076", "url": "https://nucleus.iaea.org/rrdb/", "retrieved": "2026-09-22"}], "coord_tier": null, "coord_source": null}}, {"type": "Feature", "geometry": null, "properties": {"id": "RRDB:RU0075", "name": "Grog", "country": "Russian Federation", "stage": "reactor-research", "subtype": "CRIT ASSEMBLY", "city": "Moscow", "thermal_power_kw": "0.1", "status": "PERMANENT SHUTDOWN", "start": "1981-01-01", "prov": [{"tier": 1, "source": "IAEA Research Reactor Database export", "record": "RU0075", "url": "https://nucleus.iaea.org/rrdb/", "retrieved": "2026-09-22"}], "coord_tier": null, "coord_source": null}}, {"type": "Feature", "geometry": null, "properties": {"id": "RRDB:RU0074", "name": "B-1000", "country": "Russian Federation", "stage": "reactor-research", "subtype": "CRIT ASSEMBLY", "city": "Moscow", "thermal_power_kw": "0.2", "status": "OPERATIONAL", "start": "1986-09-03", "prov": [{"tier": 1, "source": "IAEA Research Reactor Database export", "record": "RU0074", "url": "https://nucleus.iaea.org/rrdb/", "retrieved": "2026-09-22"}], "coord_tier": null, "coord_source": null}}, {"type": "Feature", "geometry": null, "properties": {"id": "RRDB:RU0072", "name": "Kvant", "country": "Russian Federation", "stage": "reactor-research", "subtype": "CRIT ASSEMBLY", "city": "Moscow", "thermal_power_kw": "1", "status": "OPERATIONAL", "start": "1990-01-01", "prov": [{"tier": 1, "source": "IAEA Research Reactor Database export", "record": "RU0072", "url": "https://nucleus.iaea.org/rrdb/", "retrieved": "2026-09-22"}], "coord_tier": null, "coord_source": null}}, {"type": "Feature", "geometry": null, "properties": {"id": "RRDB:RU0073", "name": "Astra", "country": "Russian Federation", "stage": "reactor-research", "subtype": "CRIT ASSEMBLY", "city": "Moscow", "thermal_power_kw": "0.1", "status": "OPERATIONAL", "start": "1981-08-05", "prov": [{"tier": 1, "source": "IAEA Research Reactor Database export", "record": "RU0073", "url": "https://nucleus.iaea.org/rrdb/", "retrieved": "2026-09-22"}], "coord_tier": null, "coord_source": null}}, {"type": "Feature", "geometry": null, "properties": {"id": "RRDB:RU0071", "name": "SF-7", "country": "Russian Federation", "stage": "reactor-research", "subtype": "CRIT ASSEMBLY", "city": "Moscow", "thermal_power_kw": "0.1", "status": "DECOMMISSIONED", "start": "1975-03-12", "prov": [{"tier": 1, "source": "IAEA Research Reactor Database export", "record": "RU0071", "url": "https://nucleus.iaea.org/rrdb/", "retrieved": "2026-09-22"}], "coord_tier": null, "coord_source": null}}, {"type": "Feature", "geometry": null, "properties": {"id": "RRDB:RU0069", "name": "SF-3", "country": "Russian Federation", "stage": "reactor-research", "subtype": "CRIT ASSEMBLY", "city": "Moscow", "thermal_power_kw": "0.1", "status": "DECOMMISSIONED", "start": "1979-01-01", "prov": [{"tier": 1, "source": "IAEA Research Reactor Database export", "record": "RU0069", "url": "https://nucleus.iaea.org/rrdb/", "retrieved": "2026-09-22"}], "coord_tier": null, "coord_source": null}}, {"type": "Feature", "geometry": null, "properties": {"id": "RRDB:RU0070", "name": "SF-5", "country": "Russian Federation", "stage": "reactor-research", "subtype": "CRIT ASSEMBLY", "city": "Moscow", "thermal_power_kw": "0.1", "status": "DECOMMISSIONED", "start": "1972-01-01", "prov": [{"tier": 1, "source": "IAEA Research Reactor Database export", "record": "RU0070", "url": "https://nucleus.iaea.org/rrdb/", "retrieved": "2026-09-22"}], "coord_tier": null, "coord_source": null}}, {"type": "Feature", "geometry": null, "properties": {"id": "RRDB:RU0068", "name": "SF-1", "country": "Russian Federation", "stage": "reactor-research", "subtype": "CRIT ASSEMBLY", "city": "Moscow", "thermal_power_kw": "0.1", "status": "DECOMMISSIONED", "start": "1972-05-19", "prov": [{"tier": 1, "source": "IAEA Research Reactor Database export", "record": "RU0068", "url": "https://nucleus.iaea.org/rrdb/", "retrieved": "2026-09-22"}], "coord_tier": null, "coord_source": null}}, {"type": "Feature", "geometry": null, "properties": {"id": "RRDB:RU0067", "name": "Mayak", "country": "Russian Federation", "stage": "reactor-research", "subtype": "CRIT ASSEMBLY", "city": "Moscow", "thermal_power_kw": "0.01", "status": "DECOMMISSIONED", "start": "1967-01-01", "prov": [{"tier": 1, "source": "IAEA Research Reactor Database export", "record": "RU0067", "url": "https://nucleus.iaea.org/rrdb/", "retrieved": "2026-09-22"}], "coord_tier": null, "coord_source": null}}, {"type": "Feature", "geometry": null, "properties": {"id": "RRDB:RU0066", "name": "RBMK", "country": "Russian Federation", "stage": "reactor-research", "subtype": "CRIT ASSEMBLY", "city": "Moscow", "thermal_power_kw": "0.025", "status": "OPERATIONAL", "start": "1982-01-06", "prov": [{"tier": 1, "source": "IAEA Research Reactor Database export", "record": "RU0066", "url": "https://nucleus.iaea.org/rrdb/", "retrieved": "2026-09-22"}], "coord_tier": null, "coord_source": null}}, {"type": "Feature", "geometry": null, "properties": {"id": "RRDB:RU0065", "name": "UG", "country": "Russian Federation", "stage": "reactor-research", "subtype": "CRIT ASSEMBLY", "city": "Moscow", "thermal_power_kw": "0.1", "status": "PERMANENT SHUTDOWN", "start": "1965-12-18", "prov": [{"tier": 1, "source": "IAEA Research Reactor Database export", "record": "RU0065", "url": "https://nucleus.iaea.org/rrdb/", "retrieved": "2026-09-22"}], "coord_tier": null, "coord_source": null}}, {"type": "Feature", "geometry": null, "properties": {"id": "RRDB:RU0062", "name": "MATR-2", "country": "Russian Federation", "stage": "reactor-research", "subtype": "CRIT ASSEMBLY", "city": "Obninsk", "thermal_power_kw": "0.4", "status": "UNDER DECOMMISSIONING", "start": "1963-08-02", "prov": [{"tier": 1, "source": "IAEA Research Reactor Database export", "record": "RU0062", "url": "https://nucleus.iaea.org/rrdb/", "retrieved": "2026-09-22"}], "coord_tier": null, "coord_source": null}}, {"type": "Feature", "geometry": null, "properties": {"id": "RRDB:RU0054", "name": "FS-1M", "country": "Russian Federation", "stage": "reactor-research", "subtype": "CRIT ASSEMBLY", "city": "Obninsk", "thermal_power_kw": "0.2", "status": "DECOMMISSIONED", "start": "1970-03-03", "prov": [{"tier": 1, "source": "IAEA Research Reactor Database export", "record": "RU0054", "url": "https://nucleus.iaea.org/rrdb/", "retrieved": "2026-09-22"}], "coord_tier": null, "coord_source": null}}, {"type": "Feature", "geometry": null, "properties": {"id": "RRDB:RU0053", "name": "MAKET", "country": "Russian Federation", "stage": "reactor-research", "subtype": "CRIT ASSEMBLY", "city": "Moscow", "thermal_power_kw": "0.1", "status": "OPERATIONAL", "start": "1976-12-30", "prov": [{"tier": 1, "source": "IAEA Research Reactor Database export", "record": "RU0053", "url": "https://nucleus.iaea.org/rrdb/", "retrieved": "2026-09-22"}], "coord_tier": null, "coord_source": null}}, {"type": "Feature", "geometry": null, "properties": {"id": "RRDB:RU0051", "name": "Argus-2", "country": "Russian Federation", "stage": "reactor-research", "subtype": "HOMOG (L)", "city": "Moscow", "thermal_power_kw": "50", "status": "DECOMMISSIONED", "start": "NA", "prov": [{"tier": 1, "source": "IAEA Research Reactor Database export", "record": "RU0051", "url": "https://nucleus.iaea.org/rrdb/", "retrieved": "2026-09-22"}], "coord_tier": null, "coord_source": null}}, {"type": "Feature", "geometry": null, "properties": {"id": "RRDB:RU0050", "name": "U-3", "country": "Russian Federation", "stage": "reactor-research", "subtype": "POOL", "city": "St. Petersburg", "thermal_power_kw": "50", "status": "OPERATIONAL", "start": "1964-12-13", "prov": [{"tier": 1, "source": "IAEA Research Reactor Database export", "record": "RU0050", "url": "https://nucleus.iaea.org/rrdb/", "retrieved": "2026-09-22"}], "coord_tier": null, "coord_source": null}}, {"type": "Feature", "geometry": null, "properties": {"id": "RRDB:RU0042", "name": "Arbus (AST-1)", "country": "Russian Federation", "stage": "reactor-research", "subtype": "TANK", "city": "Dimitrovgrad", "thermal_power_kw": "12000", "status": "DECOMMISSIONED", "start": "1963-01-01", "prov": [{"tier": 1, "source": "IAEA Research Reactor Database export", "record": "RU0042", "url": "https://nucleus.iaea.org/rrdb/", "retrieved": "2026-09-22"}], "coord_tier": null, "coord_source": null}}, {"type": "Feature", "geometry": null, "properties": {"id": "RRDB:RU0043", "name": "VK-50", "country": "Russian Federation", "stage": "reactor-research", "subtype": "BWR-PROTOTYPE", "city": "Dimitrovgrad", "thermal_power_kw": "200000", "status": "OPERATIONAL", "start": "1964-12-15", "prov": [{"tier": 1, "source": "IAEA Research Reactor Database export", "record": "RU0043", "url": "https://nucleus.iaea.org/rrdb/", "retrieved": "2026-09-22"}], "coord_tier": null, "coord_source": null}}, {"type": "Feature", "geometry": null, "properties": {"id": "RRDB:RU0041", "name": "Gamma", "country": "Russian Federation", "stage": "reactor-research", "subtype": "TANK", "city": "Moscow", "thermal_power_kw": "150", "status": "UNDER DECOMMISSIONING", "start": "1981-12-30", "prov": [{"tier": 1, "source": "IAEA Research Reactor Database export", "record": "RU0041", "url": "https://nucleus.iaea.org/rrdb/", "retrieved": "2026-09-22"}], "coord_tier": null, "coord_source": null}}, {"type": "Feature", "geometry": null, "properties": {"id": "RRDB:RU0035", "name": "FBR-L Fast Burst-Laser", "country": "Russian Federation", "stage": "reactor-research", "subtype": "FAST BURST", "city": "Chelyabinsk", "thermal_power_kw": "5", "status": "OPERATIONAL", "start": "1981-03-31", "prov": [{"tier": 1, "source": "IAEA Research Reactor Database export", "record": "RU0035", "url": "https://nucleus.iaea.org/rrdb/", "retrieved": "2026-09-22"}], "coord_tier": null, "coord_source": null}}, {"type": "Feature", "geometry": null, "properties": {"id": "RRDB:RU0034", "name": "YAGUAR (NHUAR)", "country": "Russian Federation", "stage": "reactor-research", "subtype": "HOMOG PUL", "city": "Chelyabinsk", "thermal_power_kw": "4", "status": "OPERATIONAL", "start": "1988-12-31", "prov": [{"tier": 1, "source": "IAEA Research Reactor Database export", "record": "RU0034", "url": "https://nucleus.iaea.org/rrdb/", "retrieved": "2026-09-22"}], "coord_tier": null, "coord_source": null}}, {"type": "Feature", "geometry": null, "properties": {"id": "RRDB:RU0033", "name": "IGRIK, Pulsed Homog", "country": "Russian Federation", "stage": "reactor-research", "subtype": "HOMOG", "city": "Chelyabinsk", "thermal_power_kw": "30", "status": "OPERATIONAL", "start": "1975-03-15", "prov": [{"tier": 1, "source": "IAEA Research Reactor Database export", "record": "RU0033", "url": "https://nucleus.iaea.org/rrdb/", "retrieved": "2026-09-22"}], "coord_tier": null, "coord_source": null}}, {"type": "Feature", "geometry": null, "properties": {"id": "RRDB:RU0032", "name": "BARS-5 (FNRS)", "country": "Russian Federation", "stage": "reactor-research", "subtype": "FAST BURST", "city": "Snezhinsk", "thermal_power_kw": "10", "status": "OPERATIONAL", "start": "1986-01-01", "prov": [{"tier": 1, "source": "IAEA Research Reactor Database export", "record": "RU0032", "url": "https://nucleus.iaea.org/rrdb/", "retrieved": "2026-09-22"}], "coord_tier": null, "coord_source": null}}, {"type": "Feature", "geometry": {"type": "Point", "coordinates": [88.24482, 69.30327]}, "properties": {"id": "RRDB:RU0030", "name": "RG-1M", "country": "Russian Federation", "stage": "reactor-research", "subtype": "POOL", "city": "Norilsk", "thermal_power_kw": "100", "status": "DECOMMISSIONED", "start": "1970-04-15", "prov": [{"tier": 1, "source": "IAEA Research Reactor Database export", "record": "RU0030", "url": "https://nucleus.iaea.org/rrdb/", "retrieved": "2026-09-22"}], "coord_tier": 3, "coord_source": "wikidata Q16656344"}}, {"type": "Feature", "geometry": null, "properties": {"id": "RRDB:RU0027", "name": "BOR-60", "country": "Russian Federation", "stage": "reactor-research", "subtype": "FAST BREEDER", "city": "Dimitrovgrad", "thermal_power_kw": "60000", "status": "OPERATIONAL", "start": "1968-12-30", "prov": [{"tier": 1, "source": "IAEA Research Reactor Database export", "record": "RU0027", "url": "https://nucleus.iaea.org/rrdb/", "retrieved": "2026-09-22"}], "coord_tier": null, "coord_source": null}}, {"type": "Feature", "geometry": {"type": "Point", "coordinates": [37.47861, 55.79611]}, "properties": {"id": "RRDB:RU0023", "name": "F-1", "country": "Russian Federation", "stage": "reactor-research", "subtype": "GRAPHITE PILE", "city": "Moscow", "thermal_power_kw": "24", "status": "PERMANENT SHUTDOWN", "start": "1946-12-25", "prov": [{"tier": 1, "source": "IAEA Research Reactor Database export", "record": "RU0023", "url": "https://nucleus.iaea.org/rrdb/", "retrieved": "2026-09-22"}], "coord_tier": 3, "coord_source": "wikidata Q4479886"}}, {"type": "Feature", "geometry": null, "properties": {"id": "RRDB:RU0022", "name": "RBT-6", "country": "Russian Federation", "stage": "reactor-research", "subtype": "POOL", "city": "Dimitrovgrad", "thermal_power_kw": "6000", "status": "OPERATIONAL", "start": "1975-09-24", "prov": [{"tier": 1, "source": "IAEA Research Reactor Database export", "record": "RU0022", "url": "https://nucleus.iaea.org/rrdb/", "retrieved": "2026-09-22"}], "coord_tier": null, "coord_source": null}}, {"type": "Feature", "geometry": null, "properties": {"id": "RRDB:RU0020", "name": "RBT-10/2", "country": "Russian Federation", "stage": "reactor-research", "subtype": "POOL", "city": "Dimitrovgrad", "thermal_power_kw": "7000", "status": "OPERATIONAL", "start": "1983-11-24", "prov": [{"tier": 1, "source": "IAEA Research Reactor Database export", "record": "RU0020", "url": "https://nucleus.iaea.org/rrdb/", "retrieved": "2026-09-22"}], "coord_tier": null, "coord_source": null}}, {"type": "Feature", "geometry": null, "properties": {"id": "RRDB:RU0012", "name": "Romashka", "country": "Russian Federation", "stage": "reactor-research", "subtype": "SPACE TEST", "city": "Moscow", "thermal_power_kw": "40", "status": "DECOMMISSIONED", "start": "1964-08-01", "prov": [{"tier": 1, "source": "IAEA Research Reactor Database export", "record": "RU0012", "url": "https://nucleus.iaea.org/rrdb/", "retrieved": "2026-09-22"}], "coord_tier": null, "coord_source": null}}, {"type": "Feature", "geometry": null, "properties": {"id": "RRDB:RU011 ", "name": "MR", "country": "Russian Federation", "stage": "reactor-research", "subtype": "TANK", "city": "Moscow", "thermal_power_kw": "50000", "status": "UNDER DECOMMISSIONING", "start": "1963-12-01", "prov": [{"tier": 1, "source": "IAEA Research Reactor Database export", "record": "RU011 ", "url": "https://nucleus.iaea.org/rrdb/", "retrieved": "2026-09-22"}], "coord_tier": null, "coord_source": null}}, {"type": "Feature", "geometry": null, "properties": {"id": "RRDB:UA0001", "name": "WWR-M Kiev", "country": "Ukraine", "stage": "reactor-research", "subtype": "TANK WWR", "city": "Kiev", "thermal_power_kw": "10000", "status": "OPERATIONAL", "start": "1960-12-02", "prov": [{"tier": 1, "source": "IAEA Research Reactor Database export", "record": "UA0001", "url": "https://nucleus.iaea.org/rrdb/", "retrieved": "2026-09-22"}], "coord_tier": null, "coord_source": null}}, {"type": "Feature", "geometry": null, "properties": {"id": "RRDB:RU0006", "name": "SBR-2", "country": "Russian Federation", "stage": "reactor-research", "subtype": "FAST, HG COOLED", "city": "Obninsk", "thermal_power_kw": "150", "status": "DECOMMISSIONED", "start": "1957-03-01", "prov": [{"tier": 1, "source": "IAEA Research Reactor Database export", "record": "RU0006", "url": "https://nucleus.iaea.org/rrdb/", "retrieved": "2026-09-22"}], "coord_tier": null, "coord_source": null}}, {"type": "Feature", "geometry": null, "properties": {"id": "RRDB:RU0003", "name": "RPT", "country": "Russian Federation", "stage": "reactor-research", "subtype": "GRAPHITE", "city": "Moscow", "thermal_power_kw": "20000", "status": "DECOMMISSIONED", "start": "1952-04-01", "prov": [{"tier": 1, "source": "IAEA Research Reactor Database export", "record": "RU0003", "url": "https://nucleus.iaea.org/rrdb/", "retrieved": "2026-09-22"}], "coord_tier": null, "coord_source": null}}, {"type": "Feature", "geometry": null, "properties": {"id": "RRDB:RU0002", "name": "OR-M", "country": "Russian Federation", "stage": "reactor-research", "subtype": "TANK WWR", "city": "Moscow", "thermal_power_kw": "300", "status": "OPERATIONAL", "start": "1988-05-20", "prov": [{"tier": 1, "source": "IAEA Research Reactor Database export", "record": "RU0002", "url": "https://nucleus.iaea.org/rrdb/", "retrieved": "2026-09-22"}], "coord_tier": null, "coord_source": null}}, {"type": "Feature", "geometry": null, "properties": {"id": "RRDB:RU0001", "name": "TVR", "country": "Russian Federation", "stage": "reactor-research", "subtype": "TANK", "city": "Moscow", "thermal_power_kw": "2500", "status": "UNDER DECOMMISSIONING", "start": "1949-01-01", "prov": [{"tier": 1, "source": "IAEA Research Reactor Database export", "record": "RU0001", "url": "https://nucleus.iaea.org/rrdb/", "retrieved": "2026-09-22"}], "coord_tier": null, "coord_source": null}}, {"type": "Feature", "geometry": null, "properties": {"id": "RRDB:RU121 ", "name": "VVR-2", "country": "Russian Federation", "stage": "reactor-research", "subtype": "TANK", "city": "Moscow", "thermal_power_kw": "3000", "status": "DECOMMISSIONED", "start": "1954-01-01", "prov": [{"tier": 1, "source": "IAEA Research Reactor Database export", "record": "RU121 ", "url": "https://nucleus.iaea.org/rrdb/", "retrieved": "2026-09-22"}], "coord_tier": null, "coord_source": null}}, {"type": "Feature", "geometry": null, "properties": {"id": "RRDB:RU084 ", "name": "VIR-2M", "country": "Russian Federation", "stage": "reactor-research", "subtype": "HOMOG PUL", "city": "Sarov", "thermal_power_kw": "25", "status": "OPERATIONAL", "start": "1980-04-24", "prov": [{"tier": 1, "source": "IAEA Research Reactor Database export", "record": "RU084 ", "url": "https://nucleus.iaea.org/rrdb/", "retrieved": "2026-09-22"}], "coord_tier": null, "coord_source": null}}, {"type": "Feature", "geometry": null, "properties": {"id": "RRDB:RU120 ", "name": "VIR-2", "country": "Russian Federation", "stage": "reactor-research", "subtype": "HOMOG PUL", "city": "Sarov", "thermal_power_kw": "25", "status": "DECOMMISSIONED", "start": "1965-01-01", "prov": [{"tier": 1, "source": "IAEA Research Reactor Database export", "record": "RU120 ", "url": "https://nucleus.iaea.org/rrdb/", "retrieved": "2026-09-22"}], "coord_tier": null, "coord_source": null}}, {"type": "Feature", "geometry": null, "properties": {"id": "RRDB:BY0001", "name": "IRT-M Minsk", "country": "Belarus", "stage": "reactor-research", "subtype": "POOL, IRT", "city": "Minsk", "thermal_power_kw": "5000", "status": "DECOMMISSIONED", "start": "1962-04-01", "prov": [{"tier": 1, "source": "IAEA Research Reactor Database export", "record": "BY0001", "url": "https://nucleus.iaea.org/rrdb/", "retrieved": "2026-09-22"}], "coord_tier": null, "coord_source": null}}, {"type": "Feature", "geometry": null, "properties": {"id": "RRDB:RU118 ", "name": "BR-5", "country": "Russian Federation", "stage": "reactor-research", "subtype": "FAST, NA COOLED", "city": "Obninsk", "thermal_power_kw": "5000", "status": "DECOMMISSIONED", "start": "1958-01-01", "prov": [{"tier": 1, "source": "IAEA Research Reactor Database export", "record": "RU118 ", "url": "https://nucleus.iaea.org/rrdb/", "retrieved": "2026-09-22"}], "coord_tier": null, "coord_source": null}}, {"type": "Feature", "geometry": null, "properties": {"id": "RRDB:RU117 ", "name": "BR-2", "country": "Russian Federation", "stage": "reactor-research", "subtype": "FAST", "city": "Obninsk", "thermal_power_kw": "100", "status": "DECOMMISSIONED", "start": "1956-01-01", "prov": [{"tier": 1, "source": "IAEA Research Reactor Database export", "record": "RU117 ", "url": "https://nucleus.iaea.org/rrdb/", "retrieved": "2026-09-22"}], "coord_tier": null, "coord_source": null}}, {"type": "Feature", "geometry": null, "properties": {"id": "RRDB:BE0007", "name": "MYRRHA", "country": "Belgium", "stage": "reactor-research", "subtype": "FAST", "city": "Mol", "thermal_power_kw": "85000", "status": "PLANNED", "start": "NA", "prov": [{"tier": 1, "source": "IAEA Research Reactor Database export", "record": "BE0007", "url": "https://nucleus.iaea.org/rrdb/", "retrieved": "2026-09-22"}], "coord_tier": null, "coord_source": null}}, {"type": "Feature", "geometry": null, "properties": {"id": "RRDB:IT012 ", "name": "ISPRA-1", "country": "Italy", "stage": "reactor-research", "subtype": "HEAVY WATER", "city": "Ispra", "thermal_power_kw": "5000", "status": "PERMANENT SHUTDOWN", "start": "1959-03-24", "prov": [{"tier": 1, "source": "IAEA Research Reactor Database export", "record": "IT012 ", "url": "https://nucleus.iaea.org/rrdb/", "retrieved": "2026-09-22"}], "coord_tier": null, "coord_source": null}}, {"type": "Feature", "geometry": null, "properties": {"id": "RRDB:TW0001", "name": "THOR", "country": "Taiwan, China", "stage": "reactor-research", "subtype": "TRIGA CONV", "city": "Hsinchu City", "thermal_power_kw": "2000", "status": "OPERATIONAL", "start": "1961-04-13", "prov": [{"tier": 1, "source": "IAEA Research Reactor Database export", "record": "TW0001", "url": "https://nucleus.iaea.org/rrdb/", "retrieved": "2026-09-22"}], "coord_tier": null, "coord_source": null}}, {"type": "Feature", "geometry": null, "properties": {"id": "RRDB:TW0005", "name": "THMER", "country": "Taiwan, China", "stage": "reactor-research", "subtype": "MOBILE EDU.", "city": "Hsinchu City", "thermal_power_kw": "0.001", "status": "DECOMMISSIONED", "start": "1975-11-19", "prov": [{"tier": 1, "source": "IAEA Research Reactor Database export", "record": "TW0005", "url": "https://nucleus.iaea.org/rrdb/", "retrieved": "2026-09-22"}], "coord_tier": null, "coord_source": null}}, {"type": "Feature", "geometry": null, "properties": {"id": "RRDB:TW0002", "name": "TRR", "country": "Taiwan, China", "stage": "reactor-research", "subtype": "HEAVY WATER", "city": "Taoyuan City", "thermal_power_kw": "40000", "status": "DECOMMISSIONED", "start": "1973-01-03", "prov": [{"tier": 1, "source": "IAEA Research Reactor Database export", "record": "TW0002", "url": "https://nucleus.iaea.org/rrdb/", "retrieved": "2026-09-22"}], "coord_tier": null, "coord_source": null}}, {"type": "Feature", "geometry": null, "properties": {"id": "RRDB:TW0006", "name": "WBRL", "country": "Taiwan, China", "stage": "reactor-research", "subtype": "HOMOG (L)", "city": "Taoyuan City", "thermal_power_kw": "100", "status": "DECOMMISSIONED", "start": "1983-02-23", "prov": [{"tier": 1, "source": "IAEA Research Reactor Database export", "record": "TW0006", "url": "https://nucleus.iaea.org/rrdb/", "retrieved": "2026-09-22"}], "coord_tier": null, "coord_source": null}}, {"type": "Feature", "geometry": null, "properties": {"id": "RRDB:TW0003", "name": "ZPRL", "country": "Taiwan, China", "stage": "reactor-research", "subtype": "POOL", "city": "Taoyuan City", "thermal_power_kw": "30", "status": "PERMANENT SHUTDOWN", "start": "1971-02-02", "prov": [{"tier": 1, "source": "IAEA Research Reactor Database export", "record": "TW0003", "url": "https://nucleus.iaea.org/rrdb/", "retrieved": "2026-09-22"}], "coord_tier": null, "coord_source": null}}, {"type": "Feature", "geometry": null, "properties": {"id": "RRDB:TR0003", "name": "ITU-TRR", "country": "Türkiye", "stage": "reactor-research", "subtype": "TRIGA MARK II", "city": "Istanbul", "thermal_power_kw": "250", "status": "OPERATIONAL", "start": "1979-03-11", "prov": [{"tier": 1, "source": "IAEA Research Reactor Database export", "record": "TR0003", "url": "https://nucleus.iaea.org/rrdb/", "retrieved": "2026-09-22"}], "coord_tier": null, "coord_source": null}}, {"type": "Feature", "geometry": null, "properties": {"id": "RRDB:TR0001", "name": "TR-1", "country": "Türkiye", "stage": "reactor-research", "subtype": "POOL", "city": "Istanbul", "thermal_power_kw": "1000", "status": "DECOMMISSIONED", "start": "1962-01-01", "prov": [{"tier": 1, "source": "IAEA Research Reactor Database export", "record": "TR0001", "url": "https://nucleus.iaea.org/rrdb/", "retrieved": "2026-09-22"}], "coord_tier": null, "coord_source": null}}, {"type": "Feature", "geometry": null, "properties": {"id": "RRDB:SE0005", "name": "FR-0", "country": "Sweden", "stage": "reactor-research", "subtype": "CRIT FAST", "city": "Nyköping", "thermal_power_kw": "0.01", "status": "DECOMMISSIONED", "start": "1964-02-01", "prov": [{"tier": 1, "source": "IAEA Research Reactor Database export", "record": "SE0005", "url": "https://nucleus.iaea.org/rrdb/", "retrieved": "2026-09-22"}], "coord_tier": null, "coord_source": null}}, {"type": "Feature", "geometry": null, "properties": {"id": "RRDB:SE0003", "name": "KRITZ", "country": "Sweden", "stage": "reactor-research", "subtype": "CRIT ASSEMBLY", "city": "Nyköping", "thermal_power_kw": "0.1", "status": "DECOMMISSIONED", "start": "1969-10-01", "prov": [{"tier": 1, "source": "IAEA Research Reactor Database export", "record": "SE0003", "url": "https://nucleus.iaea.org/rrdb/", "retrieved": "2026-09-22"}], "coord_tier": null, "coord_source": null}}, {"type": "Feature", "geometry": null, "properties": {"id": "RRDB:SE0002", "name": "R2-0", "country": "Sweden", "stage": "reactor-research", "subtype": "POOL", "city": "Nyköping", "thermal_power_kw": "1000", "status": "UNDER DECOMMISSIONING", "start": "1960-06-20", "prov": [{"tier": 1, "source": "IAEA Research Reactor Database export", "record": "SE0002", "url": "https://nucleus.iaea.org/rrdb/", "retrieved": "2026-09-22"}], "coord_tier": null, "coord_source": null}}, {"type": "Feature", "geometry": null, "properties": {"id": "RRDB:SE0001", "name": "R-2", "country": "Sweden", "stage": "reactor-research", "subtype": "TANK", "city": "Nyköping", "thermal_power_kw": "50000", "status": "UNDER DECOMMISSIONING", "start": "1960-05-04", "prov": [{"tier": 1, "source": "IAEA Research Reactor Database export", "record": "SE0001", "url": "https://nucleus.iaea.org/rrdb/", "retrieved": "2026-09-22"}], "coord_tier": null, "coord_source": null}}, {"type": "Feature", "geometry": null, "properties": {"id": "RRDB:TJ0001", "name": "Argus-FTI", "country": "Tajikistan", "stage": "reactor-research", "subtype": "HOMOG (L)", "city": "Dushanbe", "thermal_power_kw": "50", "status": "UNDER CONSTRUCTION", "start": "NA", "prov": [{"tier": 1, "source": "IAEA Research Reactor Database export", "record": "TJ0001", "url": "https://nucleus.iaea.org/rrdb/", "retrieved": "2026-09-22"}], "coord_tier": null, "coord_source": null}}, {"type": "Feature", "geometry": null, "properties": {"id": "RRDB:RO0005", "name": "HELEN", "country": "Romania", "stage": "reactor-research", "subtype": "SUBCRIT", "city": "Bucharest", "thermal_power_kw": "0", "status": "DECOMMISSIONED", "start": "1969-01-01", "prov": [{"tier": 1, "source": "IAEA Research Reactor Database export", "record": "RO0005", "url": "https://nucleus.iaea.org/rrdb/", "retrieved": "2026-09-22"}], "coord_tier": null, "coord_source": null}}, {"type": "Feature", "geometry": null, "properties": {"id": "RRDB:RO0001", "name": "VVR-S Bucharest", "country": "Romania", "stage": "reactor-research", "subtype": "TANK WWR", "city": "Bucharest", "thermal_power_kw": "2000", "status": "UNDER DECOMMISSIONING", "start": "1957-07-01", "prov": [{"tier": 1, "source": "IAEA Research Reactor Database export", "record": "RO0001", "url": "https://nucleus.iaea.org/rrdb/", "retrieved": "2026-09-22"}], "coord_tier": null, "coord_source": null}}, {"type": "Feature", "geometry": null, "properties": {"id": "RRDB:RO0003", "name": "RP-01", "country": "Romania", "stage": "reactor-research", "subtype": "TANK", "city": "Bucharest", "thermal_power_kw": "0", "status": "DECOMMISSIONED", "start": "1976-02-01", "prov": [{"tier": 1, "source": "IAEA Research Reactor Database export", "record": "RO0003", "url": "https://nucleus.iaea.org/rrdb/", "retrieved": "2026-09-22"}], "coord_tier": null, "coord_source": null}}, {"type": "Feature", "geometry": null, "properties": {"id": "RRDB:PL0006", "name": "HELENA", "country": "Poland", "stage": "reactor-research", "subtype": "SUBCRIT", "city": "Otwock", "thermal_power_kw": "0.001", "status": "DECOMMISSIONED", "start": "1963-09-02", "prov": [{"tier": 1, "source": "IAEA Research Reactor Database export", "record": "PL0006", "url": "https://nucleus.iaea.org/rrdb/", "retrieved": "2026-09-22"}], "coord_tier": null, "coord_source": null}}, {"type": "Feature", "geometry": null, "properties": {"id": "RRDB:PL0003", "name": "AGATA", "country": "Poland", "stage": "reactor-research", "subtype": "POOL", "city": "Otwock", "thermal_power_kw": "0.1", "status": "DECOMMISSIONED", "start": "1973-05-05", "prov": [{"tier": 1, "source": "IAEA Research Reactor Database export", "record": "PL0003", "url": "https://nucleus.iaea.org/rrdb/", "retrieved": "2026-09-22"}], "coord_tier": null, "coord_source": null}}, {"type": "Feature", "geometry": null, "properties": {"id": "RRDB:PL0002", "name": "PANNA", "country": "Poland", "stage": "reactor-research", "subtype": "CRIT ASSEMBLY", "city": "Otwock", "thermal_power_kw": "0.1", "status": "DECOMMISSIONED", "start": "1963-01-01", "prov": [{"tier": 1, "source": "IAEA Research Reactor Database export", "record": "PL0002", "url": "https://nucleus.iaea.org/rrdb/", "retrieved": "2026-09-22"}], "coord_tier": null, "coord_source": null}}, {"type": "Feature", "geometry": null, "properties": {"id": "RRDB:PL0005", "name": "MARYLA", "country": "Poland", "stage": "reactor-research", "subtype": "POOL", "city": "Otwock", "thermal_power_kw": "100", "status": "DECOMMISSIONED", "start": "1963-12-29", "prov": [{"tier": 1, "source": "IAEA Research Reactor Database export", "record": "PL0005", "url": "https://nucleus.iaea.org/rrdb/", "retrieved": "2026-09-22"}], "coord_tier": null, "coord_source": null}}, {"type": "Feature", "geometry": {"type": "Point", "coordinates": [21.34418, 52.12295]}, "properties": {"id": "RRDB:PL0001", "name": "EWA", "country": "Poland", "stage": "reactor-research", "subtype": "TANK WWR", "city": "Otwock", "thermal_power_kw": "10000", "status": "UNDER DECOMMISSIONING", "start": "1958-06-14", "prov": [{"tier": 1, "source": "IAEA Research Reactor Database export", "record": "PL0001", "url": "https://nucleus.iaea.org/rrdb/", "retrieved": "2026-09-22"}], "coord_tier": 3, "coord_source": "wikidata Q1438102"}}, {"type": "Feature", "geometry": null, "properties": {"id": "RRDB:NO0004", "name": "NORA", "country": "Norway", "stage": "reactor-research", "subtype": "CRIT ASSEMBLY", "city": "Kjeller", "thermal_power_kw": "0.05", "status": "DECOMMISSIONED", "start": "1961-01-01", "prov": [{"tier": 1, "source": "IAEA Research Reactor Database export", "record": "NO0004", "url": "https://nucleus.iaea.org/rrdb/", "retrieved": "2026-09-22"}], "coord_tier": null, "coord_source": null}}, {"type": "Feature", "geometry": null, "properties": {"id": "RRDB:NO0003", "name": "JEEP I", "country": "Norway", "stage": "reactor-research", "subtype": "HEAVY WATER", "city": "Kjeller", "thermal_power_kw": "450", "status": "DECOMMISSIONED", "start": "1951-06-01", "prov": [{"tier": 1, "source": "IAEA Research Reactor Database export", "record": "NO0003", "url": "https://nucleus.iaea.org/rrdb/", "retrieved": "2026-09-22"}], "coord_tier": null, "coord_source": null}}, {"type": "Feature", "geometry": null, "properties": {"id": "RRDB:NL0009", "name": "KRITO", "country": "Netherlands, Kingdom of the", "stage": "reactor-research", "subtype": "CRIT ASSEMBLY", "city": "Petten", "thermal_power_kw": "0.1", "status": "DECOMMISSIONED", "start": "1963-03-29", "prov": [{"tier": 1, "source": "IAEA Research Reactor Database export", "record": "NL0009", "url": "https://nucleus.iaea.org/rrdb/", "retrieved": "2026-09-22"}], "coord_tier": null, "coord_source": null}}, {"type": "Feature", "geometry": null, "properties": {"id": "RRDB:NL0003", "name": "BARN", "country": "Netherlands, Kingdom of the", "stage": "reactor-research", "subtype": "POOL", "city": "Wageningen", "thermal_power_kw": "100", "status": "DECOMMISSIONED", "start": "1963-04-01", "prov": [{"tier": 1, "source": "IAEA Research Reactor Database export", "record": "NL0003", "url": "https://nucleus.iaea.org/rrdb/", "retrieved": "2026-09-22"}], "coord_tier": null, "coord_source": null}}, {"type": "Feature", "geometry": null, "properties": {"id": "RRDB:NL0008", "name": "ATHENE", "country": "Netherlands, Kingdom of the", "stage": "reactor-research", "subtype": "ARGONAUT", "city": "Eindhoven", "thermal_power_kw": "10", "status": "DECOMMISSIONED", "start": "1969-02-03", "prov": [{"tier": 1, "source": "IAEA Research Reactor Database export", "record": "NL0008", "url": "https://nucleus.iaea.org/rrdb/", "retrieved": "2026-09-22"}], "coord_tier": null, "coord_source": null}}, {"type": "Feature", "geometry": null, "properties": {"id": "RRDB:NL0005", "name": "KSTR", "country": "Netherlands, Kingdom of the", "stage": "reactor-research", "subtype": "AQUEOUS BREEDER", "city": "Arnhem", "thermal_power_kw": "1000", "status": "DECOMMISSIONED", "start": "1974-05-22", "prov": [{"tier": 1, "source": "IAEA Research Reactor Database export", "record": "NL0005", "url": "https://nucleus.iaea.org/rrdb/", "retrieved": "2026-09-22"}], "coord_tier": null, "coord_source": null}}, {"type": "Feature", "geometry": null, "properties": {"id": "RRDB:MX0001", "name": "TRIGA Mark III", "country": "Mexico", "stage": "reactor-research", "subtype": "TRIGA MARK III", "city": "La Marquesa Ocoyoacac", "thermal_power_kw": "1000", "status": "OPERATIONAL", "start": "1968-11-08", "prov": [{"tier": 1, "source": "IAEA Research Reactor Database export", "record": "MX0001", "url": "https://nucleus.iaea.org/rrdb/", "retrieved": "2026-09-22"}], "coord_tier": null, "coord_source": null}}, {"type": "Feature", "geometry": null, "properties": {"id": "RRDB:MX0002", "name": "SUR-100 UNAM", "country": "Mexico", "stage": "reactor-research", "subtype": "HOMOG (S)", "city": "Mexico City", "thermal_power_kw": "0", "status": "DECOMMISSIONED", "start": "1972-09-22", "prov": [{"tier": 1, "source": "IAEA Research Reactor Database export", "record": "MX0002", "url": "https://nucleus.iaea.org/rrdb/", "retrieved": "2026-09-22"}], "coord_tier": null, "coord_source": null}}, {"type": "Feature", "geometry": null, "properties": {"id": "RRDB:LV0001", "name": "SRR Salaspils Research Reactor", "country": "Latvia", "stage": "reactor-research", "subtype": "POOL", "city": "Salaspils", "thermal_power_kw": "5000", "status": "UNDER DECOMMISSIONING", "start": "1961-09-26", "prov": [{"tier": 1, "source": "IAEA Research Reactor Database export", "record": "LV0001", "url": "https://nucleus.iaea.org/rrdb/", "retrieved": "2026-09-22"}], "coord_tier": null, "coord_source": null}}, {"type": "Feature", "geometry": null, "properties": {"id": "RRDB:LV0002", "name": "RKS-25", "country": "Latvia", "stage": "reactor-research", "subtype": "POOL", "city": "Salaspils", "thermal_power_kw": "0.025", "status": "PERMANENT SHUTDOWN", "start": "1966-09-15", "prov": [{"tier": 1, "source": "IAEA Research Reactor Database export", "record": "LV0002", "url": "https://nucleus.iaea.org/rrdb/", "retrieved": "2026-09-22"}], "coord_tier": null, "coord_source": null}}, {"type": "Feature", "geometry": null, "properties": {"id": "RRDB:KZ0005", "name": "RA", "country": "Kazakhstan", "stage": "reactor-research", "subtype": "TANK", "city": "Kurchatov", "thermal_power_kw": "500", "status": "PERMANENT SHUTDOWN", "start": "1987-01-01", "prov": [{"tier": 1, "source": "IAEA Research Reactor Database export", "record": "KZ0005", "url": "https://nucleus.iaea.org/rrdb/", "retrieved": "2026-09-22"}], "coord_tier": null, "coord_source": null}}, {"type": "Feature", "geometry": null, "properties": {"id": "RRDB:KR0002", "name": "KRR-2", "country": "Korea, Republic of", "stage": "reactor-research", "subtype": "TRIGA MARK III", "city": "Seoul", "thermal_power_kw": "2000", "status": "DECOMMISSIONED", "start": "1972-04-10", "prov": [{"tier": 1, "source": "IAEA Research Reactor Database export", "record": "KR0002", "url": "https://nucleus.iaea.org/rrdb/", "retrieved": "2026-09-22"}], "coord_tier": null, "coord_source": null}}, {"type": "Feature", "geometry": null, "properties": {"id": "RRDB:KR0001", "name": "KRR-1", "country": "Korea, Republic of", "stage": "reactor-research", "subtype": "TRIGA MARK II", "city": "Seoul", "thermal_power_kw": "250", "status": "DECOMMISSIONED", "start": "1962-03-19", "prov": [{"tier": 1, "source": "IAEA Research Reactor Database export", "record": "KR0001", "url": "https://nucleus.iaea.org/rrdb/", "retrieved": "2026-09-22"}], "coord_tier": null, "coord_source": null}}, {"type": "Feature", "geometry": null, "properties": {"id": "RRDB:JP0022", "name": "JRR-3", "country": "Japan", "stage": "reactor-research", "subtype": "HEAVY WATER", "city": "Tokai-Mura", "thermal_power_kw": "10000", "status": "DECOMMISSIONED", "start": "1962-01-01", "prov": [{"tier": 1, "source": "IAEA Research Reactor Database export", "record": "JP0022", "url": "https://nucleus.iaea.org/rrdb/", "retrieved": "2026-09-22"}], "coord_tier": null, "coord_source": null}}, {"type": "Feature", "geometry": null, "properties": {"id": "RRDB:JP0019", "name": "NSRR", "country": "Japan", "stage": "reactor-research", "subtype": "TRIGA ACPR", "city": "Tokai", "thermal_power_kw": "300", "status": "OPERATIONAL", "start": "1975-06-30", "prov": [{"tier": 1, "source": "IAEA Research Reactor Database export", "record": "JP0019", "url": "https://nucleus.iaea.org/rrdb/", "retrieved": "2026-09-22"}], "coord_tier": null, "coord_source": null}}, {"type": "Feature", "geometry": null, "properties": {"id": "RRDB:JP0016", "name": "DCA", "country": "Japan", "stage": "reactor-research", "subtype": "CRIT ASSEMBLY", "city": "Tokyo", "thermal_power_kw": "1", "status": "UNDER DECOMMISSIONING", "start": "1969-12-28", "prov": [{"tier": 1, "source": "IAEA Research Reactor Database export", "record": "JP0016", "url": "https://nucleus.iaea.org/rrdb/", "retrieved": "2026-09-22"}], "coord_tier": null, "coord_source": null}}, {"type": "Feature", "geometry": null, "properties": {"id": "RRDB:JP0013", "name": "JMTRC", "country": "Japan", "stage": "reactor-research", "subtype": "POOL", "city": "NA", "thermal_power_kw": "0.1", "status": "DECOMMISSIONED", "start": "1965-10-01", "prov": [{"tier": 1, "source": "IAEA Research Reactor Database export", "record": "JP0013", "url": "https://nucleus.iaea.org/rrdb/", "retrieved": "2026-09-22"}], "coord_tier": null, "coord_source": null}}, {"type": "Feature", "geometry": null, "properties": {"id": "RRDB:JP0008", "name": "JRR-3M", "country": "Japan", "stage": "reactor-research", "subtype": "POOL", "city": "Tokai", "thermal_power_kw": "20000", "status": "OPERATIONAL", "start": "1990-03-22", "prov": [{"tier": 1, "source": "IAEA Research Reactor Database export", "record": "JP0008", "url": "https://nucleus.iaea.org/rrdb/", "retrieved": "2026-09-22"}], "coord_tier": null, "coord_source": null}}, {"type": "Feature", "geometry": null, "properties": {"id": "RRDB:JP0006", "name": "TTR", "country": "Japan", "stage": "reactor-research", "subtype": "POOL", "city": "Tokyo", "thermal_power_kw": "100", "status": "UNDER DECOMMISSIONING", "start": "1962-03-13", "prov": [{"tier": 1, "source": "IAEA Research Reactor Database export", "record": "JP0006", "url": "https://nucleus.iaea.org/rrdb/", "retrieved": "2026-09-22"}], "coord_tier": null, "coord_source": null}}, {"type": "Feature", "geometry": null, "properties": {"id": "RRDB:JP0005", "name": "HTR", "country": "Japan", "stage": "reactor-research", "subtype": "POOL", "city": "Tokyo", "thermal_power_kw": "100", "status": "UNDER DECOMMISSIONING", "start": "1961-12-25", "prov": [{"tier": 1, "source": "IAEA Research Reactor Database export", "record": "JP0005", "url": "https://nucleus.iaea.org/rrdb/", "retrieved": "2026-09-22"}], "coord_tier": null, "coord_source": null}}, {"type": "Feature", "geometry": null, "properties": {"id": "RRDB:JP0004", "name": "Rikkyo University Research Reactor (RUR)", "country": "Japan", "stage": "reactor-research", "subtype": "TRIGA MARK II", "city": "Yokosuka", "thermal_power_kw": "100", "status": "UNDER DECOMMISSIONING", "start": "1961-12-08", "prov": [{"tier": 1, "source": "IAEA Research Reactor Database export", "record": "JP0004", "url": "https://nucleus.iaea.org/rrdb/", "retrieved": "2026-09-22"}], "coord_tier": null, "coord_source": null}}, {"type": "Feature", "geometry": null, "properties": {"id": "RRDB:JP0003", "name": "UTR KINKI", "country": "Japan", "stage": "reactor-research", "subtype": "ARGONAUT", "city": "Osaka", "thermal_power_kw": "0.001", "status": "OPERATIONAL", "start": "1961-11-11", "prov": [{"tier": 1, "source": "IAEA Research Reactor Database export", "record": "JP0003", "url": "https://nucleus.iaea.org/rrdb/", "retrieved": "2026-09-22"}], "coord_tier": null, "coord_source": null}}, {"type": "Feature", "geometry": null, "properties": {"id": "RRDB:JP0001", "name": "JRR-2", "country": "Japan", "stage": "reactor-research", "subtype": "TANK", "city": "Tokai-Mura", "thermal_power_kw": "10000", "status": "UNDER DECOMMISSIONING", "start": "1960-10-01", "prov": [{"tier": 1, "source": "IAEA Research Reactor Database export", "record": "JP0001", "url": "https://nucleus.iaea.org/rrdb/", "retrieved": "2026-09-22"}], "coord_tier": null, "coord_source": null}}, {"type": "Feature", "geometry": null, "properties": {"id": "RRDB:JP0002", "name": "VHTRC", "country": "Japan", "stage": "reactor-research", "subtype": "CRIT ASSEMBLY", "city": "Tokai", "thermal_power_kw": "0.01", "status": "DECOMMISSIONED", "start": "1985-05-13", "prov": [{"tier": 1, "source": "IAEA Research Reactor Database export", "record": "JP0002", "url": "https://nucleus.iaea.org/rrdb/", "retrieved": "2026-09-22"}], "coord_tier": null, "coord_source": null}}, {"type": "Feature", "geometry": null, "properties": {"id": "RRDB:IT0014", "name": "ROSPO 2", "country": "Italy", "stage": "reactor-research", "subtype": "POOL", "city": "Rome", "thermal_power_kw": "0.2", "status": "DECOMMISSIONED", "start": "1963-01-01", "prov": [{"tier": 1, "source": "IAEA Research Reactor Database export", "record": "IT0014", "url": "https://nucleus.iaea.org/rrdb/", "retrieved": "2026-09-22"}], "coord_tier": null, "coord_source": null}}, {"type": "Feature", "geometry": null, "properties": {"id": "RRDB:IT0013", "name": "Struttura Sottocritica", "country": "Italy", "stage": "reactor-research", "subtype": "SUBCRIT", "city": "Padua", "thermal_power_kw": "0", "status": "DECOMMISSIONED", "start": "1962-01-01", "prov": [{"tier": 1, "source": "IAEA Research Reactor Database export", "record": "IT0013", "url": "https://nucleus.iaea.org/rrdb/", "retrieved": "2026-09-22"}], "coord_tier": null, "coord_source": null}}, {"type": "Feature", "geometry": null, "properties": {"id": "RRDB:IT0011", "name": "L-54M", "country": "Italy", "stage": "reactor-research", "subtype": "HOMOG (L)", "city": "Milan", "thermal_power_kw": "50", "status": "UNDER DECOMMISSIONING", "start": "1959-11-20", "prov": [{"tier": 1, "source": "IAEA Research Reactor Database export", "record": "IT0011", "url": "https://nucleus.iaea.org/rrdb/", "retrieved": "2026-09-22"}], "coord_tier": null, "coord_source": null}}, {"type": "Feature", "geometry": null, "properties": {"id": "RRDB:IT0009", "name": "RB-2", "country": "Italy", "stage": "reactor-research", "subtype": "ARGONAUT", "city": "Bologna", "thermal_power_kw": "10", "status": "DECOMMISSIONED", "start": "1963-05-28", "prov": [{"tier": 1, "source": "IAEA Research Reactor Database export", "record": "IT0009", "url": "https://nucleus.iaea.org/rrdb/", "retrieved": "2026-09-22"}], "coord_tier": null, "coord_source": null}}, {"type": "Feature", "geometry": {"type": "Point", "coordinates": [13.35097, 38.10639]}, "properties": {"id": "RRDB:IT0010", "name": "AGN-201 Costanza", "country": "Italy", "stage": "reactor-research", "subtype": "HOMOG (S)", "city": "Palermo", "thermal_power_kw": "0.02", "status": "OPERATIONAL", "start": "1960-02-12", "prov": [{"tier": 1, "source": "IAEA Research Reactor Database export", "record": "IT0010", "url": "https://nucleus.iaea.org/rrdb/", "retrieved": "2026-09-22"}], "coord_tier": 3, "coord_source": "wikidata Q126285275"}}, {"type": "Feature", "geometry": null, "properties": {"id": "RRDB:IT0004", "name": "RITMO Reactor (RC-4)", "country": "Italy", "stage": "reactor-research", "subtype": "POOL", "city": "Rome", "thermal_power_kw": "0.01", "status": "DECOMMISSIONED", "start": "1965-07-08", "prov": [{"tier": 1, "source": "IAEA Research Reactor Database export", "record": "IT0004", "url": "https://nucleus.iaea.org/rrdb/", "retrieved": "2026-09-22"}], "coord_tier": null, "coord_source": null}}, {"type": "Feature", "geometry": null, "properties": {"id": "RRDB:IT0002", "name": "Galileo Galilei RTS-1", "country": "Italy", "stage": "reactor-research", "subtype": "POOL", "city": "Pisa", "thermal_power_kw": "5000", "status": "DECOMMISSIONED", "start": "1963-04-04", "prov": [{"tier": 1, "source": "IAEA Research Reactor Database export", "record": "IT0002", "url": "https://nucleus.iaea.org/rrdb/", "retrieved": "2026-09-22"}], "coord_tier": null, "coord_source": null}}, {"type": "Feature", "geometry": null, "properties": {"id": "RRDB:IT0001", "name": "RB-1", "country": "Italy", "stage": "reactor-research", "subtype": "CRIT GRAPHITE", "city": "Bologna", "thermal_power_kw": "20", "status": "DECOMMISSIONED", "start": "1962-07-01", "prov": [{"tier": 1, "source": "IAEA Research Reactor Database export", "record": "IT0001", "url": "https://nucleus.iaea.org/rrdb/", "retrieved": "2026-09-22"}], "coord_tier": null, "coord_source": null}}, {"type": "Feature", "geometry": null, "properties": {"id": "RRDB:IT0016", "name": "Avogadro RS-1", "country": "Italy", "stage": "reactor-research", "subtype": "POOL, MTR", "city": "Saluggia", "thermal_power_kw": "5000", "status": "DECOMMISSIONED", "start": "1959-09-10", "prov": [{"tier": 1, "source": "IAEA Research Reactor Database export", "record": "IT0016", "url": "https://nucleus.iaea.org/rrdb/", "retrieved": "2026-09-22"}], "coord_tier": null, "coord_source": null}}, {"type": "Feature", "geometry": {"type": "Point", "coordinates": [80.175, 12.55833]}, "properties": {"id": "RRDB:IN0008", "name": "KAMINI", "country": "India", "stage": "reactor-research", "subtype": "U-233 FUELLED", "city": "Kalpakkam", "thermal_power_kw": "30", "status": "OPERATIONAL", "start": "1996-10-29", "prov": [{"tier": 1, "source": "IAEA Research Reactor Database export", "record": "IN0008", "url": "https://nucleus.iaea.org/rrdb/", "retrieved": "2026-09-22"}], "coord_tier": 3, "coord_source": "wikidata Q3533376"}}, {"type": "Feature", "geometry": null, "properties": {"id": "RRDB:IN0007", "name": "FBTR", "country": "India", "stage": "reactor-research", "subtype": "FAST BREEDER", "city": "Kalpakkam", "thermal_power_kw": "40000", "status": "OPERATIONAL", "start": "1985-10-18", "prov": [{"tier": 1, "source": "IAEA Research Reactor Database export", "record": "IN0007", "url": "https://nucleus.iaea.org/rrdb/", "retrieved": "2026-09-22"}], "coord_tier": null, "coord_source": null}}, {"type": "Feature", "geometry": null, "properties": {"id": "RRDB:IN0006", "name": "PURNIMA-II", "country": "India", "stage": "reactor-research", "subtype": "HOMOG (L)", "city": "Mumbai", "thermal_power_kw": "0.005", "status": "DECOMMISSIONED", "start": "1984-05-10", "prov": [{"tier": 1, "source": "IAEA Research Reactor Database export", "record": "IN0006", "url": "https://nucleus.iaea.org/rrdb/", "retrieved": "2026-09-22"}], "coord_tier": null, "coord_source": null}}, {"type": "Feature", "geometry": null, "properties": {"id": "RRDB:IN0004", "name": "PURNIMA", "country": "India", "stage": "reactor-research", "subtype": "FAST", "city": "Mumbai", "thermal_power_kw": "0", "status": "DECOMMISSIONED", "start": "1972-05-01", "prov": [{"tier": 1, "source": "IAEA Research Reactor Database export", "record": "IN0004", "url": "https://nucleus.iaea.org/rrdb/", "retrieved": "2026-09-22"}], "coord_tier": null, "coord_source": null}}, {"type": "Feature", "geometry": null, "properties": {"id": "RRDB:IN0003", "name": "ZERLINA", "country": "India", "stage": "reactor-research", "subtype": "TANK", "city": "Kalpakkam", "thermal_power_kw": "0.1", "status": "DECOMMISSIONED", "start": "1961-01-01", "prov": [{"tier": 1, "source": "IAEA Research Reactor Database export", "record": "IN0003", "url": "https://nucleus.iaea.org/rrdb/", "retrieved": "2026-09-22"}], "coord_tier": null, "coord_source": null}}, {"type": "Feature", "geometry": null, "properties": {"id": "RRDB:GB0025", "name": "Dounreay Zero Energy ZETR", "country": "United Kingdom", "stage": "reactor-research", "subtype": "CRIT ASSEMBLY", "city": "Thurso", "thermal_power_kw": "0", "status": "DECOMMISSIONED", "start": "1957-08-13", "prov": [{"tier": 1, "source": "IAEA Research Reactor Database export", "record": "GB0025", "url": "https://nucleus.iaea.org/rrdb/", "retrieved": "2026-09-22"}], "coord_tier": null, "coord_source": null}}, {"type": "Feature", "geometry": null, "properties": {"id": "RRDB:GB0022", "name": "ERIC", "country": "United Kingdom", "stage": "reactor-research", "subtype": "CRIT FAST", "city": "Aldermaston", "thermal_power_kw": "0", "status": "DECOMMISSIONED", "start": "1952-01-01", "prov": [{"tier": 1, "source": "IAEA Research Reactor Database export", "record": "GB0022", "url": "https://nucleus.iaea.org/rrdb/", "retrieved": "2026-09-22"}], "coord_tier": null, "coord_source": null}}, {"type": "Feature", "geometry": null, "properties": {"id": "RRDB:GB0024", "name": "Waterfall", "country": "United Kingdom", "stage": "reactor-research", "subtype": "CRIT FAST", "city": "Aldermaston", "thermal_power_kw": "0", "status": "DECOMMISSIONED", "start": "1954-01-01", "prov": [{"tier": 1, "source": "IAEA Research Reactor Database export", "record": "GB0024", "url": "https://nucleus.iaea.org/rrdb/", "retrieved": "2026-09-22"}], "coord_tier": null, "coord_source": null}}, {"type": "Feature", "geometry": null, "properties": {"id": "RRDB:GB0023", "name": "Atlas", "country": "United Kingdom", "stage": "reactor-research", "subtype": "CRIT ASSEMBLY", "city": "Aldermaston", "thermal_power_kw": "0", "status": "DECOMMISSIONED", "start": "1952-01-01", "prov": [{"tier": 1, "source": "IAEA Research Reactor Database export", "record": "GB0023", "url": "https://nucleus.iaea.org/rrdb/", "retrieved": "2026-09-22"}], "coord_tier": null, "coord_source": null}}, {"type": "Feature", "geometry": null, "properties": {"id": "RRDB:GB0011", "name": "VIPER", "country": "United Kingdom", "stage": "reactor-research", "subtype": "FAST BURST", "city": "Aldermaston", "thermal_power_kw": "0.5", "status": "PERMANENT SHUTDOWN", "start": "1967-05-26", "prov": [{"tier": 1, "source": "IAEA Research Reactor Database export", "record": "GB0011", "url": "https://nucleus.iaea.org/rrdb/", "retrieved": "2026-09-22"}], "coord_tier": null, "coord_source": null}}, {"type": "Feature", "geometry": null, "properties": {"id": "RRDB:GB0035", "name": "BERKELEY Zero Energy", "country": "United Kingdom", "stage": "reactor-research", "subtype": "GRAPHITE", "city": "Berkeley", "thermal_power_kw": "1", "status": "DECOMMISSIONED", "start": "1966-04-14", "prov": [{"tier": 1, "source": "IAEA Research Reactor Database export", "record": "GB0035", "url": "https://nucleus.iaea.org/rrdb/", "retrieved": "2026-09-22"}], "coord_tier": null, "coord_source": null}}, {"type": "Feature", "geometry": null, "properties": {"id": "RRDB:GE0001", "name": "IRT-M Tbilisi", "country": "Georgia", "stage": "reactor-research", "subtype": "POOL, IRT", "city": "Tbilisi", "thermal_power_kw": "8000", "status": "DECOMMISSIONED", "start": "1959-10-01", "prov": [{"tier": 1, "source": "IAEA Research Reactor Database export", "record": "GE0001", "url": "https://nucleus.iaea.org/rrdb/", "retrieved": "2026-09-22"}], "coord_tier": null, "coord_source": null}}, {"type": "Feature", "geometry": null, "properties": {"id": "RRDB:GB0046", "name": "BEPO", "country": "United Kingdom", "stage": "reactor-research", "subtype": "GRAPHITE, AIR", "city": "Didcot", "thermal_power_kw": "6500", "status": "UNDER DECOMMISSIONING", "start": "1962-01-01", "prov": [{"tier": 1, "source": "IAEA Research Reactor Database export", "record": "GB0046", "url": "https://nucleus.iaea.org/rrdb/", "retrieved": "2026-09-22"}], "coord_tier": null, "coord_source": null}}, {"type": "Feature", "geometry": null, "properties": {"id": "RRDB:GB0049", "name": "LIDO", "country": "United Kingdom", "stage": "reactor-research", "subtype": "POOL", "city": "Didcot", "thermal_power_kw": "300", "status": "DECOMMISSIONED", "start": "1956-09-01", "prov": [{"tier": 1, "source": "IAEA Research Reactor Database export", "record": "GB0049", "url": "https://nucleus.iaea.org/rrdb/", "retrieved": "2026-09-22"}], "coord_tier": null, "coord_source": null}}, {"type": "Feature", "geometry": null, "properties": {"id": "RRDB:GB0048", "name": "HAZEL", "country": "United Kingdom", "stage": "reactor-research", "subtype": "HOMOG (L)", "city": "Didcot", "thermal_power_kw": "0", "status": "DECOMMISSIONED", "start": "1957-01-01", "prov": [{"tier": 1, "source": "IAEA Research Reactor Database export", "record": "GB0048", "url": "https://nucleus.iaea.org/rrdb/", "retrieved": "2026-09-22"}], "coord_tier": null, "coord_source": null}}, {"type": "Feature", "geometry": null, "properties": {"id": "RRDB:GB0047", "name": "DAPHNE", "country": "United Kingdom", "stage": "reactor-research", "subtype": "HEAVY WATER", "city": "Didcot", "thermal_power_kw": "0.1", "status": "DECOMMISSIONED", "start": "1962-01-01", "prov": [{"tier": 1, "source": "IAEA Research Reactor Database export", "record": "GB0047", "url": "https://nucleus.iaea.org/rrdb/", "retrieved": "2026-09-22"}], "coord_tier": null, "coord_source": null}}, {"type": "Feature", "geometry": null, "properties": {"id": "RRDB:GB0044", "name": "ZENITH II", "country": "United Kingdom", "stage": "reactor-research", "subtype": "GRAPHITE", "city": "Dorchester", "thermal_power_kw": "1", "status": "DECOMMISSIONED", "start": "1972-03-01", "prov": [{"tier": 1, "source": "IAEA Research Reactor Database export", "record": "GB0044", "url": "https://nucleus.iaea.org/rrdb/", "retrieved": "2026-09-22"}], "coord_tier": null, "coord_source": null}}, {"type": "Feature", "geometry": null, "properties": {"id": "RRDB:GB0043", "name": "ZENITH I", "country": "United Kingdom", "stage": "reactor-research", "subtype": "GRAPHITE CO2", "city": "Dorchester", "thermal_power_kw": "0.5", "status": "DECOMMISSIONED", "start": "1959-12-01", "prov": [{"tier": 1, "source": "IAEA Research Reactor Database export", "record": "GB0043", "url": "https://nucleus.iaea.org/rrdb/", "retrieved": "2026-09-22"}], "coord_tier": null, "coord_source": null}}, {"type": "Feature", "geometry": null, "properties": {"id": "RRDB:GB0042", "name": "JUNO", "country": "United Kingdom", "stage": "reactor-research", "subtype": "CRIT ASSEMBLY", "city": "Dorchester", "thermal_power_kw": "0.1", "status": "DECOMMISSIONED", "start": "1964-03-01", "prov": [{"tier": 1, "source": "IAEA Research Reactor Database export", "record": "GB0042", "url": "https://nucleus.iaea.org/rrdb/", "retrieved": "2026-09-22"}], "coord_tier": null, "coord_source": null}}, {"type": "Feature", "geometry": null, "properties": {"id": "RRDB:GB0041", "name": "HERO", "country": "United Kingdom", "stage": "reactor-research", "subtype": "GRAPHITE AGR", "city": "Seascale", "thermal_power_kw": "3", "status": "DECOMMISSIONED", "start": "1962-06-01", "prov": [{"tier": 1, "source": "IAEA Research Reactor Database export", "record": "GB0041", "url": "https://nucleus.iaea.org/rrdb/", "retrieved": "2026-09-22"}], "coord_tier": null, "coord_source": null}}, {"type": "Feature", "geometry": null, "properties": {"id": "RRDB:GB0040", "name": "Windscale AGR", "country": "United Kingdom", "stage": "reactor-research", "subtype": "GRAPHITE AGR", "city": "Seascale", "thermal_power_kw": "120000", "status": "DECOMMISSIONED", "start": "1962-08-09", "prov": [{"tier": 1, "source": "IAEA Research Reactor Database export", "record": "GB0040", "url": "https://nucleus.iaea.org/rrdb/", "retrieved": "2026-09-22"}], "coord_tier": null, "coord_source": null}}, {"type": "Feature", "geometry": null, "properties": {"id": "RRDB:GB0039", "name": "Dragon", "country": "United Kingdom", "stage": "reactor-research", "subtype": "HE COOLED", "city": "Dorchester", "thermal_power_kw": "20000", "status": "UNDER DECOMMISSIONING", "start": "1964-01-01", "prov": [{"tier": 1, "source": "IAEA Research Reactor Database export", "record": "GB0039", "url": "https://nucleus.iaea.org/rrdb/", "retrieved": "2026-09-22"}], "coord_tier": null, "coord_source": null}}, {"type": "Feature", "geometry": null, "properties": {"id": "RRDB:GB0038", "name": "Dounreay MTR", "country": "United Kingdom", "stage": "reactor-research", "subtype": "HEAVY WATER", "city": "Thurso", "thermal_power_kw": "22500", "status": "DECOMMISSIONED", "start": "1958-05-01", "prov": [{"tier": 1, "source": "IAEA Research Reactor Database export", "record": "GB0038", "url": "https://nucleus.iaea.org/rrdb/", "retrieved": "2026-09-22"}], "coord_tier": null, "coord_source": null}}, {"type": "Feature", "geometry": {"type": "Point", "coordinates": [-1.1461, 51.38]}, "properties": {"id": "RRDB:GB0037", "name": "MERLIN", "country": "United Kingdom", "stage": "reactor-research", "subtype": "POOL", "city": "Aldermaston", "thermal_power_kw": "5000", "status": "DECOMMISSIONED", "start": "1959-07-01", "prov": [{"tier": 1, "source": "IAEA Research Reactor Database export", "record": "GB0037", "url": "https://nucleus.iaea.org/rrdb/", "retrieved": "2026-09-22"}], "coord_tier": 3, "coord_source": "wikidata Q6715421"}}, {"type": "Feature", "geometry": null, "properties": {"id": "RRDB:GB0036", "name": "HORACE", "country": "United Kingdom", "stage": "reactor-research", "subtype": "CRIT ASSEMBLY", "city": "Aldermaston", "thermal_power_kw": "0.01", "status": "DECOMMISSIONED", "start": "1958-05-01", "prov": [{"tier": 1, "source": "IAEA Research Reactor Database export", "record": "GB0036", "url": "https://nucleus.iaea.org/rrdb/", "retrieved": "2026-09-22"}], "coord_tier": null, "coord_source": null}}, {"type": "Feature", "geometry": null, "properties": {"id": "RRDB:GB0034", "name": "DIMPLE", "country": "United Kingdom", "stage": "reactor-research", "subtype": "POOL", "city": "Dorchester", "thermal_power_kw": "0.1", "status": "DECOMMISSIONED", "start": "1962-01-01", "prov": [{"tier": 1, "source": "IAEA Research Reactor Database export", "record": "GB0034", "url": "https://nucleus.iaea.org/rrdb/", "retrieved": "2026-09-22"}], "coord_tier": null, "coord_source": null}}, {"type": "Feature", "geometry": null, "properties": {"id": "RRDB:GB0033", "name": "ICI TRIGA Reactor", "country": "United Kingdom", "stage": "reactor-research", "subtype": "TRIGA MARK I", "city": "Billingham", "thermal_power_kw": "250", "status": "DECOMMISSIONED", "start": "1971-08-01", "prov": [{"tier": 1, "source": "IAEA Research Reactor Database export", "record": "GB0033", "url": "https://nucleus.iaea.org/rrdb/", "retrieved": "2026-09-22"}], "coord_tier": null, "coord_source": null}}, {"type": "Feature", "geometry": null, "properties": {"id": "RRDB:GB0032", "name": "Universities Research Reactor", "country": "United Kingdom", "stage": "reactor-research", "subtype": "ARGONAUT", "city": "Warrington", "thermal_power_kw": "300", "status": "DECOMMISSIONED", "start": "1964-07-07", "prov": [{"tier": 1, "source": "IAEA Research Reactor Database export", "record": "GB0032", "url": "https://nucleus.iaea.org/rrdb/", "retrieved": "2026-09-22"}], "coord_tier": null, "coord_source": null}}, {"type": "Feature", "geometry": null, "properties": {"id": "RRDB:GB0031", "name": "CONSORT Imperial College", "country": "United Kingdom", "stage": "reactor-research", "subtype": "POOL", "city": "London", "thermal_power_kw": "100", "status": "DECOMMISSIONED", "start": "1965-09-04", "prov": [{"tier": 1, "source": "IAEA Research Reactor Database export", "record": "GB0031", "url": "https://nucleus.iaea.org/rrdb/", "retrieved": "2026-09-22"}], "coord_tier": null, "coord_source": null}}, {"type": "Feature", "geometry": null, "properties": {"id": "RRDB:GB0014", "name": "UTR-300", "country": "United Kingdom", "stage": "reactor-research", "subtype": "ARGONAUT", "city": "Glasgow", "thermal_power_kw": "300", "status": "DECOMMISSIONED", "start": "1963-06-01", "prov": [{"tier": 1, "source": "IAEA Research Reactor Database export", "record": "GB0014", "url": "https://nucleus.iaea.org/rrdb/", "retrieved": "2026-09-22"}], "coord_tier": null, "coord_source": null}}, {"type": "Feature", "geometry": null, "properties": {"id": "RRDB:GB0013", "name": "VERA Nuclear Assembly", "country": "United Kingdom", "stage": "reactor-research", "subtype": "CRIT FAST", "city": "Aldermaston", "thermal_power_kw": "0.1", "status": "DECOMMISSIONED", "start": "1961-01-01", "prov": [{"tier": 1, "source": "IAEA Research Reactor Database export", "record": "GB0013", "url": "https://nucleus.iaea.org/rrdb/", "retrieved": "2026-09-22"}], "coord_tier": null, "coord_source": null}}, {"type": "Feature", "geometry": null, "properties": {"id": "RRDB:GB0012", "name": "VULCAN", "country": "United Kingdom", "stage": "reactor-research", "subtype": "PWR", "city": "Thurso", "thermal_power_kw": "0", "status": "PERMANENT SHUTDOWN", "start": "1961-01-01", "prov": [{"tier": 1, "source": "IAEA Research Reactor Database export", "record": "GB0012", "url": "https://nucleus.iaea.org/rrdb/", "retrieved": "2026-09-22"}], "coord_tier": null, "coord_source": null}}, {"type": "Feature", "geometry": null, "properties": {"id": "RRDB:GB0010", "name": "Neptune", "country": "United Kingdom", "stage": "reactor-research", "subtype": "POOL", "city": "Derby", "thermal_power_kw": "0.3", "status": "OPERATIONAL", "start": "1963-01-03", "prov": [{"tier": 1, "source": "IAEA Research Reactor Database export", "record": "GB0010", "url": "https://nucleus.iaea.org/rrdb/", "retrieved": "2026-09-22"}], "coord_tier": null, "coord_source": null}}, {"type": "Feature", "geometry": null, "properties": {"id": "RRDB:GB0045", "name": "HECTOR", "country": "United Kingdom", "stage": "reactor-research", "subtype": "ZERO POWER HTD", "city": "Dorchester", "thermal_power_kw": "0.1", "status": "DECOMMISSIONED", "start": "1963-03-01", "prov": [{"tier": 1, "source": "IAEA Research Reactor Database export", "record": "GB0045", "url": "https://nucleus.iaea.org/rrdb/", "retrieved": "2026-09-22"}], "coord_tier": null, "coord_source": null}}, {"type": "Feature", "geometry": null, "properties": {"id": "RRDB:GB0005", "name": "HERALD", "country": "United Kingdom", "stage": "reactor-research", "subtype": "POOL", "city": "Aldermaston", "thermal_power_kw": "5000", "status": "DECOMMISSIONED", "start": "1960-10-10", "prov": [{"tier": 1, "source": "IAEA Research Reactor Database export", "record": "GB0005", "url": "https://nucleus.iaea.org/rrdb/", "retrieved": "2026-09-22"}], "coord_tier": null, "coord_source": null}}, {"type": "Feature", "geometry": null, "properties": {"id": "RRDB:GB0006", "name": "NESTOR", "country": "United Kingdom", "stage": "reactor-research", "subtype": "ARGONAUT", "city": "Didcot", "thermal_power_kw": "30", "status": "DECOMMISSIONED", "start": "1961-01-01", "prov": [{"tier": 1, "source": "IAEA Research Reactor Database export", "record": "GB0006", "url": "https://nucleus.iaea.org/rrdb/", "retrieved": "2026-09-22"}], "coord_tier": null, "coord_source": null}}, {"type": "Feature", "geometry": null, "properties": {"id": "RRDB:GB0008", "name": "ZEBRA", "country": "United Kingdom", "stage": "reactor-research", "subtype": "CRIT FAST", "city": "Dorchester", "thermal_power_kw": "1", "status": "DECOMMISSIONED", "start": "1962-12-01", "prov": [{"tier": 1, "source": "IAEA Research Reactor Database export", "record": "GB0008", "url": "https://nucleus.iaea.org/rrdb/", "retrieved": "2026-09-22"}], "coord_tier": null, "coord_source": null}}, {"type": "Feature", "geometry": null, "properties": {"id": "RRDB:GB0007", "name": "Jason", "country": "United Kingdom", "stage": "reactor-research", "subtype": "ARGONAUT", "city": "London", "thermal_power_kw": "10", "status": "DECOMMISSIONED", "start": "1959-09-30", "prov": [{"tier": 1, "source": "IAEA Research Reactor Database export", "record": "GB0007", "url": "https://nucleus.iaea.org/rrdb/", "retrieved": "2026-09-22"}], "coord_tier": null, "coord_source": null}}, {"type": "Feature", "geometry": null, "properties": {"id": "RRDB:GB0004", "name": "Dounreay Fast Reactor", "country": "United Kingdom", "stage": "reactor-research", "subtype": "FAST BREEDER", "city": "Thurso", "thermal_power_kw": "65000", "status": "UNDER DECOMMISSIONING", "start": "1959-11-01", "prov": [{"tier": 1, "source": "IAEA Research Reactor Database export", "record": "GB0004", "url": "https://nucleus.iaea.org/rrdb/", "retrieved": "2026-09-22"}], "coord_tier": null, "coord_source": null}}, {"type": "Feature", "geometry": null, "properties": {"id": "RRDB:GB0003", "name": "PLUTO", "country": "United Kingdom", "stage": "reactor-research", "subtype": "HEAVY WATER", "city": "Harwell", "thermal_power_kw": "26000", "status": "UNDER DECOMMISSIONING", "start": "1957-10-25", "prov": [{"tier": 1, "source": "IAEA Research Reactor Database export", "record": "GB0003", "url": "https://nucleus.iaea.org/rrdb/", "retrieved": "2026-09-22"}], "coord_tier": null, "coord_source": null}}, {"type": "Feature", "geometry": null, "properties": {"id": "RRDB:GB0002", "name": "DIDO", "country": "United Kingdom", "stage": "reactor-research", "subtype": "HEAVY WATER", "city": "Harwell", "thermal_power_kw": "26000", "status": "UNDER DECOMMISSIONING", "start": "1956-11-07", "prov": [{"tier": 1, "source": "IAEA Research Reactor Database export", "record": "GB0002", "url": "https://nucleus.iaea.org/rrdb/", "retrieved": "2026-09-22"}], "coord_tier": null, "coord_source": null}}, {"type": "Feature", "geometry": null, "properties": {"id": "RRDB:GB0001", "name": "GLEEP", "country": "United Kingdom", "stage": "reactor-research", "subtype": "GRAPHITE", "city": "Harwell", "thermal_power_kw": "50", "status": "DECOMMISSIONED", "start": "1947-08-18", "prov": [{"tier": 1, "source": "IAEA Research Reactor Database export", "record": "GB0001", "url": "https://nucleus.iaea.org/rrdb/", "retrieved": "2026-09-22"}], "coord_tier": null, "coord_source": null}}, {"type": "Feature", "geometry": null, "properties": {"id": "RRDB:GB0018", "name": "Toad", "country": "United Kingdom", "stage": "reactor-research", "subtype": "CRIT ASSEMBLY", "city": "Thurso", "thermal_power_kw": "0.01", "status": "DECOMMISSIONED", "start": "1960-07-01", "prov": [{"tier": 1, "source": "IAEA Research Reactor Database export", "record": "GB0018", "url": "https://nucleus.iaea.org/rrdb/", "retrieved": "2026-09-22"}], "coord_tier": null, "coord_source": null}}, {"type": "Feature", "geometry": null, "properties": {"id": "RRDB:GB0019", "name": "Panther", "country": "United Kingdom", "stage": "reactor-research", "subtype": "CRIT ASSEMBLY", "city": "Thurso", "thermal_power_kw": "0.01", "status": "DECOMMISSIONED", "start": "1961-01-01", "prov": [{"tier": 1, "source": "IAEA Research Reactor Database export", "record": "GB0019", "url": "https://nucleus.iaea.org/rrdb/", "retrieved": "2026-09-22"}], "coord_tier": null, "coord_source": null}}, {"type": "Feature", "geometry": null, "properties": {"id": "RRDB:GB0020", "name": "Puma", "country": "United Kingdom", "stage": "reactor-research", "subtype": "CRIT ASSEMBLY", "city": "Thurso", "thermal_power_kw": "0", "status": "DECOMMISSIONED", "start": "1960-11-01", "prov": [{"tier": 1, "source": "IAEA Research Reactor Database export", "record": "GB0020", "url": "https://nucleus.iaea.org/rrdb/", "retrieved": "2026-09-22"}], "coord_tier": null, "coord_source": null}}, {"type": "Feature", "geometry": null, "properties": {"id": "RRDB:GB0015", "name": "Phoenix", "country": "United Kingdom", "stage": "reactor-research", "subtype": "CRIT ASSEMBLY", "city": "Thurso", "thermal_power_kw": "0.1", "status": "DECOMMISSIONED", "start": "1960-07-01", "prov": [{"tier": 1, "source": "IAEA Research Reactor Database export", "record": "GB0015", "url": "https://nucleus.iaea.org/rrdb/", "retrieved": "2026-09-22"}], "coord_tier": null, "coord_source": null}}, {"type": "Feature", "geometry": null, "properties": {"id": "RRDB:GB0016", "name": "Sirius", "country": "United Kingdom", "stage": "reactor-research", "subtype": "CRIT ASSEMBLY", "city": "Thurso", "thermal_power_kw": "0.1", "status": "DECOMMISSIONED", "start": "1961-05-01", "prov": [{"tier": 1, "source": "IAEA Research Reactor Database export", "record": "GB0016", "url": "https://nucleus.iaea.org/rrdb/", "retrieved": "2026-09-22"}], "coord_tier": null, "coord_source": null}}, {"type": "Feature", "geometry": null, "properties": {"id": "RRDB:GB0017", "name": "Tessie", "country": "United Kingdom", "stage": "reactor-research", "subtype": "CRIT ASSEMBLY", "city": "Thurso", "thermal_power_kw": "5", "status": "DECOMMISSIONED", "start": "1959-11-01", "prov": [{"tier": 1, "source": "IAEA Research Reactor Database export", "record": "GB0017", "url": "https://nucleus.iaea.org/rrdb/", "retrieved": "2026-09-22"}], "coord_tier": null, "coord_source": null}}, {"type": "Feature", "geometry": null, "properties": {"id": "RRDB:GB0021", "name": "QMC Subcritical Assembly", "country": "United Kingdom", "stage": "reactor-research", "subtype": "SUBCRIT", "city": "London", "thermal_power_kw": "0", "status": "DECOMMISSIONED", "start": "1959-03-01", "prov": [{"tier": 1, "source": "IAEA Research Reactor Database export", "record": "GB0021", "url": "https://nucleus.iaea.org/rrdb/", "retrieved": "2026-09-22"}], "coord_tier": null, "coord_source": null}}, {"type": "Feature", "geometry": null, "properties": {"id": "RRDB:GB0030", "name": "QMC UTR-B", "country": "United Kingdom", "stage": "reactor-research", "subtype": "ARGONAUT", "city": "London", "thermal_power_kw": "100", "status": "DECOMMISSIONED", "start": "1968-06-10", "prov": [{"tier": 1, "source": "IAEA Research Reactor Database export", "record": "GB0030", "url": "https://nucleus.iaea.org/rrdb/", "retrieved": "2026-09-22"}], "coord_tier": null, "coord_source": null}}, {"type": "Feature", "geometry": null, "properties": {"id": "RRDB:FR0048", "name": "Ulysse", "country": "France", "stage": "reactor-research", "subtype": "ARGONAUT", "city": "Gif-sur-Yvette", "thermal_power_kw": "100", "status": "UNDER DECOMMISSIONING", "start": "1961-07-27", "prov": [{"tier": 1, "source": "IAEA Research Reactor Database export", "record": "FR0048", "url": "https://nucleus.iaea.org/rrdb/", "retrieved": "2026-09-22"}], "coord_tier": null, "coord_source": null}}, {"type": "Feature", "geometry": null, "properties": {"id": "RRDB:FR0047", "name": "Silene", "country": "France", "stage": "reactor-research", "subtype": "HOMOG (L)", "city": "Dijon", "thermal_power_kw": "1", "status": "PERMANENT SHUTDOWN", "start": "1974-01-01", "prov": [{"tier": 1, "source": "IAEA Research Reactor Database export", "record": "FR0047", "url": "https://nucleus.iaea.org/rrdb/", "retrieved": "2026-09-22"}], "coord_tier": null, "coord_source": null}}, {"type": "Feature", "geometry": null, "properties": {"id": "RRDB:FR0046", "name": "Mirene", "country": "France", "stage": "reactor-research", "subtype": "HOMOG (L)", "city": "Dijon", "thermal_power_kw": "0", "status": "DECOMMISSIONED", "start": "1975-01-01", "prov": [{"tier": 1, "source": "IAEA Research Reactor Database export", "record": "FR0046", "url": "https://nucleus.iaea.org/rrdb/", "retrieved": "2026-09-22"}], "coord_tier": null, "coord_source": null}}, {"type": "Feature", "geometry": null, "properties": {"id": "RRDB:FR0045", "name": "Strasbourg-Cronenbourg", "country": "France", "stage": "reactor-research", "subtype": "ARGONAUT", "city": "Strasbourg", "thermal_power_kw": "100", "status": "DECOMMISSIONED", "start": "1966-11-22", "prov": [{"tier": 1, "source": "IAEA Research Reactor Database export", "record": "FR0045", "url": "https://nucleus.iaea.org/rrdb/", "retrieved": "2026-09-22"}], "coord_tier": null, "coord_source": null}}, {"type": "Feature", "geometry": null, "properties": {"id": "RRDB:FR0027", "name": "Pegase", "country": "France", "stage": "reactor-research", "subtype": "TANK", "city": "Saint-Paul-lès-Durance", "thermal_power_kw": "30000", "status": "PERMANENT SHUTDOWN", "start": "1963-04-01", "prov": [{"tier": 1, "source": "IAEA Research Reactor Database export", "record": "FR0027", "url": "https://nucleus.iaea.org/rrdb/", "retrieved": "2026-09-22"}], "coord_tier": null, "coord_source": null}}, {"type": "Feature", "geometry": null, "properties": {"id": "RRDB:FR0026", "name": "EL-2", "country": "France", "stage": "reactor-research", "subtype": "TANK", "city": "Saclay", "thermal_power_kw": "2500", "status": "DECOMMISSIONED", "start": "1952-01-01", "prov": [{"tier": 1, "source": "IAEA Research Reactor Database export", "record": "FR0026", "url": "https://nucleus.iaea.org/rrdb/", "retrieved": "2026-09-22"}], "coord_tier": null, "coord_source": null}}, {"type": "Feature", "geometry": null, "properties": {"id": "RRDB:FR0025", "name": "ZOE (EL-1)", "country": "France", "stage": "reactor-research", "subtype": "HEAVY WATER", "city": "Fontenay-aux-Roses", "thermal_power_kw": "150", "status": "DECOMMISSIONED", "start": "1948-12-15", "prov": [{"tier": 1, "source": "IAEA Research Reactor Database export", "record": "FR0025", "url": "https://nucleus.iaea.org/rrdb/", "retrieved": "2026-09-22"}], "coord_tier": null, "coord_source": null}}, {"type": "Feature", "geometry": null, "properties": {"id": "RRDB:FR0024", "name": "Scarabee", "country": "France", "stage": "reactor-research", "subtype": "POOL", "city": "Cadarache", "thermal_power_kw": "100000", "status": "DECOMMISSIONED", "start": "1982-01-01", "prov": [{"tier": 1, "source": "IAEA Research Reactor Database export", "record": "FR0024", "url": "https://nucleus.iaea.org/rrdb/", "retrieved": "2026-09-22"}], "coord_tier": null, "coord_source": null}}, {"type": "Feature", "geometry": null, "properties": {"id": "RRDB:FR0020", "name": "Phebus", "country": "France", "stage": "reactor-research", "subtype": "POOL", "city": "Aix-en-Provence", "thermal_power_kw": "38000", "status": "UNDER DECOMMISSIONING", "start": "1978-08-09", "prov": [{"tier": 1, "source": "IAEA Research Reactor Database export", "record": "FR0020", "url": "https://nucleus.iaea.org/rrdb/", "retrieved": "2026-09-22"}], "coord_tier": null, "coord_source": null}}, {"type": "Feature", "geometry": null, "properties": {"id": "RRDB:FR0019", "name": "Cabri", "country": "France", "stage": "reactor-research", "subtype": "POOL", "city": "Saint-Paul-lès-Durance", "thermal_power_kw": "25000", "status": "OPERATIONAL", "start": "1963-01-01", "prov": [{"tier": 1, "source": "IAEA Research Reactor Database export", "record": "FR0019", "url": "https://nucleus.iaea.org/rrdb/", "retrieved": "2026-09-22"}], "coord_tier": null, "coord_source": null}}, {"type": "Feature", "geometry": null, "properties": {"id": "RRDB:FR0017", "name": "ILL High Flux Reactor", "country": "France", "stage": "reactor-research", "subtype": "HEAVY WATER", "city": "Grenoble", "thermal_power_kw": "58300", "status": "OPERATIONAL", "start": "1971-07-01", "prov": [{"tier": 1, "source": "IAEA Research Reactor Database export", "record": "FR0017", "url": "https://nucleus.iaea.org/rrdb/", "retrieved": "2026-09-22"}], "coord_tier": null, "coord_source": null}}, {"type": "Feature", "geometry": null, "properties": {"id": "RRDB:FR028 ", "name": "Harmonie", "country": "France", "stage": "reactor-research", "subtype": "TANK", "city": "Saint-Paul-lès-Durance", "thermal_power_kw": "1", "status": "DECOMMISSIONED", "start": "1965-08-01", "prov": [{"tier": 1, "source": "IAEA Research Reactor Database export", "record": "FR028 ", "url": "https://nucleus.iaea.org/rrdb/", "retrieved": "2026-09-22"}], "coord_tier": null, "coord_source": null}}, {"type": "Feature", "geometry": {"type": "Point", "coordinates": [5.77266, 43.67659]}, "properties": {"id": "RRDB:FR0011", "name": "Rapsodie", "country": "France", "stage": "reactor-research", "subtype": "FAST, POWER", "city": "Cadarache", "thermal_power_kw": "40000", "status": "UNDER DECOMMISSIONING", "start": "1963-01-01", "prov": [{"tier": 1, "source": "IAEA Research Reactor Database export", "record": "FR0011", "url": "https://nucleus.iaea.org/rrdb/", "retrieved": "2026-09-22"}], "coord_tier": 3, "coord_source": "wikidata Q999450"}}, {"type": "Feature", "geometry": null, "properties": {"id": "RRDB:FR0010", "name": "Siloette", "country": "France", "stage": "reactor-research", "subtype": "POOL", "city": "Grenoble", "thermal_power_kw": "100", "status": "DECOMMISSIONED", "start": "1964-02-01", "prov": [{"tier": 1, "source": "IAEA Research Reactor Database export", "record": "FR0010", "url": "https://nucleus.iaea.org/rrdb/", "retrieved": "2026-09-22"}], "coord_tier": null, "coord_source": null}}, {"type": "Feature", "geometry": null, "properties": {"id": "RRDB:FR0009", "name": "Cesar", "country": "France", "stage": "reactor-research", "subtype": "CRIT ASSEMBLY", "city": "Saint-Paul-les-Durance", "thermal_power_kw": "10", "status": "DECOMMISSIONED", "start": "1964-12-01", "prov": [{"tier": 1, "source": "IAEA Research Reactor Database export", "record": "FR0009", "url": "https://nucleus.iaea.org/rrdb/", "retrieved": "2026-09-22"}], "coord_tier": null, "coord_source": null}}, {"type": "Feature", "geometry": null, "properties": {"id": "RRDB:FR0008", "name": "EL 4", "country": "France", "stage": "reactor-research", "subtype": "HEAVY WATER", "city": "Carhaix-Plouguer", "thermal_power_kw": "267000", "status": "UNDER DECOMMISSIONING", "start": "1966-12-01", "prov": [{"tier": 1, "source": "IAEA Research Reactor Database export", "record": "FR0008", "url": "https://nucleus.iaea.org/rrdb/", "retrieved": "2026-09-22"}], "coord_tier": null, "coord_source": null}}, {"type": "Feature", "geometry": null, "properties": {"id": "RRDB:FR0007", "name": "Siloe", "country": "France", "stage": "reactor-research", "subtype": "POOL", "city": "Grenoble", "thermal_power_kw": "35000", "status": "DECOMMISSIONED", "start": "1963-03-18", "prov": [{"tier": 1, "source": "IAEA Research Reactor Database export", "record": "FR0007", "url": "https://nucleus.iaea.org/rrdb/", "retrieved": "2026-09-22"}], "coord_tier": null, "coord_source": null}}, {"type": "Feature", "geometry": null, "properties": {"id": "RRDB:FR0006", "name": "Nereide", "country": "France", "stage": "reactor-research", "subtype": "POOL", "city": "Fontenay-aux-Roses", "thermal_power_kw": "500", "status": "DECOMMISSIONED", "start": "1960-09-15", "prov": [{"tier": 1, "source": "IAEA Research Reactor Database export", "record": "FR0006", "url": "https://nucleus.iaea.org/rrdb/", "retrieved": "2026-09-22"}], "coord_tier": null, "coord_source": null}}, {"type": "Feature", "geometry": null, "properties": {"id": "RRDB:FR0005", "name": "Marius", "country": "France", "stage": "reactor-research", "subtype": "CRIT ASSEMBLY", "city": "Saint-Paul-les-Durance", "thermal_power_kw": "0.4", "status": "DECOMMISSIONED", "start": "1960-01-01", "prov": [{"tier": 1, "source": "IAEA Research Reactor Database export", "record": "FR0005", "url": "https://nucleus.iaea.org/rrdb/", "retrieved": "2026-09-22"}], "coord_tier": null, "coord_source": null}}, {"type": "Feature", "geometry": null, "properties": {"id": "RRDB:FR0004", "name": "Triton", "country": "France", "stage": "reactor-research", "subtype": "POOL", "city": "Fontenay-aux-Roses", "thermal_power_kw": "6500", "status": "DECOMMISSIONED", "start": "1959-06-29", "prov": [{"tier": 1, "source": "IAEA Research Reactor Database export", "record": "FR0004", "url": "https://nucleus.iaea.org/rrdb/", "retrieved": "2026-09-22"}], "coord_tier": null, "coord_source": null}}, {"type": "Feature", "geometry": {"type": "Point", "coordinates": [5.70188, 45.19862]}, "properties": {"id": "RRDB:FR0002", "name": "Melusine", "country": "France", "stage": "reactor-research", "subtype": "POOL", "city": "Grenoble", "thermal_power_kw": "8000", "status": "DECOMMISSIONED", "start": "1958-07-01", "prov": [{"tier": 1, "source": "IAEA Research Reactor Database export", "record": "FR0002", "url": "https://nucleus.iaea.org/rrdb/", "retrieved": "2026-09-22"}], "coord_tier": 3, "coord_source": "wikidata Q15968505"}}, {"type": "Feature", "geometry": null, "properties": {"id": "RRDB:FR0001", "name": "EL 3", "country": "France", "stage": "reactor-research", "subtype": "HEAVY WATER", "city": "Saclay", "thermal_power_kw": "18000", "status": "DECOMMISSIONED", "start": "1957-01-01", "prov": [{"tier": 1, "source": "IAEA Research Reactor Database export", "record": "FR0001", "url": "https://nucleus.iaea.org/rrdb/", "retrieved": "2026-09-22"}], "coord_tier": null, "coord_source": null}}, {"type": "Feature", "geometry": null, "properties": {"id": "RRDB:FR0035", "name": "Proserpine", "country": "France", "stage": "reactor-research", "subtype": "HOMOG (L)", "city": "Gif-sur-Yvette", "thermal_power_kw": "0.001", "status": "DECOMMISSIONED", "start": "1958-03-17", "prov": [{"tier": 1, "source": "IAEA Research Reactor Database export", "record": "FR0035", "url": "https://nucleus.iaea.org/rrdb/", "retrieved": "2026-09-22"}], "coord_tier": null, "coord_source": null}}, {"type": "Feature", "geometry": null, "properties": {"id": "RRDB:FR0036", "name": "Alecto", "country": "France", "stage": "reactor-research", "subtype": "HOMOG (L)", "city": "Gif-sur-Yvette", "thermal_power_kw": "0.001", "status": "DECOMMISSIONED", "start": "1961-01-01", "prov": [{"tier": 1, "source": "IAEA Research Reactor Database export", "record": "FR0036", "url": "https://nucleus.iaea.org/rrdb/", "retrieved": "2026-09-22"}], "coord_tier": null, "coord_source": null}}, {"type": "Feature", "geometry": null, "properties": {"id": "RRDB:FR012 ", "name": "Peggy", "country": "France", "stage": "reactor-research", "subtype": "CRIT ASSEMBLY", "city": "Saint-Paul-les-Durance", "thermal_power_kw": "1", "status": "DECOMMISSIONED", "start": "1961-06-01", "prov": [{"tier": 1, "source": "IAEA Research Reactor Database export", "record": "FR012 ", "url": "https://nucleus.iaea.org/rrdb/", "retrieved": "2026-09-22"}], "coord_tier": null, "coord_source": null}}, {"type": "Feature", "geometry": null, "properties": {"id": "RRDB:FR031 ", "name": "Alizee", "country": "France", "stage": "reactor-research", "subtype": "CRIT ASSEMBLY", "city": "Gif-sur-Yvette", "thermal_power_kw": "0.1", "status": "PERMANENT SHUTDOWN", "start": "1959-06-18", "prov": [{"tier": 1, "source": "IAEA Research Reactor Database export", "record": "FR031 ", "url": "https://nucleus.iaea.org/rrdb/", "retrieved": "2026-09-22"}], "coord_tier": null, "coord_source": null}}, {"type": "Feature", "geometry": null, "properties": {"id": "RRDB:FI0002", "name": "SCA", "country": "Finland", "stage": "reactor-research", "subtype": "SUBCRIT", "city": "Helsinki", "thermal_power_kw": "0", "status": "DECOMMISSIONED", "start": "1963-07-30", "prov": [{"tier": 1, "source": "IAEA Research Reactor Database export", "record": "FI0002", "url": "https://nucleus.iaea.org/rrdb/", "retrieved": "2026-09-22"}], "coord_tier": null, "coord_source": null}}, {"type": "Feature", "geometry": null, "properties": {"id": "RRDB:ES0004", "name": "CORAL-I", "country": "Spain", "stage": "reactor-research", "subtype": "CRIT ASSEMBLY", "city": "Madrid", "thermal_power_kw": "0.05", "status": "DECOMMISSIONED", "start": "1968-03-28", "prov": [{"tier": 1, "source": "IAEA Research Reactor Database export", "record": "ES0004", "url": "https://nucleus.iaea.org/rrdb/", "retrieved": "2026-09-22"}], "coord_tier": null, "coord_source": null}}, {"type": "Feature", "geometry": null, "properties": {"id": "RRDB:ES0003", "name": "ARBI Reactor", "country": "Spain", "stage": "reactor-research", "subtype": "ARGONAUT", "city": "Bilbao", "thermal_power_kw": "10", "status": "DECOMMISSIONED", "start": "1962-06-26", "prov": [{"tier": 1, "source": "IAEA Research Reactor Database export", "record": "ES0003", "url": "https://nucleus.iaea.org/rrdb/", "retrieved": "2026-09-22"}], "coord_tier": null, "coord_source": null}}, {"type": "Feature", "geometry": null, "properties": {"id": "RRDB:ES0002", "name": "Argos Research Reactor", "country": "Spain", "stage": "reactor-research", "subtype": "ARGONAUT", "city": "Barcelona", "thermal_power_kw": "1", "status": "DECOMMISSIONED", "start": "1961-06-01", "prov": [{"tier": 1, "source": "IAEA Research Reactor Database export", "record": "ES0002", "url": "https://nucleus.iaea.org/rrdb/", "retrieved": "2026-09-22"}], "coord_tier": null, "coord_source": null}}, {"type": "Feature", "geometry": null, "properties": {"id": "RRDB:ES0001", "name": "JEN-1 Mod", "country": "Spain", "stage": "reactor-research", "subtype": "POOL", "city": "Madrid", "thermal_power_kw": "3000", "status": "DECOMMISSIONED", "start": "1958-10-09", "prov": [{"tier": 1, "source": "IAEA Research Reactor Database export", "record": "ES0001", "url": "https://nucleus.iaea.org/rrdb/", "retrieved": "2026-09-22"}], "coord_tier": null, "coord_source": null}}, {"type": "Feature", "geometry": null, "properties": {"id": "RRDB:DK0003", "name": "DR-3", "country": "Denmark", "stage": "reactor-research", "subtype": "HEAVY WATER", "city": "Roskilde", "thermal_power_kw": "10000", "status": "UNDER DECOMMISSIONING", "start": "1960-01-16", "prov": [{"tier": 1, "source": "IAEA Research Reactor Database export", "record": "DK0003", "url": "https://nucleus.iaea.org/rrdb/", "retrieved": "2026-09-22"}], "coord_tier": null, "coord_source": null}}, {"type": "Feature", "geometry": null, "properties": {"id": "RRDB:DK0001", "name": "DR-2", "country": "Denmark", "stage": "reactor-research", "subtype": "POOL", "city": "Roskilde", "thermal_power_kw": "5000", "status": "DECOMMISSIONED", "start": "1958-12-18", "prov": [{"tier": 1, "source": "IAEA Research Reactor Database export", "record": "DK0001", "url": "https://nucleus.iaea.org/rrdb/", "retrieved": "2026-09-22"}], "coord_tier": null, "coord_source": null}}, {"type": "Feature", "geometry": null, "properties": {"id": "RRDB:DK0002", "name": "DR-1", "country": "Denmark", "stage": "reactor-research", "subtype": "HOMOG (L)", "city": "Roskilde", "thermal_power_kw": "2", "status": "DECOMMISSIONED", "start": "1957-08-15", "prov": [{"tier": 1, "source": "IAEA Research Reactor Database export", "record": "DK0002", "url": "https://nucleus.iaea.org/rrdb/", "retrieved": "2026-09-22"}], "coord_tier": null, "coord_source": null}}, {"type": "Feature", "geometry": null, "properties": {"id": "RRDB:DE0050", "name": "ANEX", "country": "Germany", "stage": "reactor-research", "subtype": "CRIT ASSEMBLY", "city": "Munich", "thermal_power_kw": "0.1", "status": "DECOMMISSIONED", "start": "1964-05-01", "prov": [{"tier": 1, "source": "IAEA Research Reactor Database export", "record": "DE0050", "url": "https://nucleus.iaea.org/rrdb/", "retrieved": "2026-09-22"}], "coord_tier": null, "coord_source": null}}, {"type": "Feature", "geometry": {"type": "Point", "coordinates": [13.7269, 51.0286]}, "properties": {"id": "RRDB:DE0044", "name": "AKR-2", "country": "Germany", "stage": "reactor-research", "subtype": "HOMOG (S)", "city": "Dresden", "thermal_power_kw": "0.002", "status": "OPERATIONAL", "start": "1978-07-28", "prov": [{"tier": 1, "source": "IAEA Research Reactor Database export", "record": "DE0044", "url": "https://nucleus.iaea.org/rrdb/", "retrieved": "2026-09-22"}], "coord_tier": 3, "coord_source": "wikidata Q778029"}}, {"type": "Feature", "geometry": null, "properties": {"id": "RRDB:DE0035", "name": "SUR Furtwangen", "country": "Germany", "stage": "reactor-research", "subtype": "HOMOG (S)", "city": "Furtwangen im Schwarzwald", "thermal_power_kw": "0", "status": "OPERATIONAL", "start": "1973-03-28", "prov": [{"tier": 1, "source": "IAEA Research Reactor Database export", "record": "DE0035", "url": "https://nucleus.iaea.org/rrdb/", "retrieved": "2026-09-22"}], "coord_tier": null, "coord_source": null}}, {"type": "Feature", "geometry": null, "properties": {"id": "RRDB:DE0028", "name": "AEG Nullenergie Reaktor", "country": "Germany", "stage": "reactor-research", "subtype": "TANK", "city": "Karlstein am Main", "thermal_power_kw": "0.1", "status": "DECOMMISSIONED", "start": "1967-06-01", "prov": [{"tier": 1, "source": "IAEA Research Reactor Database export", "record": "DE0028", "url": "https://nucleus.iaea.org/rrdb/", "retrieved": "2026-09-22"}], "coord_tier": null, "coord_source": null}}, {"type": "Feature", "geometry": null, "properties": {"id": "RRDB:DE0026", "name": "ADIBKA (L77A)", "country": "Germany", "stage": "reactor-research", "subtype": "HOMOG (L)", "city": "Jülich", "thermal_power_kw": "0.1", "status": "DECOMMISSIONED", "start": "1967-03-18", "prov": [{"tier": 1, "source": "IAEA Research Reactor Database export", "record": "DE0026", "url": "https://nucleus.iaea.org/rrdb/", "retrieved": "2026-09-22"}], "coord_tier": null, "coord_source": null}}, {"type": "Feature", "geometry": null, "properties": {"id": "RRDB:DE0023", "name": "SUR Ulm", "country": "Germany", "stage": "reactor-research", "subtype": "HOMOG (S)", "city": "Ulm", "thermal_power_kw": "0", "status": "OPERATIONAL", "start": "1965-12-01", "prov": [{"tier": 1, "source": "IAEA Research Reactor Database export", "record": "DE0023", "url": "https://nucleus.iaea.org/rrdb/", "retrieved": "2026-09-22"}], "coord_tier": null, "coord_source": null}}, {"type": "Feature", "geometry": null, "properties": {"id": "RRDB:DE0014", "name": "SUR Stuttgart", "country": "Germany", "stage": "reactor-research", "subtype": "HOMOG (S)", "city": "Stuttgart", "thermal_power_kw": "0", "status": "OPERATIONAL", "start": "1964-04-24", "prov": [{"tier": 1, "source": "IAEA Research Reactor Database export", "record": "DE0014", "url": "https://nucleus.iaea.org/rrdb/", "retrieved": "2026-09-22"}], "coord_tier": null, "coord_source": null}}, {"type": "Feature", "geometry": null, "properties": {"id": "RRDB:CZ0002", "name": "SR-0", "country": "Czech Republic", "stage": "reactor-research", "subtype": "POOL", "city": "Plzen", "thermal_power_kw": "1", "status": "DECOMMISSIONED", "start": "1971-01-01", "prov": [{"tier": 1, "source": "IAEA Research Reactor Database export", "record": "CZ0002", "url": "https://nucleus.iaea.org/rrdb/", "retrieved": "2026-09-22"}], "coord_tier": null, "coord_source": null}}, {"type": "Feature", "geometry": null, "properties": {"id": "RRDB:CZ0001", "name": "TR-0", "country": "Czech Republic", "stage": "reactor-research", "subtype": "TANK", "city": "Prague", "thermal_power_kw": "0.3", "status": "DECOMMISSIONED", "start": "1972-01-01", "prov": [{"tier": 1, "source": "IAEA Research Reactor Database export", "record": "CZ0001", "url": "https://nucleus.iaea.org/rrdb/", "retrieved": "2026-09-22"}], "coord_tier": null, "coord_source": null}}, {"type": "Feature", "geometry": null, "properties": {"id": "RRDB:CO0001", "name": "IAN-R1", "country": "Colombia", "stage": "reactor-research", "subtype": "TRIGA CONV", "city": "Bogota", "thermal_power_kw": "30", "status": "OPERATIONAL", "start": "1965-01-20", "prov": [{"tier": 1, "source": "IAEA Research Reactor Database export", "record": "CO0001", "url": "https://nucleus.iaea.org/rrdb/", "retrieved": "2026-09-22"}], "coord_tier": null, "coord_source": null}}, {"type": "Feature", "geometry": null, "properties": {"id": "RRDB:CN0023", "name": "CMRR (China Mianyang Research Reactor)", "country": "China", "stage": "reactor-research", "subtype": "POOL", "city": "Mianyang", "thermal_power_kw": "20000", "status": "OPERATIONAL", "start": "2013-09-01", "prov": [{"tier": 1, "source": "IAEA Research Reactor Database export", "record": "CN0023", "url": "https://nucleus.iaea.org/rrdb/", "retrieved": "2026-09-22"}], "coord_tier": null, "coord_source": null}}, {"type": "Feature", "geometry": null, "properties": {"id": "RRDB:CN0016", "name": "HTR-10", "country": "China", "stage": "reactor-research", "subtype": "HIGH TEMP GAS", "city": "Beijing", "thermal_power_kw": "10000", "status": "OPERATIONAL", "start": "2000-12-21", "prov": [{"tier": 1, "source": "IAEA Research Reactor Database export", "record": "CN0016", "url": "https://nucleus.iaea.org/rrdb/", "retrieved": "2026-09-22"}], "coord_tier": null, "coord_source": null}}, {"type": "Feature", "geometry": null, "properties": {"id": "RRDB:CN0012", "name": "MJTR", "country": "China", "stage": "reactor-research", "subtype": "POOL", "city": "Chengdu", "thermal_power_kw": "5000", "status": "OPERATIONAL", "start": "1991-03-02", "prov": [{"tier": 1, "source": "IAEA Research Reactor Database export", "record": "CN0012", "url": "https://nucleus.iaea.org/rrdb/", "retrieved": "2026-09-22"}], "coord_tier": null, "coord_source": null}}, {"type": "Feature", "geometry": null, "properties": {"id": "RRDB:CN0011", "name": "ESR-901", "country": "China", "stage": "reactor-research", "subtype": "POOL-2 CORES", "city": "Beijing", "thermal_power_kw": "1000", "status": "OPERATIONAL", "start": "1964-10-01", "prov": [{"tier": 1, "source": "IAEA Research Reactor Database export", "record": "CN0011", "url": "https://nucleus.iaea.org/rrdb/", "retrieved": "2026-09-22"}], "coord_tier": null, "coord_source": null}}, {"type": "Feature", "geometry": null, "properties": {"id": "RRDB:CN0010", "name": "NHR-5", "country": "China", "stage": "reactor-research", "subtype": "HEATING PROT", "city": "Beijing", "thermal_power_kw": "5000", "status": "OPERATIONAL", "start": "1989-11-03", "prov": [{"tier": 1, "source": "IAEA Research Reactor Database export", "record": "CN0010", "url": "https://nucleus.iaea.org/rrdb/", "retrieved": "2026-09-22"}], "coord_tier": null, "coord_source": null}}, {"type": "Feature", "geometry": null, "properties": {"id": "RRDB:CN0009", "name": "SPRR-300", "country": "China", "stage": "reactor-research", "subtype": "POOL", "city": "Chengdu", "thermal_power_kw": "3000", "status": "OPERATIONAL", "start": "1979-06-28", "prov": [{"tier": 1, "source": "IAEA Research Reactor Database export", "record": "CN0009", "url": "https://nucleus.iaea.org/rrdb/", "retrieved": "2026-09-22"}], "coord_tier": null, "coord_source": null}}, {"type": "Feature", "geometry": null, "properties": {"id": "RRDB:CN0008", "name": "HFETR Critical", "country": "China", "stage": "reactor-research", "subtype": "CRIT ASSEMBLY", "city": "Chengdu", "thermal_power_kw": "0", "status": "OPERATIONAL", "start": "1979-06-20", "prov": [{"tier": 1, "source": "IAEA Research Reactor Database export", "record": "CN0008", "url": "https://nucleus.iaea.org/rrdb/", "retrieved": "2026-09-22"}], "coord_tier": null, "coord_source": null}}, {"type": "Feature", "geometry": null, "properties": {"id": "RRDB:CN0007", "name": "PPR PULSING", "country": "China", "stage": "reactor-research", "subtype": "POOL, UZRH", "city": "Chengdu", "thermal_power_kw": "1000", "status": "OPERATIONAL", "start": "1990-08-01", "prov": [{"tier": 1, "source": "IAEA Research Reactor Database export", "record": "CN0007", "url": "https://nucleus.iaea.org/rrdb/", "retrieved": "2026-09-22"}], "coord_tier": null, "coord_source": null}}, {"type": "Feature", "geometry": null, "properties": {"id": "RRDB:CN0004", "name": "HFETR", "country": "China", "stage": "reactor-research", "subtype": "TANK", "city": "Chengdu", "thermal_power_kw": "125000", "status": "OPERATIONAL", "start": "1979-12-27", "prov": [{"tier": 1, "source": "IAEA Research Reactor Database export", "record": "CN0004", "url": "https://nucleus.iaea.org/rrdb/", "retrieved": "2026-09-22"}], "coord_tier": null, "coord_source": null}}, {"type": "Feature", "geometry": null, "properties": {"id": "RRDB:CN0001", "name": "Zero Power Reactor", "country": "China", "stage": "reactor-research", "subtype": "CRIT ASSEMBLY", "city": "Chengdu", "thermal_power_kw": "0", "status": "PERMANENT SHUTDOWN", "start": "1966-01-01", "prov": [{"tier": 1, "source": "IAEA Research Reactor Database export", "record": "CN0001", "url": "https://nucleus.iaea.org/rrdb/", "retrieved": "2026-09-22"}], "coord_tier": null, "coord_source": null}}, {"type": "Feature", "geometry": null, "properties": {"id": "RRDB:CH0005", "name": "PROTEUS", "country": "Switzerland", "stage": "reactor-research", "subtype": "CRIT ASSEMBLY", "city": "Villigen", "thermal_power_kw": "1", "status": "UNDER DECOMMISSIONING", "start": "1968-01-01", "prov": [{"tier": 1, "source": "IAEA Research Reactor Database export", "record": "CH0005", "url": "https://nucleus.iaea.org/rrdb/", "retrieved": "2026-09-22"}], "coord_tier": null, "coord_source": null}}, {"type": "Feature", "geometry": null, "properties": {"id": "RRDB:CH0006", "name": "DIORIT", "country": "Switzerland", "stage": "reactor-research", "subtype": "HEAVY WATER", "city": "Zurich", "thermal_power_kw": "30000", "status": "UNDER DECOMMISSIONING", "start": "1960-10-10", "prov": [{"tier": 1, "source": "IAEA Research Reactor Database export", "record": "CH0006", "url": "https://nucleus.iaea.org/rrdb/", "retrieved": "2026-09-22"}], "coord_tier": null, "coord_source": null}}, {"type": "Feature", "geometry": null, "properties": {"id": "RRDB:CH0002", "name": "AGN-201P", "country": "Switzerland", "stage": "reactor-research", "subtype": "HOMOG (S)", "city": "Geneva", "thermal_power_kw": "0", "status": "DECOMMISSIONED", "start": "1958-06-01", "prov": [{"tier": 1, "source": "IAEA Research Reactor Database export", "record": "CH0002", "url": "https://nucleus.iaea.org/rrdb/", "retrieved": "2026-09-22"}], "coord_tier": null, "coord_source": null}}, {"type": "Feature", "geometry": null, "properties": {"id": "RRDB:CH0001", "name": "SAPHIR", "country": "Switzerland", "stage": "reactor-research", "subtype": "POOL", "city": "Würenlingen", "thermal_power_kw": "10000", "status": "DECOMMISSIONED", "start": "1957-04-30", "prov": [{"tier": 1, "source": "IAEA Research Reactor Database export", "record": "CH0001", "url": "https://nucleus.iaea.org/rrdb/", "retrieved": "2026-09-22"}], "coord_tier": null, "coord_source": null}}, {"type": "Feature", "geometry": null, "properties": {"id": "RRDB:CA0005", "name": "ZED-2", "country": "Canada", "stage": "reactor-research", "subtype": "TANK", "city": "Chalk River, ON", "thermal_power_kw": "0.2", "status": "OPERATIONAL", "start": "1960-09-07", "prov": [{"tier": 1, "source": "IAEA Research Reactor Database export", "record": "CA0005", "url": "https://nucleus.iaea.org/rrdb/", "retrieved": "2026-09-22"}], "coord_tier": null, "coord_source": null}}, {"type": "Feature", "geometry": null, "properties": {"id": "RRDB:CA0004", "name": "MNR McMaster University", "country": "Canada", "stage": "reactor-research", "subtype": "POOL, MTR", "city": "Hamilton, ON", "thermal_power_kw": "3000", "status": "OPERATIONAL", "start": "1959-04-04", "prov": [{"tier": 1, "source": "IAEA Research Reactor Database export", "record": "CA0004", "url": "https://nucleus.iaea.org/rrdb/", "retrieved": "2026-09-22"}], "coord_tier": null, "coord_source": null}}, {"type": "Feature", "geometry": null, "properties": {"id": "RRDB:BE0003", "name": "BR-3", "country": "Belgium", "stage": "reactor-research", "subtype": "PWR POWER", "city": "Mol", "thermal_power_kw": "40900", "status": "DECOMMISSIONED", "start": "1962-08-29", "prov": [{"tier": 1, "source": "IAEA Research Reactor Database export", "record": "BE0003", "url": "https://nucleus.iaea.org/rrdb/", "retrieved": "2026-09-22"}], "coord_tier": null, "coord_source": null}}, {"type": "Feature", "geometry": null, "properties": {"id": "RRDB:BE0005", "name": "BR-02, Mock-up of BR2", "country": "Belgium", "stage": "reactor-research", "subtype": "POOL", "city": "Mol", "thermal_power_kw": "0.5", "status": "DECOMMISSIONED", "start": "1959-12-01", "prov": [{"tier": 1, "source": "IAEA Research Reactor Database export", "record": "BE0005", "url": "https://nucleus.iaea.org/rrdb/", "retrieved": "2026-09-22"}], "coord_tier": null, "coord_source": null}}, {"type": "Feature", "geometry": null, "properties": {"id": "RRDB:BE0004", "name": "THETIS RR-BN-1", "country": "Belgium", "stage": "reactor-research", "subtype": "POOL", "city": "Ghent", "thermal_power_kw": "250", "status": "DECOMMISSIONED", "start": "1967-04-07", "prov": [{"tier": 1, "source": "IAEA Research Reactor Database export", "record": "BE0004", "url": "https://nucleus.iaea.org/rrdb/", "retrieved": "2026-09-22"}], "coord_tier": null, "coord_source": null}}, {"type": "Feature", "geometry": null, "properties": {"id": "RRDB:AU0003", "name": "CF", "country": "Australia", "stage": "reactor-research", "subtype": "CRIT ASSEMBLY", "city": "Sydney", "thermal_power_kw": "0", "status": "DECOMMISSIONED", "start": "1973-03-01", "prov": [{"tier": 1, "source": "IAEA Research Reactor Database export", "record": "AU0003", "url": "https://nucleus.iaea.org/rrdb/", "retrieved": "2026-09-22"}], "coord_tier": null, "coord_source": null}}, {"type": "Feature", "geometry": null, "properties": {"id": "RRDB:AU0001", "name": "HIFAR", "country": "Australia", "stage": "reactor-research", "subtype": "HEAVY WATER", "city": "Sydney", "thermal_power_kw": "10000", "status": "PERMANENT SHUTDOWN", "start": "1958-01-26", "prov": [{"tier": 1, "source": "IAEA Research Reactor Database export", "record": "AU0001", "url": "https://nucleus.iaea.org/rrdb/", "retrieved": "2026-09-22"}], "coord_tier": null, "coord_source": null}}, {"type": "Feature", "geometry": null, "properties": {"id": "RRDB:AU0002", "name": "MOATA", "country": "Australia", "stage": "reactor-research", "subtype": "ARGONAUT", "city": "Lucas Heights, NSW", "thermal_power_kw": "100", "status": "DECOMMISSIONED", "start": "1961-04-01", "prov": [{"tier": 1, "source": "IAEA Research Reactor Database export", "record": "AU0002", "url": "https://nucleus.iaea.org/rrdb/", "retrieved": "2026-09-22"}], "coord_tier": null, "coord_source": null}}, {"type": "Feature", "geometry": null, "properties": {"id": "RRDB:AR0004", "name": "RA-2", "country": "Argentina", "stage": "reactor-research", "subtype": "CRIT ASSEMBLY", "city": "Buenos Aires", "thermal_power_kw": "0.03", "status": "DECOMMISSIONED", "start": "1966-07-01", "prov": [{"tier": 1, "source": "IAEA Research Reactor Database export", "record": "AR0004", "url": "https://nucleus.iaea.org/rrdb/", "retrieved": "2026-09-22"}], "coord_tier": null, "coord_source": null}}, {"type": "Feature", "geometry": null, "properties": {"id": "RRDB:AR0007", "name": "RA-8", "country": "Argentina", "stage": "reactor-research", "subtype": "CRIT ASSEMBLY", "city": "San Carlos de Bariloche", "thermal_power_kw": "0.01", "status": "TEMPORARY SHUTDOWN", "start": "1997-06-17", "prov": [{"tier": 1, "source": "IAEA Research Reactor Database export", "record": "AR0007", "url": "https://nucleus.iaea.org/rrdb/", "retrieved": "2026-09-22"}], "coord_tier": null, "coord_source": null}}, {"type": "Feature", "geometry": null, "properties": {"id": "RRDB:AR0001", "name": "RA-1 Enrico Fermi Reactor", "country": "Argentina", "stage": "reactor-research", "subtype": "TANK", "city": "Buenos Aires", "thermal_power_kw": "40", "status": "OPERATIONAL", "start": "1958-01-20", "prov": [{"tier": 1, "source": "IAEA Research Reactor Database export", "record": "AR0001", "url": "https://nucleus.iaea.org/rrdb/", "retrieved": "2026-09-22"}], "coord_tier": null, "coord_source": null}}, {"type": "Feature", "geometry": null, "properties": {"id": "RRDB:VE0001", "name": "RV-1", "country": "Venezuela, Bolivarian Republic of", "stage": "reactor-research", "subtype": "POOL", "city": "San Antonio de los Altos", "thermal_power_kw": "3000", "status": "PERMANENT SHUTDOWN", "start": "1960-07-12", "prov": [{"tier": 1, "source": "IAEA Research Reactor Database export", "record": "VE0001", "url": "https://nucleus.iaea.org/rrdb/", "retrieved": "2026-09-22"}], "coord_tier": null, "coord_source": null}}, {"type": "Feature", "geometry": null, "properties": {"id": "RRDB:CD0001", "name": "TRICO I", "country": "Democratic Republic of the Congo", "stage": "reactor-research", "subtype": "TRIGA MARK I", "city": "Kinshasa", "thermal_power_kw": "50", "status": "PERMANENT SHUTDOWN", "start": "1959-06-06", "prov": [{"tier": 1, "source": "IAEA Research Reactor Database export", "record": "CD0001", "url": "https://nucleus.iaea.org/rrdb/", "retrieved": "2026-09-22"}], "coord_tier": null, "coord_source": null}}, {"type": "Feature", "geometry": null, "properties": {"id": "RRDB:IT0001", "name": "ECO (Orgel Critical Experiment)", "country": "Italy", "stage": "reactor-research", "subtype": "CRIT FAST", "city": "Ispra", "thermal_power_kw": "2", "status": "UNDER DECOMMISSIONING", "start": "1965-11-01", "prov": [{"tier": 1, "source": "IAEA Research Reactor Database export", "record": "IT0001", "url": "https://nucleus.iaea.org/rrdb/", "retrieved": "2026-09-22"}], "coord_tier": null, "coord_source": null}}, {"type": "Feature", "geometry": null, "properties": {"id": "RRDB:IT0002", "name": "ESSOR Nuclear Plant", "country": "Italy", "stage": "reactor-research", "subtype": "HEAVY WATER", "city": "Ispra", "thermal_power_kw": "43000", "status": "UNDER DECOMMISSIONING", "start": "1967-03-19", "prov": [{"tier": 1, "source": "IAEA Research Reactor Database export", "record": "IT0002", "url": "https://nucleus.iaea.org/rrdb/", "retrieved": "2026-09-22"}], "coord_tier": null, "coord_source": null}}, {"type": "Feature", "geometry": null, "properties": {"id": "RRDB:BY0004", "name": "Kristal", "country": "Belarus", "stage": "reactor-research", "subtype": "CRIT ASSEMBLY", "city": "Minsk", "thermal_power_kw": "0", "status": "EXTENDED SHUTDOWN", "start": "NA", "prov": [{"tier": 1, "source": "IAEA Research Reactor Database export", "record": "BY0004", "url": "https://nucleus.iaea.org/rrdb/", "retrieved": "2026-09-22"}], "coord_tier": null, "coord_source": null}}, {"type": "Feature", "geometry": null, "properties": {"id": "RRDB:NG0002", "name": "Multipurpose Research Reactor", "country": "Nigeria", "stage": "reactor-research", "subtype": "POOL", "city": "Abuja", "thermal_power_kw": "10000", "status": "PLANNED", "start": "NA", "prov": [{"tier": 1, "source": "IAEA Research Reactor Database export", "record": "NG0002", "url": "https://nucleus.iaea.org/rrdb/", "retrieved": "2026-09-22"}], "coord_tier": null, "coord_source": null}}, {"type": "Feature", "geometry": null, "properties": {"id": "RRDB:IN0012", "name": "Thermal RR", "country": "India", "stage": "reactor-research", "subtype": "POOL", "city": "Visakhapatnam", "thermal_power_kw": "125000", "status": "PLANNED", "start": "NA", "prov": [{"tier": 1, "source": "IAEA Research Reactor Database export", "record": "IN0012", "url": "https://nucleus.iaea.org/rrdb/", "retrieved": "2026-09-22"}], "coord_tier": null, "coord_source": null}}, {"type": "Feature", "geometry": null, "properties": {"id": "RRDB:US0047", "name": "GA-TRIGA F", "country": "United States of America", "stage": "reactor-research", "subtype": "TRIGA MARK I", "city": "San Diego, CA", "thermal_power_kw": "250", "status": "UNDER DECOMMISSIONING", "start": "1960-07-01", "prov": [{"tier": 1, "source": "IAEA Research Reactor Database export", "record": "US0047", "url": "https://nucleus.iaea.org/rrdb/", "retrieved": "2026-09-22"}], "coord_tier": null, "coord_source": null}}, {"type": "Feature", "geometry": null, "properties": {"id": "RRDB:US0045", "name": "GA-TRIGA I", "country": "United States of America", "stage": "reactor-research", "subtype": "TRIGA MARK I", "city": "San Diego, CA", "thermal_power_kw": "250", "status": "UNDER DECOMMISSIONING", "start": "1958-05-03", "prov": [{"tier": 1, "source": "IAEA Research Reactor Database export", "record": "US0045", "url": "https://nucleus.iaea.org/rrdb/", "retrieved": "2026-09-22"}], "coord_tier": null, "coord_source": null}}, {"type": "Feature", "geometry": null, "properties": {"id": "RRDB:FR0018", "name": "RNG New Generation Reactor", "country": "France", "stage": "reactor-research", "subtype": "BWR-PROTOTYPE", "city": "Saint-Paul-les-Durance", "thermal_power_kw": "120000", "status": "PERMANENT SHUTDOWN", "start": "1975-11-24", "prov": [{"tier": 1, "source": "IAEA Research Reactor Database export", "record": "FR0018", "url": "https://nucleus.iaea.org/rrdb/", "retrieved": "2026-09-22"}], "coord_tier": null, "coord_source": null}}, {"type": "Feature", "geometry": null, "properties": {"id": "RRDB:US0068", "name": "UCNR Union Carbide", "country": "United States of America", "stage": "reactor-research", "subtype": "POOL", "city": "Tuxedo, NY", "thermal_power_kw": "5000", "status": "DECOMMISSIONED", "start": "1961-01-01", "prov": [{"tier": 1, "source": "IAEA Research Reactor Database export", "record": "US0068", "url": "https://nucleus.iaea.org/rrdb/", "retrieved": "2026-09-22"}], "coord_tier": null, "coord_source": null}}, {"type": "Feature", "geometry": {"type": "Point", "coordinates": [27.95, -25.8]}, "properties": {"id": "RRDB:ZA0001", "name": "SAFARI-1", "country": "South Africa", "stage": "reactor-research", "subtype": "TANK IN POOL", "city": "Pretoria", "thermal_power_kw": "20000", "status": "OPERATIONAL", "start": "1965-03-18", "prov": [{"tier": 1, "source": "IAEA Research Reactor Database export", "record": "ZA0001", "url": "https://nucleus.iaea.org/rrdb/", "retrieved": "2026-09-22"}], "coord_tier": 3, "coord_source": "wikidata Q7388510"}}, {"type": "Feature", "geometry": null, "properties": {"id": "RRDB:KZ0003", "name": "IVG.1M", "country": "Kazakhstan", "stage": "reactor-research", "subtype": "PWR", "city": "Kurchatov", "thermal_power_kw": "35000", "status": "OPERATIONAL", "start": "1972-09-19", "prov": [{"tier": 1, "source": "IAEA Research Reactor Database export", "record": "KZ0003", "url": "https://nucleus.iaea.org/rrdb/", "retrieved": "2026-09-22"}], "coord_tier": null, "coord_source": null}}, {"type": "Feature", "geometry": null, "properties": {"id": "RRDB:CN0024", "name": "TMSR-SF1", "country": "China", "stage": "reactor-research", "subtype": "EXPERIMENTAL", "city": "Shanghai", "thermal_power_kw": "10000", "status": "PLANNED", "start": "NA", "prov": [{"tier": 1, "source": "IAEA Research Reactor Database export", "record": "CN0024", "url": "https://nucleus.iaea.org/rrdb/", "retrieved": "2026-09-22"}], "coord_tier": null, "coord_source": null}}, {"type": "Feature", "geometry": null, "properties": {"id": "RRDB:BR0001", "name": "IEA-R1", "country": "Brazil", "stage": "reactor-research", "subtype": "POOL", "city": "Sao Paulo", "thermal_power_kw": "5000", "status": "OPERATIONAL", "start": "1957-09-16", "prov": [{"tier": 1, "source": "IAEA Research Reactor Database export", "record": "BR0001", "url": "https://nucleus.iaea.org/rrdb/", "retrieved": "2026-09-22"}], "coord_tier": null, "coord_source": null}}, {"type": "Feature", "geometry": null, "properties": {"id": "RRDB:RU0013", "name": "MIR.M1", "country": "Russian Federation", "stage": "reactor-research", "subtype": "POOL/CHANNELS", "city": "Dimitrovgrad", "thermal_power_kw": "100000", "status": "OPERATIONAL", "start": "1966-12-24", "prov": [{"tier": 1, "source": "IAEA Research Reactor Database export", "record": "RU0013", "url": "https://nucleus.iaea.org/rrdb/", "retrieved": "2026-09-22"}], "coord_tier": null, "coord_source": null}}, {"type": "Feature", "geometry": null, "properties": {"id": "RRDB:RU0004", "name": "IR-8", "country": "Russian Federation", "stage": "reactor-research", "subtype": "POOL, IRT", "city": "Moscow", "thermal_power_kw": "8000", "status": "OPERATIONAL", "start": "1981-08-12", "prov": [{"tier": 1, "source": "IAEA Research Reactor Database export", "record": "RU0004", "url": "https://nucleus.iaea.org/rrdb/", "retrieved": "2026-09-22"}], "coord_tier": null, "coord_source": null}}, {"type": "Feature", "geometry": null, "properties": {"id": "RRDB:RU110 ", "name": "UVPSh", "country": "Russian Federation", "stage": "reactor-research", "subtype": "SUBCRIT", "city": "Moscow", "thermal_power_kw": "0", "status": "OPERATIONAL", "start": "1964-03-18", "prov": [{"tier": 1, "source": "IAEA Research Reactor Database export", "record": "RU110 ", "url": "https://nucleus.iaea.org/rrdb/", "retrieved": "2026-09-22"}], "coord_tier": null, "coord_source": null}}, {"type": "Feature", "geometry": null, "properties": {"id": "RRDB:RU111 ", "name": "UG Subcritical", "country": "Russian Federation", "stage": "reactor-research", "subtype": "SUBCRIT", "city": "Moscow", "thermal_power_kw": "0", "status": "OPERATIONAL", "start": "1955-04-20", "prov": [{"tier": 1, "source": "IAEA Research Reactor Database export", "record": "RU111 ", "url": "https://nucleus.iaea.org/rrdb/", "retrieved": "2026-09-22"}], "coord_tier": null, "coord_source": null}}, {"type": "Feature", "geometry": null, "properties": {"id": "RRDB:RU114 ", "name": "UV", "country": "Russian Federation", "stage": "reactor-research", "subtype": "SUBCRIT", "city": "Moscow", "thermal_power_kw": "0", "status": "OPERATIONAL", "start": "1980-12-04", "prov": [{"tier": 1, "source": "IAEA Research Reactor Database export", "record": "RU114 ", "url": "https://nucleus.iaea.org/rrdb/", "retrieved": "2026-09-22"}], "coord_tier": null, "coord_source": null}}, {"type": "Feature", "geometry": {"type": "Point", "coordinates": [4.71167, 44.14333]}, "properties": {"id": "RRDB:FR0040", "name": "PHENIX", "country": "France", "stage": "reactor-research", "subtype": "FAST BREEDER", "city": "Marcoule", "thermal_power_kw": "563000", "status": "UNDER DECOMMISSIONING", "start": "1973-08-31", "prov": [{"tier": 1, "source": "IAEA Research Reactor Database export", "record": "FR0040", "url": "https://nucleus.iaea.org/rrdb/", "retrieved": "2026-09-22"}], "coord_tier": 3, "coord_source": "wikidata Q113368"}}, {"type": "Feature", "geometry": null, "properties": {"id": "RRDB:FR029 ", "name": "G-1", "country": "France", "stage": "reactor-research", "subtype": "GRAPHITE PILE", "city": "Bagnols-sur-Cèze", "thermal_power_kw": "46000", "status": "UNDER DECOMMISSIONING", "start": "1956-01-07", "prov": [{"tier": 1, "source": "IAEA Research Reactor Database export", "record": "FR029 ", "url": "https://nucleus.iaea.org/rrdb/", "retrieved": "2026-09-22"}], "coord_tier": null, "coord_source": null}}, {"type": "Feature", "geometry": null, "properties": {"id": "RRDB:JP0028", "name": "OCF Ozenji Critical Facility", "country": "Japan", "stage": "reactor-research", "subtype": "CRIT ASSEMBLY", "city": "Kawasaki", "thermal_power_kw": "0.1", "status": "DECOMMISSIONED", "start": "1962-10-01", "prov": [{"tier": 1, "source": "IAEA Research Reactor Database export", "record": "JP0028", "url": "https://nucleus.iaea.org/rrdb/", "retrieved": "2026-09-22"}], "coord_tier": null, "coord_source": null}}, {"type": "Feature", "geometry": null, "properties": {"id": "RRDB:JP0029", "name": "MCF", "country": "Japan", "stage": "reactor-research", "subtype": "CRIT ASSEMBLY", "city": "Saitama", "thermal_power_kw": "0.2", "status": "DECOMMISSIONED", "start": "1969-08-01", "prov": [{"tier": 1, "source": "IAEA Research Reactor Database export", "record": "JP0029", "url": "https://nucleus.iaea.org/rrdb/", "retrieved": "2026-09-22"}], "coord_tier": null, "coord_source": null}}, {"type": "Feature", "geometry": null, "properties": {"id": "RRDB:JP0026", "name": "JRR-1", "country": "Japan", "stage": "reactor-research", "subtype": "HOMOG (L)", "city": "Tokai-mura", "thermal_power_kw": "60", "status": "DECOMMISSIONED", "start": "1957-08-27", "prov": [{"tier": 1, "source": "IAEA Research Reactor Database export", "record": "JP0026", "url": "https://nucleus.iaea.org/rrdb/", "retrieved": "2026-09-22"}], "coord_tier": null, "coord_source": null}}, {"type": "Feature", "geometry": null, "properties": {"id": "RRDB:JP0027", "name": "SCA", "country": "Japan", "stage": "reactor-research", "subtype": "CRIT ASSEMBLY", "city": "Tokai-mura", "thermal_power_kw": "0.2", "status": "DECOMMISSIONED", "start": "1966-08-01", "prov": [{"tier": 1, "source": "IAEA Research Reactor Database export", "record": "JP0027", "url": "https://nucleus.iaea.org/rrdb/", "retrieved": "2026-09-22"}], "coord_tier": null, "coord_source": null}}, {"type": "Feature", "geometry": null, "properties": {"id": "RRDB:JP0021", "name": "AHCF", "country": "Japan", "stage": "reactor-research", "subtype": "CRIT ASSEMBLY", "city": "Tokai-mura", "thermal_power_kw": "0.01", "status": "DECOMMISSIONED", "start": "1961-01-01", "prov": [{"tier": 1, "source": "IAEA Research Reactor Database export", "record": "JP0021", "url": "https://nucleus.iaea.org/rrdb/", "retrieved": "2026-09-22"}], "coord_tier": null, "coord_source": null}}, {"type": "Feature", "geometry": null, "properties": {"id": "RRDB:BY0002", "name": "YALINA-Thermal", "country": "Belarus", "stage": "reactor-research", "subtype": "SUBCRIT", "city": "Minsk", "thermal_power_kw": "0", "status": "OPERATIONAL", "start": "2000-01-01", "prov": [{"tier": 1, "source": "IAEA Research Reactor Database export", "record": "BY0002", "url": "https://nucleus.iaea.org/rrdb/", "retrieved": "2026-09-22"}], "coord_tier": null, "coord_source": null}}, {"type": "Feature", "geometry": null, "properties": {"id": "RRDB:SA001 ", "name": "LPRR", "country": "Saudi Arabia", "stage": "reactor-research", "subtype": "POOL", "city": "Riyadh", "thermal_power_kw": "30", "status": "UNDER CONSTRUCTION", "start": "NA", "prov": [{"tier": 1, "source": "IAEA Research Reactor Database export", "record": "SA001 ", "url": "https://nucleus.iaea.org/rrdb/", "retrieved": "2026-09-22"}], "coord_tier": null, "coord_source": null}}, {"type": "Feature", "geometry": null, "properties": {"id": "RRDB:RU0021", "name": "RBT-10/1", "country": "Russian Federation", "stage": "reactor-research", "subtype": "POOL", "city": "Dimitrovgrad", "thermal_power_kw": "10000", "status": "DECOMMISSIONED", "start": "1983-12-01", "prov": [{"tier": 1, "source": "IAEA Research Reactor Database export", "record": "RU0021", "url": "https://nucleus.iaea.org/rrdb/", "retrieved": "2026-09-22"}], "coord_tier": null, "coord_source": null}}, {"type": "Feature", "geometry": null, "properties": {"id": "RRDB:RU113 ", "name": "UG Rig", "country": "Russian Federation", "stage": "reactor-research", "subtype": "CRIT GRAPHITE", "city": "Elektrostal", "thermal_power_kw": "0.03", "status": "DECOMMISSIONED", "start": "1967-04-20", "prov": [{"tier": 1, "source": "IAEA Research Reactor Database export", "record": "RU113 ", "url": "https://nucleus.iaea.org/rrdb/", "retrieved": "2026-09-22"}], "coord_tier": null, "coord_source": null}}, {"type": "Feature", "geometry": null, "properties": {"id": "RRDB:RU107 ", "name": "VVER", "country": "Russian Federation", "stage": "reactor-research", "subtype": "SUBCRIT", "city": "Moscow", "thermal_power_kw": "0", "status": "EXTENDED SHUTDOWN", "start": "1974-04-06", "prov": [{"tier": 1, "source": "IAEA Research Reactor Database export", "record": "RU107 ", "url": "https://nucleus.iaea.org/rrdb/", "retrieved": "2026-09-22"}], "coord_tier": null, "coord_source": null}}, {"type": "Feature", "geometry": null, "properties": {"id": "RRDB:RS0003", "name": "RB", "country": "Serbia", "stage": "reactor-research", "subtype": "HEAVY WATER", "city": "Belgrade", "thermal_power_kw": "0", "status": "TEMPORARY SHUTDOWN", "start": "1958-04-29", "prov": [{"tier": 1, "source": "IAEA Research Reactor Database export", "record": "RS0003", "url": "https://nucleus.iaea.org/rrdb/", "retrieved": "2026-09-22"}], "coord_tier": null, "coord_source": null}}, {"type": "Feature", "geometry": null, "properties": {"id": "RRDB:FR033 ", "name": "Rachel", "country": "France", "stage": "reactor-research", "subtype": "CRIT FAST", "city": "Dijon", "thermal_power_kw": "0.1", "status": "DECOMMISSIONED", "start": "1961-04-01", "prov": [{"tier": 1, "source": "IAEA Research Reactor Database export", "record": "FR033 ", "url": "https://nucleus.iaea.org/rrdb/", "retrieved": "2026-09-22"}], "coord_tier": null, "coord_source": null}}, {"type": "Feature", "geometry": null, "properties": {"id": "RRDB:FR032 ", "name": "Rubeole", "country": "France", "stage": "reactor-research", "subtype": "CRIT ASSEMBLY", "city": "Gif-sur-Yvette", "thermal_power_kw": "0.1", "status": "DECOMMISSIONED", "start": "1959-07-03", "prov": [{"tier": 1, "source": "IAEA Research Reactor Database export", "record": "FR032 ", "url": "https://nucleus.iaea.org/rrdb/", "retrieved": "2026-09-22"}], "coord_tier": null, "coord_source": null}}, {"type": "Feature", "geometry": null, "properties": {"id": "RRDB:RU026 ", "name": "Aksamit", "country": "Russian Federation", "stage": "reactor-research", "subtype": "CRIT ASSEMBLY", "city": "Moscow", "thermal_power_kw": "0", "status": "OPERATIONAL", "start": "2002-02-25", "prov": [{"tier": 1, "source": "IAEA Research Reactor Database export", "record": "RU026 ", "url": "https://nucleus.iaea.org/rrdb/", "retrieved": "2026-09-22"}], "coord_tier": null, "coord_source": null}}, {"type": "Feature", "geometry": null, "properties": {"id": "RRDB:RS0002", "name": "RA", "country": "Serbia", "stage": "reactor-research", "subtype": "HEAVY WATER", "city": "Vinca", "thermal_power_kw": "6500", "status": "DECOMMISSIONED", "start": "1959-12-28", "prov": [{"tier": 1, "source": "IAEA Research Reactor Database export", "record": "RS0002", "url": "https://nucleus.iaea.org/rrdb/", "retrieved": "2026-09-22"}], "coord_tier": null, "coord_source": null}}, {"type": "Feature", "geometry": null, "properties": {"id": "RRDB:NL0007", "name": "Delphi", "country": "Netherlands, Kingdom of the", "stage": "reactor-research", "subtype": "SUBCRIT", "city": "Delft", "thermal_power_kw": "0", "status": "OPERATIONAL", "start": "2004-01-01", "prov": [{"tier": 1, "source": "IAEA Research Reactor Database export", "record": "NL0007", "url": "https://nucleus.iaea.org/rrdb/", "retrieved": "2026-09-22"}], "coord_tier": null, "coord_source": null}}, {"type": "Feature", "geometry": null, "properties": {"id": "RRDB:VN0002", "name": "Multipurpose Research Reactor", "country": "Viet Nam", "stage": "reactor-research", "subtype": "POOL, IRT", "city": "Da Lat", "thermal_power_kw": "15000", "status": "PLANNED", "start": "NA", "prov": [{"tier": 1, "source": "IAEA Research Reactor Database export", "record": "VN0002", "url": "https://nucleus.iaea.org/rrdb/", "retrieved": "2026-09-22"}], "coord_tier": null, "coord_source": null}}, {"type": "Feature", "geometry": null, "properties": {"id": "RRDB:JO0001", "name": "JSA - Jordan Subcritical Assembly", "country": "Jordan", "stage": "reactor-research", "subtype": "SUBCRIT", "city": "Amman", "thermal_power_kw": "0", "status": "OPERATIONAL", "start": "2013-06-07", "prov": [{"tier": 1, "source": "IAEA Research Reactor Database export", "record": "JO0001", "url": "https://nucleus.iaea.org/rrdb/", "retrieved": "2026-09-22"}], "coord_tier": null, "coord_source": null}}, {"type": "Feature", "geometry": null, "properties": {"id": "RRDB:CN0020", "name": "TFHR Thorium Pebble Bed", "country": "China", "stage": "reactor-research", "subtype": "EXPERIMENTAL", "city": "Shanghai", "thermal_power_kw": "2000", "status": "PLANNED", "start": "NA", "prov": [{"tier": 1, "source": "IAEA Research Reactor Database export", "record": "CN0020", "url": "https://nucleus.iaea.org/rrdb/", "retrieved": "2026-09-22"}], "coord_tier": null, "coord_source": null}}, {"type": "Feature", "geometry": null, "properties": {"id": "RRDB:US0263", "name": "Critical Experiment Tank", "country": "United States of America", "stage": "reactor-research", "subtype": "AIR COOLED", "city": "Idaho Falls, ID", "thermal_power_kw": "5", "status": "DECOMMISSIONED", "start": "1958-01-01", "prov": [{"tier": 1, "source": "IAEA Research Reactor Database export", "record": "US0263", "url": "https://nucleus.iaea.org/rrdb/", "retrieved": "2026-09-22"}], "coord_tier": null, "coord_source": null}}, {"type": "Feature", "geometry": null, "properties": {"id": "RRDB:IL0001", "name": "IRR-1", "country": "Israel", "stage": "reactor-research", "subtype": "POOL", "city": "Yavne", "thermal_power_kw": "5000", "status": "OPERATIONAL", "start": "1960-06-16", "prov": [{"tier": 1, "source": "IAEA Research Reactor Database export", "record": "IL0001", "url": "https://nucleus.iaea.org/rrdb/", "retrieved": "2026-09-22"}], "coord_tier": null, "coord_source": null}}, {"type": "Feature", "geometry": null, "properties": {"id": "RRDB:UA0004", "name": "Multipurpose RR", "country": "Ukraine", "stage": "reactor-research", "subtype": "POOL", "city": "Kiev", "thermal_power_kw": "20000", "status": "PLANNED", "start": "NA", "prov": [{"tier": 1, "source": "IAEA Research Reactor Database export", "record": "UA0004", "url": "https://nucleus.iaea.org/rrdb/", "retrieved": "2026-09-22"}], "coord_tier": null, "coord_source": null}}, {"type": "Feature", "geometry": null, "properties": {"id": "RRDB:PE0001", "name": "RP-0", "country": "Peru", "stage": "reactor-research", "subtype": "CRIT ASSEMBLY", "city": "Lima", "thermal_power_kw": "0.001", "status": "OPERATIONAL", "start": "1978-07-20", "prov": [{"tier": 1, "source": "IAEA Research Reactor Database export", "record": "PE0001", "url": "https://nucleus.iaea.org/rrdb/", "retrieved": "2026-09-22"}], "coord_tier": null, "coord_source": null}}, {"type": "Feature", "geometry": null, "properties": {"id": "RRDB:KP0001", "name": "IRT-DPRK", "country": "Dem. P.R. of Korea", "stage": "reactor-research", "subtype": "POOL, IRT", "city": "Nyongbyon", "thermal_power_kw": "8000", "status": "OPERATIONAL", "start": "1965-08-15", "prov": [{"tier": 1, "source": "IAEA Research Reactor Database export", "record": "KP0001", "url": "https://nucleus.iaea.org/rrdb/", "retrieved": "2026-09-22"}], "coord_tier": null, "coord_source": null}}, {"type": "Feature", "geometry": null, "properties": {"id": "RRDB:AR0006", "name": "RA-6", "country": "Argentina", "stage": "reactor-research", "subtype": "POOL", "city": "San Carlos de Bariloche", "thermal_power_kw": "500", "status": "OPERATIONAL", "start": "1982-09-23", "prov": [{"tier": 1, "source": "IAEA Research Reactor Database export", "record": "AR0006", "url": "https://nucleus.iaea.org/rrdb/", "retrieved": "2026-09-22"}], "coord_tier": null, "coord_source": null}}, {"type": "Feature", "geometry": null, "properties": {"id": "RRDB:AR0003", "name": "RA-0", "country": "Argentina", "stage": "reactor-research", "subtype": "TANK", "city": "Córdoba", "thermal_power_kw": "0.01", "status": "OPERATIONAL", "start": "1965-01-01", "prov": [{"tier": 1, "source": "IAEA Research Reactor Database export", "record": "AR0003", "url": "https://nucleus.iaea.org/rrdb/", "retrieved": "2026-09-22"}], "coord_tier": null, "coord_source": null}}, {"type": "Feature", "geometry": null, "properties": {"id": "RRDB:AR0002", "name": "RA-3", "country": "Argentina", "stage": "reactor-research", "subtype": "POOL", "city": "Ezeiza", "thermal_power_kw": "10000", "status": "OPERATIONAL", "start": "1967-05-17", "prov": [{"tier": 1, "source": "IAEA Research Reactor Database export", "record": "AR0002", "url": "https://nucleus.iaea.org/rrdb/", "retrieved": "2026-09-22"}], "coord_tier": null, "coord_source": null}}, {"type": "Feature", "geometry": null, "properties": {"id": "RRDB:BY009 ", "name": "Giacint", "country": "Belarus", "stage": "reactor-research", "subtype": "CRIT ASSEMBLY", "city": "Minsk", "thermal_power_kw": "0", "status": "OPERATIONAL", "start": "2009-01-01", "prov": [{"tier": 1, "source": "IAEA Research Reactor Database export", "record": "BY009 ", "url": "https://nucleus.iaea.org/rrdb/", "retrieved": "2026-09-22"}], "coord_tier": null, "coord_source": null}}, {"type": "Feature", "geometry": null, "properties": {"id": "RRDB:RU116 ", "name": "R-1", "country": "Russian Federation", "stage": "reactor-research", "subtype": "SUBCRIT", "city": "St. Petersburg", "thermal_power_kw": "0", "status": "PERMANENT SHUTDOWN", "start": "1991-08-19", "prov": [{"tier": 1, "source": "IAEA Research Reactor Database export", "record": "RU116 ", "url": "https://nucleus.iaea.org/rrdb/", "retrieved": "2026-09-22"}], "coord_tier": null, "coord_source": null}}, {"type": "Feature", "geometry": null, "properties": {"id": "RRDB:RU115 ", "name": "SO-2M", "country": "Russian Federation", "stage": "reactor-research", "subtype": "SUBCRIT", "city": "Moscow", "thermal_power_kw": "0", "status": "PERMANENT SHUTDOWN", "start": "1975-01-01", "prov": [{"tier": 1, "source": "IAEA Research Reactor Database export", "record": "RU115 ", "url": "https://nucleus.iaea.org/rrdb/", "retrieved": "2026-09-22"}], "coord_tier": null, "coord_source": null}}, {"type": "Feature", "geometry": null, "properties": {"id": "RRDB:RU112 ", "name": "7KVD", "country": "Russian Federation", "stage": "reactor-research", "subtype": "SUBCRIT", "city": "Podolsk", "thermal_power_kw": "0", "status": "PERMANENT SHUTDOWN", "start": "1979-12-07", "prov": [{"tier": 1, "source": "IAEA Research Reactor Database export", "record": "RU112 ", "url": "https://nucleus.iaea.org/rrdb/", "retrieved": "2026-09-22"}], "coord_tier": null, "coord_source": null}}, {"type": "Feature", "geometry": null, "properties": {"id": "RRDB:IR0003", "name": "ENTC GSCR", "country": "Iran, Islamic Republic of", "stage": "reactor-research", "subtype": "SUBCRIT", "city": "Isfahan", "thermal_power_kw": "0", "status": "DECOMMISSIONED", "start": "1992-01-01", "prov": [{"tier": 1, "source": "IAEA Research Reactor Database export", "record": "IR0003", "url": "https://nucleus.iaea.org/rrdb/", "retrieved": "2026-09-22"}], "coord_tier": null, "coord_source": null}}, {"type": "Feature", "geometry": null, "properties": {"id": "RRDB:IQ0002", "name": "TAMMUZ-2", "country": "Iraq", "stage": "reactor-research", "subtype": "POOL", "city": "Baghdad", "thermal_power_kw": "500", "status": "PERMANENT SHUTDOWN", "start": "1987-03-01", "prov": [{"tier": 1, "source": "IAEA Research Reactor Database export", "record": "IQ0002", "url": "https://nucleus.iaea.org/rrdb/", "retrieved": "2026-09-22"}], "coord_tier": null, "coord_source": null}}, {"type": "Feature", "geometry": null, "properties": {"id": "RRDB:IQ0001", "name": "IRT-5000", "country": "Iraq", "stage": "reactor-research", "subtype": "POOL, IRT", "city": "Baghdad", "thermal_power_kw": "5000", "status": "PERMANENT SHUTDOWN", "start": "1967-01-01", "prov": [{"tier": 1, "source": "IAEA Research Reactor Database export", "record": "IQ0001", "url": "https://nucleus.iaea.org/rrdb/", "retrieved": "2026-09-22"}], "coord_tier": null, "coord_source": null}}, {"type": "Feature", "geometry": null, "properties": {"id": "RRDB:ZA0002", "name": "Pelinduna-0", "country": "South Africa", "stage": "reactor-research", "subtype": "CRIT FAST", "city": "Pretoria", "thermal_power_kw": "0", "status": "DECOMMISSIONED", "start": "1967-01-01", "prov": [{"tier": 1, "source": "IAEA Research Reactor Database export", "record": "ZA0002", "url": "https://nucleus.iaea.org/rrdb/", "retrieved": "2026-09-22"}], "coord_tier": null, "coord_source": null}}, {"type": "Feature", "geometry": null, "properties": {"id": "RRDB:IL0002", "name": "IRR-2", "country": "Israel", "stage": "reactor-research", "subtype": "HEAVY WATER", "city": "Yavne", "thermal_power_kw": "26000", "status": "OPERATIONAL", "start": "1963-12-01", "prov": [{"tier": 1, "source": "IAEA Research Reactor Database export", "record": "IL0002", "url": "https://nucleus.iaea.org/rrdb/", "retrieved": "2026-09-22"}], "coord_tier": null, "coord_source": null}}, {"type": "Feature", "geometry": null, "properties": {"id": "RRDB:BY0003", "name": "YALINA-Booster", "country": "Belarus", "stage": "reactor-research", "subtype": "SUBCRIT", "city": "Minsk", "thermal_power_kw": "0", "status": "OPERATIONAL", "start": "2005-05-30", "prov": [{"tier": 1, "source": "IAEA Research Reactor Database export", "record": "BY0003", "url": "https://nucleus.iaea.org/rrdb/", "retrieved": "2026-09-22"}], "coord_tier": null, "coord_source": null}}, {"type": "Feature", "geometry": null, "properties": {"id": "RRDB:UA0002", "name": "SNI, IR-100", "country": "Ukraine", "stage": "reactor-research", "subtype": "POOL, IRT", "city": "Sevastopol", "thermal_power_kw": "200", "status": "OPERATIONAL", "start": "1967-04-18", "prov": [{"tier": 1, "source": "IAEA Research Reactor Database export", "record": "UA0002", "url": "https://nucleus.iaea.org/rrdb/", "retrieved": "2026-09-22"}], "coord_tier": null, "coord_source": null}}, {"type": "Feature", "geometry": null, "properties": {"id": "RRDB:UA0003", "name": "SPh IR-100", "country": "Ukraine", "stage": "reactor-research", "subtype": "CRIT ASSEMBLY", "city": "Sevastopol", "thermal_power_kw": "0.002", "status": "OPERATIONAL", "start": "1974-07-17", "prov": [{"tier": 1, "source": "IAEA Research Reactor Database export", "record": "UA0003", "url": "https://nucleus.iaea.org/rrdb/", "retrieved": "2026-09-22"}], "coord_tier": null, "coord_source": null}}, {"type": "Feature", "geometry": null, "properties": {"id": "RRDB:HU0003", "name": "ZR-6M", "country": "Hungary", "stage": "reactor-research", "subtype": "CRIT ASSEMBLY", "city": "NA", "thermal_power_kw": "0", "status": "DECOMMISSIONED", "start": "1972-11-28", "prov": [{"tier": 1, "source": "IAEA Research Reactor Database export", "record": "HU0003", "url": "https://nucleus.iaea.org/rrdb/", "retrieved": "2026-09-22"}], "coord_tier": null, "coord_source": null}}, {"type": "Feature", "geometry": null, "properties": {"id": "RRDB:GB0045", "name": "HECTOR", "country": "United Kingdom", "stage": "reactor-research", "subtype": "GRAPHITE CO2", "city": "NA", "thermal_power_kw": "0.1", "status": "DECOMMISSIONED", "start": "1963-03-10", "prov": [{"tier": 1, "source": "IAEA Research Reactor Database export", "record": "GB0045", "url": "https://nucleus.iaea.org/rrdb/", "retrieved": "2026-09-22"}], "coord_tier": null, "coord_source": null}}]}