{"type":"FeatureCollection","meta":{"source":"Wikidata (CC0)","retrieved":"2026-09-22","classes":["nuclear power plant","research reactor","uranium enrichment plant","nuclear reprocessing site","uranium mine","deep geological repository"],"coverage_note":"Civil layer only. Complete for nuclear power plants as Wikidata holds them; partial for research reactors; sparse for enrichment, reprocessing, mining, disposal. The generic Wikidata class nuclear facility is deliberately not used (it mixes in defense-program sites). IAEA PRIS/RRDB/NFCIS reconciliation is a listed completion task.","builder":"pipelines/build_facilities.py"},"features":[{"type":"Feature","geometry":{"type":"Point","coordinates":[10.67083,52.12889]},"properties":{"id":"Q316980","name":"Asse II mine","stage":"disposal","class":"deep geological repository","country":"Germany","operator":"Bundesgesellschaft f\u00fcr Endlagerung","first_operation":null,"status":null,"closed":null,"capacity_mw":null,"source":"Wikidata","source_url":"https://www.wikidata.org/wiki/Q316980","retrieved":"2026-09-22"}},{"type":"Feature","geometry":{"type":"Point","coordinates":[12.94,50.37444]},"properties":{"id":"Q899724","name":"D\u016fl Bratrstv\u00ed","stage":"disposal","class":"deep geological repository","country":"Czech Republic","operator":null,"first_operation":null,"status":null,"closed":null,"capacity_mw":null,"source":"Wikidata","source_url":"https://www.wikidata.org/wiki/Q899724","retrieved":"2026-09-22"}},{"type":"Feature","geometry":{"type":"Point","coordinates":[18.2069,60.4072]},"properties":{"id":"Q1421805","name":"Final repository for short-lived radioactive waste","stage":"disposal","class":"deep geological repository","country":"Sweden","operator":null,"first_operation":"1988-01-01","status":null,"closed":null,"capacity_mw":null,"source":"Wikidata","source_url":"https://www.wikidata.org/wiki/Q1421805","retrieved":"2026-09-22"}},{"type":"Feature","geometry":{"type":"Point","coordinates":[10.4028,52.1836]},"properties":{"id":"Q2229618","name":"Konrad mine","stage":"disposal","class":"deep geological repository","country":"Germany","operator":"Bundesgesellschaft f\u00fcr Endlagerung","first_operation":null,"status":null,"closed":null,"capacity_mw":null,"source":"Wikidata","source_url":"https://www.wikidata.org/wiki/Q2229618","retrieved":"2026-09-22"}},{"type":"Feature","geometry":{"type":"Point","coordinates":[26.32702,60.3751]},"properties":{"id":"Q1340495","name":"Loviisa deep geological repository","stage":"disposal","class":"deep geological repository","country":"Finland","operator":null,"first_operation":"1997-01-01","status":null,"closed":null,"capacity_mw":null,"source":"Wikidata","source_url":"https://www.wikidata.org/wiki/Q1340495","retrieved":"2026-09-22"}},{"type":"Feature","geometry":{"type":"Point","coordinates":[11.1022,52.2239]},"properties":{"id":"Q896064","name":"Morsleben radioactive waste repository","stage":"disposal","class":"deep geological repository","country":"Germany","operator":"Deutsche Gesellschaft zum Bau und Betrieb von Endlagern f\u00fcr Abfallstoffe","first_operation":null,"status":null,"closed":null,"capacity_mw":null,"source":"Wikidata","source_url":"https://www.wikidata.org/wiki/Q896064","retrieved":"2026-09-22"}},{"type":"Feature","geometry":{"type":"Point","coordinates":[21.4821,61.23513]},"properties":{"id":"Q4413020","name":"Onkalo spent nuclear fuel repository","stage":"disposal","class":"deep geological repository","country":"Finland","operator":null,"first_operation":null,"status":null,"closed":null,"capacity_mw":null,"source":"Wikidata","source_url":"https://www.wikidata.org/wiki/Q4413020","retrieved":"2026-09-22"}},{"type":"Feature","geometry":{"type":"Point","coordinates":[12.9905,53.14884]},"properties":{"id":"Q139715196","name":"Q139715196","stage":"disposal","class":"deep geological repository","country":"Germany","operator":null,"first_operation":null,"status":null,"closed":null,"capacity_mw":null,"source":"Wikidata","source_url":"https://www.wikidata.org/wiki/Q139715196","retrieved":"2026-09-22"}},{"type":"Feature","geometry":{"type":"Point","coordinates":[14.10414,50.54368]},"properties":{"id":"Q29015944","name":"Q29015944","stage":"disposal","class":"deep geological repository","country":"Czech Republic","operator":null,"first_operation":null,"status":null,"closed":null,"capacity_mw":null,"source":"Wikidata","source_url":"https://www.wikidata.org/wiki/Q29015944","retrieved":"2026-09-22"}},{"type":"Feature","geometry":{"type":"Point","coordinates":[140.667,-32.3]},"properties":{"id":"Q2126501","name":"Radium Hill","stage":"disposal","class":"deep geological repository","country":"Australia","operator":null,"first_operation":null,"status":null,"closed":null,"capacity_mw":null,"source":"Wikidata","source_url":"https://www.wikidata.org/wiki/Q2126501","retrieved":"2026-09-22"}},{"type":"Feature","geometry":{"type":"Point","coordinates":[-116.42667,36.85278]},"properties":{"id":"Q2142173","name":"Yucca Mountain nuclear waste repository","stage":"disposal","class":"deep geological repository","country":"United States","operator":null,"first_operation":null,"status":null,"closed":null,"capacity_mw":null,"source":"Wikidata","source_url":"https://www.wikidata.org/wiki/Q2142173","retrieved":"2026-09-22"}},{"type":"Feature","geometry":{"type":"Point","coordinates":[16.6613,57.4329]},"properties":{"id":"Q4992465","name":"\u00c4sp\u00f6 Hard Rock Laboratory","stage":"disposal","class":"deep geological repository","country":"Sweden","operator":null,"first_operation":null,"status":null,"closed":null,"capacity_mw":null,"source":"Wikidata","source_url":"https://www.wikidata.org/wiki/Q4992465","retrieved":"2026-09-22"}},{"type":"Feature","geometry":{"type":"Point","coordinates":[7.15991,49.61814]},"properties":{"id":"Q2500027","name":"Ehemalige Uranerzaufbereitungsanlage Ellweiler","stage":"enrichment","class":"uranium enrichment plant","country":"Germany","operator":null,"first_operation":"1958-01-01","status":null,"closed":"1990-01-01","capacity_mw":null,"source":"Wikidata","source_url":"https://www.wikidata.org/wiki/Q2500027","retrieved":"2026-09-22"}},{"type":"Feature","geometry":{"type":"Point","coordinates":[50.99669,34.88565]},"properties":{"id":"Q757565","name":"Fordow Uranium Enrichment Plant","stage":"enrichment","class":"uranium enrichment plant","country":"Iran","operator":null,"first_operation":null,"status":null,"closed":null,"capacity_mw":null,"source":"Wikidata","source_url":"https://www.wikidata.org/wiki/Q757565","retrieved":"2026-09-22","override_reason":"Fordow is an enrichment plant; Wikidata carries it only under the generic 'nuclear facility' class. CI screen 2026-09-22."}},{"type":"Feature","geometry":{"type":"Point","coordinates":[4.72167,44.33056]},"properties":{"id":"Q54338531","name":"Georges Besse I uranium enrichment plant","stage":"enrichment","class":"uranium enrichment plant","country":"France","operator":"Eurodif Production","first_operation":"1979-01-01","status":null,"closed":null,"capacity_mw":null,"source":"Wikidata","source_url":"https://www.wikidata.org/wiki/Q54338531","retrieved":"2026-09-22"}},{"type":"Feature","geometry":{"type":"Point","coordinates":[4.72111,44.3292]},"properties":{"id":"Q3552593","name":"Georges Besse II uranium enrichment plant","stage":"enrichment","class":"uranium enrichment plant","country":"France","operator":"Areva","first_operation":"2011-01-01","status":null,"closed":null,"capacity_mw":null,"source":"Wikidata","source_url":"https://www.wikidata.org/wiki/Q3552593","retrieved":"2026-09-22"}},{"type":"Feature","geometry":{"type":"Point","coordinates":[7.07392,52.2154]},"properties":{"id":"Q2500022","name":"Gronau Uranium Enrichment Plant","stage":"enrichment","class":"uranium enrichment plant","country":"Germany","operator":"Urenco Group","first_operation":"1985-08-15","status":null,"closed":null,"capacity_mw":null,"source":"Wikidata","source_url":"https://www.wikidata.org/wiki/Q2500022","retrieved":"2026-09-22"}},{"type":"Feature","geometry":{"type":"Point","coordinates":[103.51843,36.15074]},"properties":{"id":"Q135287608","name":"Lanzhou uranium enrichment plant","stage":"enrichment","class":"uranium enrichment plant","country":"People's Republic of China","operator":null,"first_operation":null,"status":null,"closed":null,"capacity_mw":null,"source":"Wikidata","source_url":"https://www.wikidata.org/wiki/Q135287608","retrieved":"2026-09-22"}},{"type":"Feature","geometry":{"type":"Point","coordinates":[51.725,33.725]},"properties":{"id":"Q6012307","name":"Natanz nuclear facility","stage":"enrichment","class":"uranium enrichment plant","country":"Iran","operator":"Atomic Energy Organization of Iran","first_operation":null,"status":null,"closed":null,"capacity_mw":null,"source":"Wikidata","source_url":"https://www.wikidata.org/wiki/Q6012307","retrieved":"2026-09-22"}},{"type":"Feature","geometry":{"type":"Point","coordinates":[22.62833,46.48]},"properties":{"id":"Q5005372","name":"B\u0103i\u021ba mine","stage":"mining","class":"uranium mine","country":"Romania","operator":null,"first_operation":"1955-01-01","status":null,"closed":null,"capacity_mw":null,"source":"Wikidata","source_url":"https://www.wikidata.org/wiki/Q5005372","retrieved":"2026-09-22"}},{"type":"Feature","geometry":{"type":"Point","coordinates":[25.61201,47.35125]},"properties":{"id":"Q5189760","name":"Crucea \u2013 Botu\u0219ana mine","stage":"mining","class":"uranium mine","country":"Romania","operator":"Q12724464","first_operation":"1965-01-01","status":null,"closed":null,"capacity_mw":null,"source":"Wikidata","source_url":"https://www.wikidata.org/wiki/Q5189760","retrieved":"2026-09-22"}},{"type":"Feature","geometry":{"type":"Point","coordinates":[126.25,58.56667]},"properties":{"id":"Q4531510","name":"Elkon mine","stage":"mining","class":"uranium mine","country":"Russia","operator":null,"first_operation":null,"status":null,"closed":null,"capacity_mw":null,"source":"Wikidata","source_url":"https://www.wikidata.org/wiki/Q4531510","retrieved":"2026-09-22"}},{"type":"Feature","geometry":{"type":"Point","coordinates":[86.14472,22.73333]},"properties":{"id":"Q139848755","name":"Q139848755","stage":"mining","class":"uranium mine","country":"India","operator":"Uranium Corporation of India","first_operation":"2012-01-01","status":null,"closed":null,"capacity_mw":null,"source":"Wikidata","source_url":"https://www.wikidata.org/wiki/Q139848755","retrieved":"2026-09-22"}},{"type":"Feature","geometry":{"type":"Point","coordinates":[120.36,-26.834]},"properties":{"id":"Q8023460","name":"Wiluna uranium mine","stage":"mining","class":"uranium mine","country":"Australia","operator":null,"first_operation":null,"status":null,"closed":null,"capacity_mw":null,"source":"Wikidata","source_url":"https://www.wikidata.org/wiki/Q8023460","retrieved":"2026-09-22"}},{"type":"Feature","geometry":{"type":"Point","coordinates":[16.4958,52.7941]},"properties":{"id":"Q9252499","name":"\"Warta\" Nuclear Power Plant","stage":"reactor-power","class":"nuclear power plant","country":"Poland","operator":null,"first_operation":null,"status":"cancelled","closed":null,"capacity_mw":null,"source":"Wikidata","source_url":"https://www.wikidata.org/wiki/Q9252499","retrieved":"2026-09-22"}},{"type":"Feature","geometry":{"type":"Point","coordinates":[107.507,29.5569]},"properties":{"id":"Q4644510","name":"816 Nuclear Military Plant","stage":"reactor-power","class":"nuclear power plant","country":"People's Republic of China","operator":null,"first_operation":"1966-01-01","status":null,"closed":null,"capacity_mw":null,"source":"Wikidata","source_url":"https://www.wikidata.org/wiki/Q4644510","retrieved":"2026-09-22"}},{"type":"Feature","geometry":{"type":"Point","coordinates":[6.42121,50.9029]},"properties":{"id":"Q300178","name":"AVR reactor","stage":"reactor-power","class":"nuclear power plant","country":"Germany","operator":null,"first_operation":null,"status":"decommissioned","closed":null,"capacity_mw":null,"source":"Wikidata","source_url":"https://www.wikidata.org/wiki/Q300178","retrieved":"2026-09-22"}},{"type":"Feature","geometry":{"type":"Point","coordinates":[33.54111,36.14444]},"properties":{"id":"Q1630042","name":"Akkuyu Nuclear Power Plant","stage":"reactor-power","class":"nuclear power plant","country":"Turkey","operator":"Rosatom","first_operation":null,"status":"building or structure under construction","closed":null,"capacity_mw":4800.0,"source":"Wikidata","source_url":"https://www.wikidata.org/wiki/Q1630042","retrieved":"2026-09-22"}},{"type":"Feature","geometry":{"type":"Point","coordinates":[-5.69694,39.80806]},"properties":{"id":"Q1431041","name":"Almaraz Nuclear Power Plant","stage":"reactor-power","class":"nuclear power plant","country":"Spain","operator":"Iberdrola","first_operation":"1973-01-01","status":"in use","closed":null,"capacity_mw":2017.0,"source":"Wikidata","source_url":"https://www.wikidata.org/wiki/Q1431041","retrieved":"2026-09-22"}},{"type":"Feature","geometry":{"type":"Point","coordinates":[-44.45833,-23.00833]},"properties":{"id":"Q740586","name":"Angra Nuclear Power Plant","stage":"reactor-power","class":"nuclear power plant","country":"Brazil","operator":"Eletronuclear","first_operation":"1971-05-01","status":"in use","closed":null,"capacity_mw":1990.0,"source":"Wikidata","source_url":"https://www.wikidata.org/wiki/Q740586","retrieved":"2026-09-22"}},{"type":"Feature","geometry":{"type":"Point","coordinates":[-93.2314,35.3103]},"properties":{"id":"Q985274","name":"Arkansas Nuclear One","stage":"reactor-power","class":"nuclear power plant","country":"United States","operator":"Entergy","first_operation":null,"status":null,"closed":null,"capacity_mw":1845.0,"source":"Wikidata","source_url":"https://www.wikidata.org/wiki/Q985274","retrieved":"2026-09-22"}},{"type":"Feature","geometry":{"type":"Point","coordinates":[44.1425,40.18247]},"properties":{"id":"Q946058","name":"Armenian Nuclear Power Plant","stage":"reactor-power","class":"nuclear power plant","country":"Armenia","operator":null,"first_operation":"1969-01-01","status":"in use","closed":null,"capacity_mw":407.5,"source":"Wikidata","source_url":"https://www.wikidata.org/wiki/Q946058","retrieved":"2026-09-22"}},{"type":"Feature","geometry":{"type":"Point","coordinates":[0.56944,41.2]},"properties":{"id":"Q1640098","name":"Asc\u00f3 Nuclear Power Plant","stage":"reactor-power","class":"nuclear power plant","country":"Spain","operator":"Endesa","first_operation":"1971-01-01","status":null,"closed":null,"capacity_mw":1988.0,"source":"Wikidata","source_url":"https://www.wikidata.org/wiki/Q1640098","retrieved":"2026-09-22"}},{"type":"Feature","geometry":{"type":"Point","coordinates":[-59.20586,-33.96753]},"properties":{"id":"Q1756456","name":"Atucha Nuclear Power Plant","stage":"reactor-power","class":"nuclear power plant","country":"Argentina","operator":"Nucleoel\u00e9ctrica Argentina","first_operation":"1968-01-01","status":"in use","closed":null,"capacity_mw":1033.0,"source":"Wikidata","source_url":"https://www.wikidata.org/wiki/Q1756456","retrieved":"2026-09-22"}},{"type":"Feature","geometry":{"type":"Point","coordinates":[-67.26861,18.36639]},"properties":{"id":"Q891025","name":"BONUS Reactor Facility","stage":"reactor-power","class":"nuclear power plant","country":"United States","operator":null,"first_operation":null,"status":"decommissioned","closed":null,"capacity_mw":null,"source":"Wikidata","source_url":"https://www.wikidata.org/wiki/Q891025","retrieved":"2026-09-22"}},{"type":"Feature","geometry":{"type":"Point","coordinates":[47.95833,52.09444]},"properties":{"id":"Q1739356","name":"Balakovo Nuclear Power Plant","stage":"reactor-power","class":"nuclear power plant","country":"Russia","operator":"Rosenergoatom","first_operation":"1980-12-01","status":null,"closed":null,"capacity_mw":4000.0,"source":"Wikidata","source_url":"https://www.wikidata.org/wiki/Q1739356","retrieved":"2026-09-22"}},{"type":"Feature","geometry":{"type":"Point","coordinates":[52.23167,23.96778]},"properties":{"id":"Q19959586","name":"Barakah nuclear power plant","stage":"reactor-power","class":"nuclear power plant","country":"United Arab Emirates","operator":null,"first_operation":"2012-01-01","status":"in use","closed":null,"capacity_mw":5600.0,"source":"Wikidata","source_url":"https://www.wikidata.org/wiki/Q19959586","retrieved":"2026-09-22"}},{"type":"Feature","geometry":{"type":"Point","coordinates":[12.92083,55.74444]},"properties":{"id":"Q656534","name":"Barseb\u00e4ck Nuclear Power Plant","stage":"reactor-power","class":"nuclear power plant","country":"Sweden","operator":"Barseb\u00e4ck Kraft","first_operation":"1971-02-01","status":"decommissioned","closed":null,"capacity_mw":null,"source":"Wikidata","source_url":"https://www.wikidata.org/wiki/Q656534","retrieved":"2026-09-22"}},{"type":"Feature","geometry":{"type":"Point","coordinates":[120.31361,14.62917]},"properties":{"id":"Q2805405","name":"Bataan Nuclear Power Plant","stage":"reactor-power","class":"nuclear power plant","country":"Philippines","operator":null,"first_operation":null,"status":"cancelled","closed":null,"capacity_mw":null,"source":"Wikidata","source_url":"https://www.wikidata.org/wiki/Q2805405","retrieved":"2026-09-22"}},{"type":"Feature","geometry":{"type":"Point","coordinates":[-80.4306,40.6233]},"properties":{"id":"Q1735267","name":"Beaver Valley Nuclear Generating Station","stage":"reactor-power","class":"nuclear power plant","country":"United States","operator":"FirstEnergy","first_operation":"1976-01-01","status":null,"closed":null,"capacity_mw":1846.8,"source":"Wikidata","source_url":"https://www.wikidata.org/wiki/Q1735267","retrieved":"2026-09-22"}},{"type":"Feature","geometry":{"type":"Point","coordinates":[26.09278,54.76104]},"properties":{"id":"Q2639309","name":"Belarusian nuclear power plant","stage":"reactor-power","class":"nuclear power plant","country":"Belarus","operator":null,"first_operation":null,"status":"in use","closed":null,"capacity_mw":2220.0,"source":"Wikidata","source_url":"https://www.wikidata.org/wiki/Q2639309","retrieved":"2026-09-22"}},{"type":"Feature","geometry":{"type":"Point","coordinates":[-76.15,41.0833]},"properties":{"id":"Q4883120","name":"Bell Bend Nuclear Power Plant","stage":"reactor-power","class":"nuclear power plant","country":"United States","operator":null,"first_operation":null,"status":"cancelled","closed":null,"capacity_mw":null,"source":"Wikidata","source_url":"https://www.wikidata.org/wiki/Q4883120","retrieved":"2026-09-22"}},{"type":"Feature","geometry":{"type":"Point","coordinates":[-85.9292,34.7086]},"properties":{"id":"Q675779","name":"Bellefonte Nuclear Generating Station","stage":"reactor-power","class":"nuclear power plant","country":"United States","operator":null,"first_operation":null,"status":"cancelled","closed":null,"capacity_mw":null,"source":"Wikidata","source_url":"https://www.wikidata.org/wiki/Q675779","retrieved":"2026-09-22"}},{"type":"Feature","geometry":{"type":"Point","coordinates":[2.875,47.50972]},"properties":{"id":"Q1645882","name":"Belleville Nuclear Power Plant","stage":"reactor-power","class":"nuclear power plant","country":"France","operator":"Q274591","first_operation":"1979-01-15","status":null,"closed":null,"capacity_mw":2620.0,"source":"Wikidata","source_url":"https://www.wikidata.org/wiki/Q1645882","retrieved":"2026-09-22"}},{"type":"Feature","geometry":{"type":"Point","coordinates":[61.31667,56.85]},"properties":{"id":"Q1739359","name":"Beloyarsk Nuclear Power Station","stage":"reactor-power","class":"nuclear power plant","country":"Russia","operator":"Rosenergoatom","first_operation":null,"status":"in use","closed":null,"capacity_mw":1485.0,"source":"Wikidata","source_url":"https://www.wikidata.org/wiki/Q1739359","retrieved":"2026-09-22"}},{"type":"Feature","geometry":{"type":"Point","coordinates":[-2.49361,51.6925]},"properties":{"id":"Q1595271","name":"Berkeley nuclear power station","stage":"reactor-power","class":"nuclear power plant","country":"United Kingdom","operator":null,"first_operation":"1956-01-01","status":"decommissioned","closed":null,"capacity_mw":276.0,"source":"Wikidata","source_url":"https://www.wikidata.org/wiki/Q1595271","retrieved":"2026-09-22"}},{"type":"Feature","geometry":{"type":"Point","coordinates":[8.22778,47.5522]},"properties":{"id":"Q686800","name":"Beznau Nuclear Power Plant","stage":"reactor-power","class":"nuclear power plant","country":"Switzerland","operator":"Axpo Holding","first_operation":null,"status":"in use","closed":null,"capacity_mw":730.0,"source":"Wikidata","source_url":"https://www.wikidata.org/wiki/Q686800","retrieved":"2026-09-22"}},{"type":"Feature","geometry":{"type":"Point","coordinates":[8.41528,49.71]},"properties":{"id":"Q94805","name":"Biblis Nuclear Power Plant","stage":"reactor-power","class":"nuclear power plant","country":"Germany","operator":"RWE","first_operation":null,"status":"decommissioned","closed":null,"capacity_mw":2525.0,"source":"Wikidata","source_url":"https://www.wikidata.org/wiki/Q94805","retrieved":"2026-09-22"}},{"type":"Feature","geometry":{"type":"Point","coordinates":[-85.1972,45.3589]},"properties":{"id":"Q836568","name":"Big Rock Point Nuclear Power Plant","stage":"reactor-power","class":"nuclear power plant","country":"United States","operator":"Consumers Energy","first_operation":null,"status":"decommissioned","closed":"http://www","capacity_mw":72.0,"source":"Wikidata","source_url":"https://www.wikidata.org/wiki/Q836568","retrieved":"2026-09-22"}},{"type":"Feature","geometry":{"type":"Point","coordinates":[17.86929,49.59129]},"properties":{"id":"Q92584373","name":"Blahutovice Nuclear Powerstation","stage":"reactor-power","class":"nuclear power plant","country":"Czech Republic","operator":null,"first_operation":null,"status":"proposed building or structure","closed":null,"capacity_mw":null,"source":"Wikidata","source_url":"https://www.wikidata.org/wiki/Q92584373","retrieved":"2026-09-22"}},{"type":"Feature","geometry":{"type":"Point","coordinates":[-0.69167,45.25611]},"properties":{"id":"Q1739363","name":"Blayais Nuclear Power Plant","stage":"reactor-power","class":"nuclear power plant","country":"France","operator":"Q274591","first_operation":null,"status":"in use","closed":null,"capacity_mw":3640.0,"source":"Wikidata","source_url":"https://www.wikidata.org/wiki/Q1739363","retrieved":"2026-09-22"}},{"type":"Feature","geometry":{"type":"Point","coordinates":[-110.24025,39.0139]},"properties":{"id":"Q28854324","name":"Blue Castle Project","stage":"reactor-power","class":"nuclear power plant","country":"United States","operator":null,"first_operation":null,"status":"proposed building or structure","closed":null,"capacity_mw":null,"source":"Wikidata","source_url":"https://www.wikidata.org/wiki/Q28854324","retrieved":"2026-09-22"}},{"type":"Feature","geometry":{"type":"Point","coordinates":[-123.059,38.3052]},"properties":{"id":"Q4936447","name":"Bodega Bay Nuclear Power Plant","stage":"reactor-power","class":"nuclear power plant","country":"United States","operator":null,"first_operation":null,"status":"cancelled","closed":null,"capacity_mw":null,"source":"Wikidata","source_url":"https://www.wikidata.org/wiki/Q4936447","retrieved":"2026-09-22"}},{"type":"Feature","geometry":{"type":"Point","coordinates":[17.6728,48.4918]},"properties":{"id":"Q13419743","name":"Bohunice A1 Nuclear Power Plant","stage":"reactor-power","class":"nuclear power plant","country":"Slovakia","operator":null,"first_operation":null,"status":null,"closed":null,"capacity_mw":null,"source":"Wikidata","source_url":"https://www.wikidata.org/wiki/Q13419743","retrieved":"2026-09-22"}},{"type":"Feature","geometry":{"type":"Point","coordinates":[17.68056,48.49444]},"properties":{"id":"Q833602","name":"Bohunice Nuclear Power Plant","stage":"reactor-power","class":"nuclear power plant","country":"Slovakia","operator":"Slovensk\u00e9 elektr\u00e1rne","first_operation":null,"status":null,"closed":null,"capacity_mw":942.0,"source":"Wikidata","source_url":"https://www.wikidata.org/wiki/Q833602","retrieved":"2026-09-22"}},{"type":"Feature","geometry":{"type":"Point","coordinates":[3.71667,51.43194]},"properties":{"id":"Q1381790","name":"Borssele Nuclear Power Station","stage":"reactor-power","class":"nuclear power plant","country":"Netherlands","operator":"Elektriciteits Produktiemaatschappij Zuid-Nederland","first_operation":null,"status":null,"closed":null,"capacity_mw":515.0,"source":"Wikidata","source_url":"https://www.wikidata.org/wiki/Q1381790","retrieved":"2026-09-22"}},{"type":"Feature","geometry":{"type":"Point","coordinates":[0.89694,51.74139]},"properties":{"id":"Q97585855","name":"Bradwell B nuclear power station","stage":"reactor-power","class":"nuclear power plant","country":"United Kingdom","operator":null,"first_operation":null,"status":"proposed building or structure","closed":null,"capacity_mw":null,"source":"Wikidata","source_url":"https://www.wikidata.org/wiki/Q97585855","retrieved":"2026-09-22"}},{"type":"Feature","geometry":{"type":"Point","coordinates":[0.89694,51.7414]},"properties":{"id":"Q211150","name":"Bradwell nuclear power station","stage":"reactor-power","class":"nuclear power plant","country":"United Kingdom","operator":"Magnox Ltd","first_operation":"1957-01-01","status":"decommissioned","closed":null,"capacity_mw":242.0,"source":"Wikidata","source_url":"https://www.wikidata.org/wiki/Q211150","retrieved":"2026-09-22"}},{"type":"Feature","geometry":{"type":"Point","coordinates":[-88.2292,41.2436]},"properties":{"id":"Q674107","name":"Braidwood Nuclear Generating Station","stage":"reactor-power","class":"nuclear power plant","country":"United States","operator":"Constellation Energy","first_operation":null,"status":null,"closed":null,"capacity_mw":2449.8,"source":"Wikidata","source_url":"https://www.wikidata.org/wiki/Q674107","retrieved":"2026-09-22"}},{"type":"Feature","geometry":{"type":"Point","coordinates":[-3.87222,48.35333]},"properties":{"id":"Q1489205","name":"Brennilis Nuclear Power Plant","stage":"reactor-power","class":"nuclear power plant","country":"France","operator":"Q274591","first_operation":"1962-01-01","status":"decommissioned","closed":null,"capacity_mw":70.0,"source":"Wikidata","source_url":"https://www.wikidata.org/wiki/Q1489205","retrieved":"2026-09-22"}},{"type":"Feature","geometry":{"type":"Point","coordinates":[9.34472,53.85083]},"properties":{"id":"Q679563","name":"Brokdorf Nuclear Power Plant","stage":"reactor-power","class":"nuclear power plant","country":"Germany","operator":"PreussenElektra","first_operation":null,"status":"decommissioned","closed":null,"capacity_mw":1480.0,"source":"Wikidata","source_url":"https://www.wikidata.org/wiki/Q679563","retrieved":"2026-09-22"}},{"type":"Feature","geometry":{"type":"Point","coordinates":[-87.1186,34.7039]},"properties":{"id":"Q1650555","name":"Browns Ferry Nuclear Power Plant","stage":"reactor-power","class":"nuclear power plant","country":"United States","operator":"Tennessee Valley Authority","first_operation":null,"status":null,"closed":null,"capacity_mw":3494.0,"source":"Wikidata","source_url":"https://www.wikidata.org/wiki/Q1650555","retrieved":"2026-09-22"}},{"type":"Feature","geometry":{"type":"Point","coordinates":[-81.5994,44.3253]},"properties":{"id":"Q795104","name":"Bruce Nuclear Generating Stationc","stage":"reactor-power","class":"nuclear power plant","country":"Canada","operator":"Bruce Power","first_operation":null,"status":"in use","closed":null,"capacity_mw":6478.0,"source":"Wikidata","source_url":"https://www.wikidata.org/wiki/Q795104","retrieved":"2026-09-22"}},{"type":"Feature","geometry":{"type":"Point","coordinates":[9.20167,53.8917]},"properties":{"id":"Q704293","name":"Brunsb\u00fcttel Nuclear Power Plant","stage":"reactor-power","class":"nuclear power plant","country":"Germany","operator":null,"first_operation":null,"status":"decommissioned","closed":null,"capacity_mw":806.0,"source":"Wikidata","source_url":"https://www.wikidata.org/wiki/Q704293","retrieved":"2026-09-22"}},{"type":"Feature","geometry":{"type":"Point","coordinates":[-78.0103,33.9583]},"properties":{"id":"Q1516539","name":"Brunswick Nuclear Generating Station","stage":"reactor-power","class":"nuclear power plant","country":"United States","operator":"Progress Energy","first_operation":null,"status":null,"closed":null,"capacity_mw":2003.2,"source":"Wikidata","source_url":"https://www.wikidata.org/wiki/Q1516539","retrieved":"2026-09-22"}},{"type":"Feature","geometry":{"type":"Point","coordinates":[5.27,45.79722]},"properties":{"id":"Q1186009","name":"Bugey Nuclear Power Plant","stage":"reactor-power","class":"nuclear power plant","country":"France","operator":"Q274591","first_operation":"1965-01-01","status":"in use","closed":null,"capacity_mw":3580.0,"source":"Wikidata","source_url":"https://www.wikidata.org/wiki/Q1186009","retrieved":"2026-09-22"}},{"type":"Feature","geometry":{"type":"Point","coordinates":[50.88722,28.82889]},"properties":{"id":"Q204637","name":"Bushehr Nuclear Power Plant","stage":"reactor-power","class":"nuclear power plant","country":"Iran","operator":"Atomic Energy Organization of Iran","first_operation":"1975-05-01","status":null,"closed":null,"capacity_mw":915.0,"source":"Wikidata","source_url":"https://www.wikidata.org/wiki/Q204637","retrieved":"2026-09-22"}},{"type":"Feature","geometry":{"type":"Point","coordinates":[-89.2819,42.0742]},"properties":{"id":"Q1247509","name":"Byron Nuclear Generating Station","stage":"reactor-power","class":"nuclear power plant","country":"United States","operator":"Exelon","first_operation":null,"status":null,"closed":null,"capacity_mw":2449.8,"source":"Wikidata","source_url":"https://www.wikidata.org/wiki/Q1247509","retrieved":"2026-09-22"}},{"type":"Feature","geometry":{"type":"Point","coordinates":[12.80806,41.42722]},"properties":{"id":"Q1528979","name":"CIRENE","stage":"reactor-power","class":"nuclear power plant","country":"Italy","operator":null,"first_operation":null,"status":"cancelled","closed":null,"capacity_mw":null,"source":"Wikidata","source_url":"https://www.wikidata.org/wiki/Q1528979","retrieved":"2026-09-22"}},{"type":"Feature","geometry":{"type":"Point","coordinates":[-3.49203,54.41982]},"properties":{"id":"Q1753259","name":"Calder Hall","stage":"reactor-power","class":"nuclear power plant","country":"United Kingdom","operator":null,"first_operation":null,"status":"decommissioned","closed":null,"capacity_mw":null,"source":"Wikidata","source_url":"https://www.wikidata.org/wiki/Q1753259","retrieved":"2026-09-22"}},{"type":"Feature","geometry":{"type":"Point","coordinates":[-91.78,38.7617]},"properties":{"id":"Q1493850","name":"Callaway Energy Center","stage":"reactor-power","class":"nuclear power plant","country":"United States","operator":"Ameren Missouri","first_operation":null,"status":null,"closed":null,"capacity_mw":1235.8,"source":"Wikidata","source_url":"https://www.wikidata.org/wiki/Q1493850","retrieved":"2026-09-22"}},{"type":"Feature","geometry":{"type":"Point","coordinates":[-76.4422,38.4319]},"properties":{"id":"Q1739367","name":"Calvert Cliffs Nuclear Power Plant","stage":"reactor-power","class":"nuclear power plant","country":"United States","operator":"Constellation Energy","first_operation":null,"status":null,"closed":null,"capacity_mw":1850.4,"source":"Wikidata","source_url":"https://www.wikidata.org/wiki/Q1739367","retrieved":"2026-09-22"}},{"type":"Feature","geometry":{"type":"Point","coordinates":[9.87222,45.07222]},"properties":{"id":"Q1739370","name":"Caorso Nuclear Power Plant","stage":"reactor-power","class":"nuclear power plant","country":"Italy","operator":"SOGIN","first_operation":null,"status":"decommissioned","closed":null,"capacity_mw":860.0,"source":"Wikidata","source_url":"https://www.wikidata.org/wiki/Q1739370","retrieved":"2026-09-22"}},{"type":"Feature","geometry":{"type":"Point","coordinates":[-1.97559,47.2812]},"properties":{"id":"Q2366994","name":"Carnet nuclear power project","stage":"reactor-power","class":"nuclear power plant","country":"France","operator":"Q274591","first_operation":null,"status":"cancelled","closed":null,"capacity_mw":null,"source":"Wikidata","source_url":"https://www.wikidata.org/wiki/Q2366994","retrieved":"2026-09-22"}},{"type":"Feature","geometry":{"type":"Point","coordinates":[-81.07,35.0517]},"properties":{"id":"Q1517795","name":"Catawba Nuclear Station","stage":"reactor-power","class":"nuclear power plant","country":"United States","operator":"Duke Energy","first_operation":null,"status":null,"closed":null,"capacity_mw":2410.2,"source":"Wikidata","source_url":"https://www.wikidata.org/wiki/Q1517795","retrieved":"2026-09-22"}},{"type":"Feature","geometry":{"type":"Point","coordinates":[6.21806,49.41583]},"properties":{"id":"Q1371612","name":"Cattenom Nuclear Power Plant","stage":"reactor-power","class":"nuclear power plant","country":"France","operator":"Q274591","first_operation":"1979-10-29","status":null,"closed":null,"capacity_mw":5200.0,"source":"Wikidata","source_url":"https://www.wikidata.org/wiki/Q1371612","retrieved":"2026-09-22"}},{"type":"Feature","geometry":{"type":"Point","coordinates":[-6.08055,41.49045]},"properties":{"id":"Q5760816","name":"Central Nuclear de Moral de Sayago","stage":"reactor-power","class":"nuclear power plant","country":"Spain","operator":null,"first_operation":null,"status":"cancelled","closed":null,"capacity_mw":null,"source":"Wikidata","source_url":"https://www.wikidata.org/wiki/Q5760816","retrieved":"2026-09-22"}},{"type":"Feature","geometry":{"type":"Point","coordinates":[28.05728,44.32235]},"properties":{"id":"Q1248956","name":"Cernavod\u0103 Nuclear Power Plant","stage":"reactor-power","class":"nuclear power plant","country":"Romania","operator":"Nuclearelectrica","first_operation":null,"status":null,"closed":null,"capacity_mw":1270.0,"source":"Wikidata","source_url":"https://www.wikidata.org/wiki/Q1248956","retrieved":"2026-09-22"}},{"type":"Feature","geometry":{"type":"Point","coordinates":[108.89884,19.45992]},"properties":{"id":"Q136274","name":"Changjiang Nuclear Power Plant","stage":"reactor-power","class":"nuclear power plant","country":"People's Republic of China","operator":"China National Nuclear Corporation","first_operation":null,"status":null,"closed":null,"capacity_mw":1202.0,"source":"Wikidata","source_url":"https://www.wikidata.org/wiki/Q136274","retrieved":"2026-09-22"}},{"type":"Feature","geometry":{"type":"Point","coordinates":[-3.2265,55.01562]},"properties":{"id":"Q1739372","name":"Chapelcross nuclear power station","stage":"reactor-power","class":"nuclear power plant","country":"United Kingdom","operator":"Magnox Ltd","first_operation":null,"status":"decommissioned","closed":null,"capacity_mw":null,"source":"Wikidata","source_url":"https://www.wikidata.org/wiki/Q1739372","retrieved":"2026-09-22"}},{"type":"Feature","geometry":{"type":"Point","coordinates":[71.46378,32.39157]},"properties":{"id":"Q82404","name":"Chashma Nuclear Power Complex","stage":"reactor-power","class":"nuclear power plant","country":"Pakistan","operator":"Pakistan Atomic Energy Commission","first_operation":null,"status":null,"closed":null,"capacity_mw":1330.0,"source":"Wikidata","source_url":"https://www.wikidata.org/wiki/Q82404","retrieved":"2026-09-22"}},{"type":"Feature","geometry":{"type":"Point","coordinates":[30.09915,51.38955]},"properties":{"id":"Q215419","name":"Chernobyl Nuclear Power Plant","stage":"reactor-power","class":"nuclear power plant","country":"Ukraine","operator":null,"first_operation":"1972-01-01","status":"decommissioned","closed":"2000-12-15","capacity_mw":3515.0,"source":"Wikidata","source_url":"https://www.wikidata.org/wiki/Q215419","retrieved":"2026-09-22"}},{"type":"Feature","geometry":{"type":"Point","coordinates":[-81.5112,35.0365]},"properties":{"id":"Q5092188","name":"Cherokee Nuclear Power Plant","stage":"reactor-power","class":"nuclear power plant","country":"United States","operator":null,"first_operation":null,"status":"cancelled","closed":null,"capacity_mw":null,"source":"Wikidata","source_url":"https://www.wikidata.org/wiki/Q5092188","retrieved":"2026-09-22"}},{"type":"Feature","geometry":{"type":"Point","coordinates":[116.03014,39.74093]},"properties":{"id":"Q1840807","name":"China Experimental Fast Reactor","stage":"reactor-power","class":"nuclear power plant","country":"People's Republic of China","operator":null,"first_operation":null,"status":null,"closed":null,"capacity_mw":20.0,"source":"Wikidata","source_url":"https://www.wikidata.org/wiki/Q1840807","retrieved":"2026-09-22"}},{"type":"Feature","geometry":{"type":"Point","coordinates":[0.17056,47.23056]},"properties":{"id":"Q1735581","name":"Chinon Nuclear Power Plant","stage":"reactor-power","class":"nuclear power plant","country":"France","operator":"Q274591","first_operation":"1957-02-01","status":"in use","closed":null,"capacity_mw":3620.0,"source":"Wikidata","source_url":"https://www.wikidata.org/wiki/Q1735581","retrieved":"2026-09-22"}},{"type":"Feature","geometry":{"type":"Point","coordinates":[17.7875,54.7961]},"properties":{"id":"Q124313589","name":"Choczewo Nuclear Power Plant","stage":"reactor-power","class":"nuclear power plant","country":"Poland","operator":null,"first_operation":"2015-01-01","status":"project","closed":null,"capacity_mw":3750.0,"source":"Wikidata","source_url":"https://www.wikidata.org/wiki/Q124313589","retrieved":"2026-09-22"}},{"type":"Feature","geometry":{"type":"Point","coordinates":[4.79056,50.09]},"properties":{"id":"Q1739377","name":"Chooz Nuclear Power Plant","stage":"reactor-power","class":"nuclear power plant","country":"France","operator":"Q274591","first_operation":null,"status":"in use","closed":null,"capacity_mw":3000.0,"source":"Wikidata","source_url":"https://www.wikidata.org/wiki/Q1739377","retrieved":"2026-09-22"}},{"type":"Feature","geometry":{"type":"Point","coordinates":[80.08972,22.78056]},"properties":{"id":"Q24949566","name":"Chutka Nuclear Power Plant","stage":"reactor-power","class":"nuclear power plant","country":"India","operator":"Nuclear Power Corporation of India","first_operation":null,"status":"proposed building or structure","closed":null,"capacity_mw":null,"source":"Wikidata","source_url":"https://www.wikidata.org/wiki/Q24949566","retrieved":"2026-09-22"}},{"type":"Feature","geometry":{"type":"Point","coordinates":[32.79,49.08944]},"properties":{"id":"Q4515680","name":"Chyhyryn Nuclear Power Plant","stage":"reactor-power","class":"nuclear power plant","country":"Ukraine","operator":null,"first_operation":null,"status":"cancelled","closed":null,"capacity_mw":null,"source":"Wikidata","source_url":"https://www.wikidata.org/wiki/Q4515680","retrieved":"2026-09-22"}},{"type":"Feature","geometry":{"type":"Point","coordinates":[0.65417,46.45611]},"properties":{"id":"Q1739375","name":"Civaux Nuclear Power Plant","stage":"reactor-power","class":"nuclear power plant","country":"France","operator":"Q274591","first_operation":"2002-01-01","status":null,"closed":null,"capacity_mw":2990.0,"source":"Wikidata","source_url":"https://www.wikidata.org/wiki/Q1739375","retrieved":"2026-09-22"}},{"type":"Feature","geometry":{"type":"Point","coordinates":[-88.835,40.1722]},"properties":{"id":"Q1739379","name":"Clinton Nuclear Generating Station","stage":"reactor-power","class":"nuclear power plant","country":"United States","operator":"Constellation Energy","first_operation":null,"status":null,"closed":null,"capacity_mw":1138.3,"source":"Wikidata","source_url":"https://www.wikidata.org/wiki/Q1739379","retrieved":"2026-09-22"}},{"type":"Feature","geometry":{"type":"Point","coordinates":[-1.05,39.21667]},"properties":{"id":"Q1715858","name":"Cofrentes Nuclear Power Plant","stage":"reactor-power","class":"nuclear power plant","country":"Spain","operator":"Iberdrola","first_operation":"1975-01-01","status":"in use","closed":null,"capacity_mw":1064.0,"source":"Wikidata","source_url":"https://www.wikidata.org/wiki/Q1715858","retrieved":"2026-09-22"}},{"type":"Feature","geometry":{"type":"Point","coordinates":[-119.334,46.4711]},"properties":{"id":"Q1516618","name":"Columbia Generating Station","stage":"reactor-power","class":"nuclear power plant","country":"United States","operator":"Energy Northwest","first_operation":null,"status":"in use","closed":null,"capacity_mw":1200.0,"source":"Wikidata","source_url":"https://www.wikidata.org/wiki/Q1516618","retrieved":"2026-09-22"}},{"type":"Feature","geometry":{"type":"Point","coordinates":[-97.785,32.2983]},"properties":{"id":"Q1432276","name":"Comanche Peak Nuclear Power Plant","stage":"reactor-power","class":"nuclear power plant","country":"United States","operator":"Luminant","first_operation":null,"status":"in use","closed":null,"capacity_mw":2430.0,"source":"Wikidata","source_url":"https://www.wikidata.org/wiki/Q1432276","retrieved":"2026-09-22"}},{"type":"Feature","geometry":{"type":"Point","coordinates":[-72.4992,41.4819]},"properties":{"id":"Q575633","name":"Connecticut Yankee Nuclear Power Plant","stage":"reactor-power","class":"nuclear power plant","country":"United States","operator":null,"first_operation":null,"status":"decommissioned","closed":"2006-01-01","capacity_mw":null,"source":"Wikidata","source_url":"https://www.wikidata.org/wiki/Q575633","retrieved":"2026-09-22"}},{"type":"Feature","geometry":{"type":"Point","coordinates":[-95.6414,40.3619]},"properties":{"id":"Q1739383","name":"Cooper Nuclear Station","stage":"reactor-power","class":"nuclear power plant","country":"United States","operator":"Nebraska Public Power District","first_operation":null,"status":null,"closed":null,"capacity_mw":801.0,"source":"Wikidata","source_url":"https://www.wikidata.org/wiki/Q1739383","retrieved":"2026-09-22"}},{"type":"Feature","geometry":{"type":"Point","coordinates":[4.75389,44.63389]},"properties":{"id":"Q288334","name":"Cruas Nuclear Power Plant","stage":"reactor-power","class":"nuclear power plant","country":"France","operator":"Q274591","first_operation":null,"status":null,"closed":null,"capacity_mw":3660.0,"source":"Wikidata","source_url":"https://www.wikidata.org/wiki/Q288334","retrieved":"2026-09-22"}},{"type":"Feature","geometry":{"type":"Point","coordinates":[-82.6983,28.9575]},"properties":{"id":"Q1739385","name":"Crystal River 3 Nuclear Power Plant","stage":"reactor-power","class":"nuclear power plant","country":"United States","operator":"Duke Energy","first_operation":null,"status":"decommissioned","closed":null,"capacity_mw":860.0,"source":"Wikidata","source_url":"https://www.wikidata.org/wiki/Q1739385","retrieved":"2026-09-22"}},{"type":"Feature","geometry":{"type":"Point","coordinates":[2.5175,47.73361]},"properties":{"id":"Q918661","name":"Dampierre Nuclear Power Plant","stage":"reactor-power","class":"nuclear power plant","country":"France","operator":"Q274591","first_operation":null,"status":null,"closed":null,"capacity_mw":3560.0,"source":"Wikidata","source_url":"https://www.wikidata.org/wiki/Q918661","retrieved":"2026-09-22"}},{"type":"Feature","geometry":{"type":"Point","coordinates":[48.37969,30.70727]},"properties":{"id":"Q1353243","name":"Darkhovin Nuclear Power Plant","stage":"reactor-power","class":"nuclear power plant","country":"Iran","operator":"Islamic Revolutionary Guard Corps","first_operation":null,"status":"proposed building or structure","closed":null,"capacity_mw":null,"source":"Wikidata","source_url":"https://www.wikidata.org/wiki/Q1353243","retrieved":"2026-09-22"}},{"type":"Feature","geometry":{"type":"Point","coordinates":[-78.7197,43.8728]},"properties":{"id":"Q1739391","name":"Darlington Nuclear Generating Station","stage":"reactor-power","class":"nuclear power plant","country":"Canada","operator":"Ontario Power Generation","first_operation":null,"status":"in use","closed":null,"capacity_mw":3500.0,"source":"Wikidata","source_url":"https://www.wikidata.org/wiki/Q1739391","retrieved":"2026-09-22"}},{"type":"Feature","geometry":{"type":"Point","coordinates":[-83.089,41.59692]},"properties":{"id":"Q1739392","name":"Davis-Besse Nuclear Power Station","stage":"reactor-power","class":"nuclear power plant","country":"United States","operator":"FirstEnergy","first_operation":null,"status":null,"closed":null,"capacity_mw":925.2,"source":"Wikidata","source_url":"https://www.wikidata.org/wiki/Q1739392","retrieved":"2026-09-22"}},{"type":"Feature","geometry":{"type":"Point","coordinates":[114.54323,22.59726]},"properties":{"id":"Q964007","name":"Daya Bay Nuclear Power Plant","stage":"reactor-power","class":"nuclear power plant","country":"People's Republic of China","operator":null,"first_operation":"1993-01-01","status":null,"closed":null,"capacity_mw":1968.0,"source":"Wikidata","source_url":"https://www.wikidata.org/wiki/Q964007","retrieved":"2026-09-22"}},{"type":"Feature","geometry":{"type":"Point","coordinates":[-120.856,35.2108]},"properties":{"id":"Q1516546","name":"Diablo Canyon Power Plant","stage":"reactor-power","class":"nuclear power plant","country":"United States","operator":"Pacific Gas and Electric Company","first_operation":null,"status":"in use","closed":null,"capacity_mw":2323.0,"source":"Wikidata","source_url":"https://www.wikidata.org/wiki/Q1516546","retrieved":"2026-09-22"}},{"type":"Feature","geometry":{"type":"Point","coordinates":[5.68611,51.89944]},"properties":{"id":"Q575275","name":"Dodewaard nuclear power plant","stage":"reactor-power","class":"nuclear power plant","country":"Netherlands","operator":"Gemeenschappelijke Kernenergiecentrale Nederland","first_operation":"1965-01-01","status":"decommissioned","closed":null,"capacity_mw":60.0,"source":"Wikidata","source_url":"https://www.wikidata.org/wiki/Q575275","retrieved":"2026-09-22"}},{"type":"Feature","geometry":{"type":"Point","coordinates":[4.26111,51.32528]},"properties":{"id":"Q1739399","name":"Doel Nuclear Power Station","stage":"reactor-power","class":"nuclear power plant","country":"Belgium","operator":"Engie Electrabel","first_operation":"1969-01-01","status":"in use","closed":null,"capacity_mw":1026.0,"source":"Wikidata","source_url":"https://www.wikidata.org/wiki/Q1739399","retrieved":"2026-09-22"}},{"type":"Feature","geometry":{"type":"Point","coordinates":[-86.5659,41.9754]},"properties":{"id":"Q605091","name":"Donald C. Cook Nuclear Generating Station","stage":"reactor-power","class":"nuclear power plant","country":"United States","operator":"American Electric Power","first_operation":null,"status":null,"closed":null,"capacity_mw":2285.3,"source":"Wikidata","source_url":"https://www.wikidata.org/wiki/Q605091","retrieved":"2026-09-22"}},{"type":"Feature","geometry":{"type":"Point","coordinates":[-81.6,44.3333]},"properties":{"id":"Q946530","name":"Douglas Point Nuclear Generating Station","stage":"reactor-power","class":"nuclear power plant","country":"Canada","operator":"Ontario Hydro","first_operation":null,"status":"decommissioned","closed":null,"capacity_mw":null,"source":"Wikidata","source_url":"https://www.wikidata.org/wiki/Q946530","retrieved":"2026-09-22"}},{"type":"Feature","geometry":{"type":"Point","coordinates":[-88.2681,41.3897]},"properties":{"id":"Q1516283","name":"Dresden Generating Station","stage":"reactor-power","class":"nuclear power plant","country":"United States","operator":"Exelon","first_operation":null,"status":"in use","closed":null,"capacity_mw":2018.6,"source":"Wikidata","source_url":"https://www.wikidata.org/wiki/Q1516283","retrieved":"2026-09-22"}},{"type":"Feature","geometry":{"type":"Point","coordinates":[-91.7772,42.1006]},"properties":{"id":"Q928750","name":"Duane Arnold Energy Center","stage":"reactor-power","class":"nuclear power plant","country":"United States","operator":"NextEra Energy Resources","first_operation":null,"status":"decommissioned","closed":null,"capacity_mw":601.0,"source":"Wikidata","source_url":"https://www.wikidata.org/wiki/Q928750","retrieved":"2026-09-22"}},{"type":"Feature","geometry":{"type":"Point","coordinates":[16.14899,49.08509]},"properties":{"id":"Q687033","name":"Dukovany Nuclear Power Station","stage":"reactor-power","class":"nuclear power plant","country":"Czech Republic","operator":"\u010cEZ Group","first_operation":"1985-01-01","status":"in use","closed":null,"capacity_mw":1878.0,"source":"Wikidata","source_url":"https://www.wikidata.org/wiki/Q687033","retrieved":"2026-09-22"}},{"type":"Feature","geometry":{"type":"Point","coordinates":[0.96392,50.9132]},"properties":{"id":"Q104946958","name":"Dungeness A power station","stage":"reactor-power","class":"nuclear power plant","country":"United Kingdom","operator":null,"first_operation":null,"status":"decommissioned","closed":null,"capacity_mw":null,"source":"Wikidata","source_url":"https://www.wikidata.org/wiki/Q104946958","retrieved":"2026-09-22"}},{"type":"Feature","geometry":{"type":"Point","coordinates":[0.95976,50.9134]},"properties":{"id":"Q104946950","name":"Dungeness B power station","stage":"reactor-power","class":"nuclear power plant","country":"United Kingdom","operator":null,"first_operation":"1966-01-01","status":"decommissioned","closed":null,"capacity_mw":1120.0,"source":"Wikidata","source_url":"https://www.wikidata.org/wiki/Q104946950","retrieved":"2026-09-22"}},{"type":"Feature","geometry":{"type":"Point","coordinates":[-82.3439,31.9342]},"properties":{"id":"Q1516337","name":"Edwin I. Hatch Nuclear Power Plant","stage":"reactor-power","class":"nuclear power plant","country":"United States","operator":"Southern Nuclear","first_operation":null,"status":"in use","closed":null,"capacity_mw":1848.0,"source":"Wikidata","source_url":"https://www.wikidata.org/wiki/Q1516337","retrieved":"2026-09-22"}},{"type":"Feature","geometry":{"type":"Point","coordinates":[28.49778,31.04417]},"properties":{"id":"Q30083718","name":"El Dabaa Nuclear Power Plant","stage":"reactor-power","class":"nuclear power plant","country":"Egypt","operator":null,"first_operation":"2022-07-20","status":"building or structure under construction","closed":null,"capacity_mw":4800.0,"source":"Wikidata","source_url":"https://www.wikidata.org/wiki/Q30083718","retrieved":"2026-09-22"}},{"type":"Feature","geometry":{"type":"Point","coordinates":[-93.5567,45.2952]},"properties":{"id":"Q1739396","name":"Elk River Station","stage":"reactor-power","class":"nuclear power plant","country":"United States","operator":null,"first_operation":null,"status":"decommissioned","closed":null,"capacity_mw":191.3,"source":"Wikidata","source_url":"https://www.wikidata.org/wiki/Q1739396","retrieved":"2026-09-22"}},{"type":"Feature","geometry":{"type":"Point","coordinates":[-64.443,-32.232]},"properties":{"id":"Q597821","name":"Embalse Nuclear Power Station","stage":"reactor-power","class":"nuclear power plant","country":"Argentina","operator":"Nucleoel\u00e9ctrica Argentina","first_operation":"1974-04-01","status":"in use","closed":null,"capacity_mw":600.0,"source":"Wikidata","source_url":"https://www.wikidata.org/wiki/Q597821","retrieved":"2026-09-22"}},{"type":"Feature","geometry":{"type":"Point","coordinates":[7.31786,52.4742]},"properties":{"id":"Q688190","name":"Emsland Nuclear Power Plant","stage":"reactor-power","class":"nuclear power plant","country":"Germany","operator":"RWE Power","first_operation":null,"status":"decommissioned","closed":null,"capacity_mw":1363.0,"source":"Wikidata","source_url":"https://www.wikidata.org/wiki/Q688190","retrieved":"2026-09-22"}},{"type":"Feature","geometry":{"type":"Point","coordinates":[-83.2575,41.9628]},"properties":{"id":"Q522938","name":"Enrico Fermi Nuclear Generating Station","stage":"reactor-power","class":"nuclear power plant","country":"United States","operator":"DTE Energy","first_operation":"1956-08-08","status":"in use","closed":null,"capacity_mw":1281.0,"source":"Wikidata","source_url":"https://www.wikidata.org/wiki/Q522938","retrieved":"2026-09-22"}},{"type":"Feature","geometry":{"type":"Point","coordinates":[8.27756,45.18417]},"properties":{"id":"Q1626301","name":"Enrico Fermi Nuclear Power Plant","stage":"reactor-power","class":"nuclear power plant","country":"Italy","operator":"SOGIN","first_operation":null,"status":"decommissioned","closed":null,"capacity_mw":260.0,"source":"Wikidata","source_url":"https://www.wikidata.org/wiki/Q1626301","retrieved":"2026-09-22"}},{"type":"Feature","geometry":{"type":"Point","coordinates":[-3.18379,47.6231]},"properties":{"id":"Q19950917","name":"Erdeven nuclear power project","stage":"reactor-power","class":"nuclear power plant","country":"France","operator":"Q274591","first_operation":null,"status":"cancelled","closed":null,"capacity_mw":null,"source":"Wikidata","source_url":"https://www.wikidata.org/wiki/Q19950917","retrieved":"2026-09-22"}},{"type":"Feature","geometry":{"type":"Point","coordinates":[108.56273,21.66731]},"properties":{"id":"Q135679","name":"Fangchenggang Nuclear Power Plant","stage":"reactor-power","class":"nuclear power plant","country":"People's Republic of China","operator":null,"first_operation":null,"status":null,"closed":null,"capacity_mw":4000.0,"source":"Wikidata","source_url":"https://www.wikidata.org/wiki/Q135679","retrieved":"2026-09-22"}},{"type":"Feature","geometry":{"type":"Point","coordinates":[120.94176,30.44134]},"properties":{"id":"Q1029360","name":"Fangjiashan Nuclear Power Plant","stage":"reactor-power","class":"nuclear power plant","country":"People's Republic of China","operator":"China National Nuclear Corporation","first_operation":null,"status":null,"closed":null,"capacity_mw":2160.0,"source":"Wikidata","source_url":"https://www.wikidata.org/wiki/Q1029360","retrieved":"2026-09-22"}},{"type":"Feature","geometry":{"type":"Point","coordinates":[7.5625,47.90361]},"properties":{"id":"Q676411","name":"Fessenheim Nuclear Power Plant","stage":"reactor-power","class":"nuclear power plant","country":"France","operator":"Q274591","first_operation":null,"status":"nuclear decommissioning","closed":null,"capacity_mw":1760.0,"source":"Wikidata","source_url":"https://www.wikidata.org/wiki/Q676411","retrieved":"2026-09-22"}},{"type":"Feature","geometry":{"type":"Point","coordinates":[-1.8825,49.53722]},"properties":{"id":"Q390252","name":"Flamanville Nuclear Power Plant","stage":"reactor-power","class":"nuclear power plant","country":"France","operator":"Q274591","first_operation":null,"status":"in use","closed":null,"capacity_mw":4280.0,"source":"Wikidata","source_url":"https://www.wikidata.org/wiki/Q390252","retrieved":"2026-09-22"}},{"type":"Feature","geometry":{"type":"Point","coordinates":[-74.218,39.813]},"properties":{"id":"Q5469815","name":"Forked River Nuclear Power Plant","stage":"reactor-power","class":"nuclear power plant","country":"United States","operator":null,"first_operation":null,"status":"cancelled","closed":null,"capacity_mw":null,"source":"Wikidata","source_url":"https://www.wikidata.org/wiki/Q5469815","retrieved":"2026-09-22"}},{"type":"Feature","geometry":{"type":"Point","coordinates":[18.16667,60.40333]},"properties":{"id":"Q1575435","name":"Forsmark Nuclear Power Plant","stage":"reactor-power","class":"nuclear power plant","country":"Sweden","operator":"Vattenfall","first_operation":"1980-12-10","status":null,"closed":null,"capacity_mw":3271.0,"source":"Wikidata","source_url":"https://www.wikidata.org/wiki/Q1575435","retrieved":"2026-09-22"}},{"type":"Feature","geometry":{"type":"Point","coordinates":[-96.0772,41.5203]},"properties":{"id":"Q1739400","name":"Fort Calhoun Nuclear Generating Station","stage":"reactor-power","class":"nuclear power plant","country":"United States","operator":"Omaha Public Power District","first_operation":null,"status":"decommissioned","closed":null,"capacity_mw":502.0,"source":"Wikidata","source_url":"https://www.wikidata.org/wiki/Q1739400","retrieved":"2026-09-22"}},{"type":"Feature","geometry":{"type":"Point","coordinates":[136.01639,35.75444]},"properties":{"id":"Q1500817","name":"Fugen Nuclear Power Plant","stage":"reactor-power","class":"nuclear power plant","country":"Japan","operator":"Japan Atomic Energy Agency","first_operation":null,"status":"decommissioned","closed":null,"capacity_mw":165.0,"source":"Wikidata","source_url":"https://www.wikidata.org/wiki/Q1500817","retrieved":"2026-09-22"}},{"type":"Feature","geometry":{"type":"Point","coordinates":[141.0325,37.42139]},"properties":{"id":"Q114295","name":"Fukushima Daiichi Nuclear Power Plant","stage":"reactor-power","class":"nuclear power plant","country":"Japan","operator":"Tokyo Electric Power Company Holdings","first_operation":"1966-01-01","status":"decommissioned","closed":null,"capacity_mw":null,"source":"Wikidata","source_url":"https://www.wikidata.org/wiki/Q114295","retrieved":"2026-09-22"}},{"type":"Feature","geometry":{"type":"Point","coordinates":[141.02111,37.31944]},"properties":{"id":"Q838816","name":"Fukushima Daini Nuclear Power Plant","stage":"reactor-power","class":"nuclear power plant","country":"Japan","operator":"Tokyo Electric Power Company Holdings","first_operation":"1982-01-01","status":"decommissioned","closed":null,"capacity_mw":4400.0,"source":"Wikidata","source_url":"https://www.wikidata.org/wiki/Q838816","retrieved":"2026-09-22"}},{"type":"Feature","geometry":{"type":"Point","coordinates":[119.44722,25.44583]},"properties":{"id":"Q586892","name":"Fuqing Nuclear Power Plant","stage":"reactor-power","class":"nuclear power plant","country":"People's Republic of China","operator":"China National Nuclear Corporation","first_operation":null,"status":null,"closed":null,"capacity_mw":6000.0,"source":"Wikidata","source_url":"https://www.wikidata.org/wiki/Q586892","retrieved":"2026-09-22"}},{"type":"Feature","geometry":{"type":"Point","coordinates":[134.71653,33.83183]},"properties":{"id":"Q24861291","name":"Gamoda Nuclear Power Plant","stage":"reactor-power","class":"nuclear power plant","country":"Japan","operator":null,"first_operation":null,"status":"cancelled","closed":null,"capacity_mw":null,"source":"Wikidata","source_url":"https://www.wikidata.org/wiki/Q24861291","retrieved":"2026-09-22"}},{"type":"Feature","geometry":{"type":"Point","coordinates":[13.83472,41.25833]},"properties":{"id":"Q1724901","name":"Garigliano Nuclear Power Plant","stage":"reactor-power","class":"nuclear power plant","country":"Italy","operator":"SOGIN","first_operation":"1964-01-01","status":"decommissioned","closed":null,"capacity_mw":150.0,"source":"Wikidata","source_url":"https://www.wikidata.org/wiki/Q1724901","retrieved":"2026-09-22"}},{"type":"Feature","geometry":{"type":"Point","coordinates":[129.83722,33.51556]},"properties":{"id":"Q1513575","name":"Genkai Nuclear Power Plant","stage":"reactor-power","class":"nuclear power plant","country":"Japan","operator":"Kyushu Electric Power","first_operation":null,"status":null,"closed":null,"capacity_mw":2919.0,"source":"Wikidata","source_url":"https://www.wikidata.org/wiki/Q1513575","retrieved":"2026-09-22"}},{"type":"Feature","geometry":{"type":"Point","coordinates":[-72.3569,46.3958]},"properties":{"id":"Q1111040","name":"Gentilly Nuclear Generating Station","stage":"reactor-power","class":"nuclear power plant","country":"Canada","operator":"Hydro-Quebec","first_operation":null,"status":"decommissioned","closed":null,"capacity_mw":675.0,"source":"Wikidata","source_url":"https://www.wikidata.org/wiki/Q1111040","retrieved":"2026-09-22"}},{"type":"Feature","geometry":{"type":"Point","coordinates":[-72.35583,46.395]},"properties":{"id":"Q115100127","name":"Gentilly-2 Generating Station","stage":"reactor-power","class":"nuclear power plant","country":"Canada","operator":null,"first_operation":null,"status":"decommissioned","closed":null,"capacity_mw":null,"source":"Wikidata","source_url":"https://www.wikidata.org/wiki/Q115100127","retrieved":"2026-09-22"}},{"type":"Feature","geometry":{"type":"Point","coordinates":[6.69,7.57]},"properties":{"id":"Q48795655","name":"Geregu nuclear power plant","stage":"reactor-power","class":"nuclear power plant","country":"Nigeria","operator":null,"first_operation":null,"status":"proposed building or structure","closed":null,"capacity_mw":2400.0,"source":"Wikidata","source_url":"https://www.wikidata.org/wiki/Q48795655","retrieved":"2026-09-22"}},{"type":"Feature","geometry":{"type":"Point","coordinates":[-77.31,43.2778]},"properties":{"id":"Q2944597","name":"Ginna Nuclear Generating Station","stage":"reactor-power","class":"nuclear power plant","country":"United States","operator":"Exelon","first_operation":null,"status":"in use","closed":null,"capacity_mw":614.0,"source":"Wikidata","source_url":"https://www.wikidata.org/wiki/Q2944597","retrieved":"2026-09-22"}},{"type":"Feature","geometry":{"type":"Point","coordinates":[0.84028,44.11111]},"properties":{"id":"Q1465285","name":"Golfech Nuclear Power Plant","stage":"reactor-power","class":"nuclear power plant","country":"France","operator":"Q274591","first_operation":null,"status":null,"closed":null,"capacity_mw":2620.0,"source":"Wikidata","source_url":"https://www.wikidata.org/wiki/Q1465285","retrieved":"2026-09-22"}},{"type":"Feature","geometry":{"type":"Point","coordinates":[75.68,29.4497]},"properties":{"id":"Q3664614","name":"Gorakhpur Nuclear Power Plant","stage":"reactor-power","class":"nuclear power plant","country":"India","operator":"Nuclear Power Corporation of India","first_operation":null,"status":"building or structure under construction","closed":null,"capacity_mw":null,"source":"Wikidata","source_url":"https://www.wikidata.org/wiki/Q3664614","retrieved":"2026-09-22"}},{"type":"Feature","geometry":{"type":"Point","coordinates":[10.1847,49.9841]},"properties":{"id":"Q656869","name":"Grafenrheinfeld Nuclear Power Plant","stage":"reactor-power","class":"nuclear power plant","country":"Germany","operator":"E.ON","first_operation":null,"status":"decommissioned","closed":null,"capacity_mw":1345.0,"source":"Wikidata","source_url":"https://www.wikidata.org/wiki/Q656869","retrieved":"2026-09-22"}},{"type":"Feature","geometry":{"type":"Point","coordinates":[-91.0483,32.0067]},"properties":{"id":"Q571906","name":"Grand Gulf Nuclear Generating Station","stage":"reactor-power","class":"nuclear power plant","country":"United States","operator":"Entergy","first_operation":null,"status":null,"closed":null,"capacity_mw":1440.0,"source":"Wikidata","source_url":"https://www.wikidata.org/wiki/Q571906","retrieved":"2026-09-22"}},{"type":"Feature","geometry":{"type":"Point","coordinates":[2.13611,51.01361]},"properties":{"id":"Q1739407","name":"Gravelines Nuclear Power Station","stage":"reactor-power","class":"nuclear power plant","country":"France","operator":"Q274591","first_operation":"1974-01-01","status":null,"closed":null,"capacity_mw":5460.0,"source":"Wikidata","source_url":"https://www.wikidata.org/wiki/Q1739407","retrieved":"2026-09-22"}},{"type":"Feature","geometry":{"type":"Point","coordinates":[13.66442,54.14059]},"properties":{"id":"Q655947","name":"Greifswald Nuclear Power Plant","stage":"reactor-power","class":"nuclear power plant","country":"Germany","operator":null,"first_operation":null,"status":"decommissioned","closed":null,"capacity_mw":null,"source":"Wikidata","source_url":"https://www.wikidata.org/wiki/Q655947","retrieved":"2026-09-22"}},{"type":"Feature","geometry":{"type":"Point","coordinates":[9.41333,52.0353]},"properties":{"id":"Q657018","name":"Grohnde Nuclear Power Plant","stage":"reactor-power","class":"nuclear power plant","country":"Germany","operator":"PreussenElektra","first_operation":null,"status":"decommissioned","closed":null,"capacity_mw":1430.0,"source":"Wikidata","source_url":"https://www.wikidata.org/wiki/Q657018","retrieved":"2026-09-22"}},{"type":"Feature","geometry":{"type":"Point","coordinates":[8.98713,50.05814]},"properties":{"id":"Q318042","name":"Gro\u00dfwelzheim Nuclear Power Plant","stage":"reactor-power","class":"nuclear power plant","country":"Germany","operator":null,"first_operation":null,"status":"decommissioned","closed":"2008-01-01","capacity_mw":null,"source":"Wikidata","source_url":"https://www.wikidata.org/wiki/Q318042","retrieved":"2026-09-22"}},{"type":"Feature","geometry":{"type":"Point","coordinates":[108.29389,21.54528]},"properties":{"id":"Q85764720","name":"Guangxi Bailong Nuclear Power Project","stage":"reactor-power","class":"nuclear power plant","country":"People's Republic of China","operator":null,"first_operation":null,"status":"proposed building or structure","closed":null,"capacity_mw":2500.0,"source":"Wikidata","source_url":"https://www.wikidata.org/wiki/Q85764720","retrieved":"2026-09-22"}},{"type":"Feature","geometry":{"type":"Point","coordinates":[10.4022,48.5147]},"properties":{"id":"Q657029","name":"Gundremmingen Nuclear Power Plant","stage":"reactor-power","class":"nuclear power plant","country":"Germany","operator":null,"first_operation":null,"status":"decommissioned","closed":null,"capacity_mw":1344.0,"source":"Wikidata","source_url":"https://www.wikidata.org/wiki/Q657029","retrieved":"2026-09-22"}},{"type":"Feature","geometry":{"type":"Point","coordinates":[7.96889,47.3658]},"properties":{"id":"Q687422","name":"G\u00f6sgen Nuclear Power Plant","stage":"reactor-power","class":"nuclear power plant","country":"Switzerland","operator":null,"first_operation":"1973-01-01","status":null,"closed":null,"capacity_mw":970.0,"source":"Wikidata","source_url":"https://www.wikidata.org/wiki/Q687422","retrieved":"2026-09-22"}},{"type":"Feature","geometry":{"type":"Point","coordinates":[-80.1583,34.4028]},"properties":{"id":"Q836576","name":"H. B. Robinson Nuclear Generating Station","stage":"reactor-power","class":"nuclear power plant","country":"United States","operator":"Duke Energy","first_operation":null,"status":null,"closed":null,"capacity_mw":768.6,"source":"Wikidata","source_url":"https://www.wikidata.org/wiki/Q836576","retrieved":"2026-09-22"}},{"type":"Feature","geometry":{"type":"Point","coordinates":[121.38333,36.70833]},"properties":{"id":"Q1029384","name":"Haiyang Nuclear Power Plant","stage":"reactor-power","class":"nuclear power plant","country":"People's Republic of China","operator":null,"first_operation":null,"status":null,"closed":null,"capacity_mw":2340.0,"source":"Wikidata","source_url":"https://www.wikidata.org/wiki/Q1029384","retrieved":"2026-09-22"}},{"type":"Feature","geometry":{"type":"Point","coordinates":[-96.78469,40.55833]},"properties":{"id":"Q1739404","name":"Hallam Nuclear Power Facility","stage":"reactor-power","class":"nuclear power plant","country":"United States","operator":null,"first_operation":null,"status":"decommissioned","closed":null,"capacity_mw":75.0,"source":"Wikidata","source_url":"https://www.wikidata.org/wiki/Q1739404","retrieved":"2026-09-22"}},{"type":"Feature","geometry":{"type":"Point","coordinates":[141.39508,43.57208]},"properties":{"id":"Q24861532","name":"Hamamasu Nuclear Power Plant","stage":"reactor-power","class":"nuclear power plant","country":"Japan","operator":null,"first_operation":null,"status":"cancelled","closed":null,"capacity_mw":null,"source":"Wikidata","source_url":"https://www.wikidata.org/wiki/Q24861532","retrieved":"2026-09-22"}},{"type":"Feature","geometry":{"type":"Point","coordinates":[138.1425,34.62361]},"properties":{"id":"Q995979","name":"Hamaoka Nuclear Power Plant","stage":"reactor-power","class":"nuclear power plant","country":"Japan","operator":"Chubu Electric Power","first_operation":"1971-06-10","status":null,"closed":null,"capacity_mw":3504.0,"source":"Wikidata","source_url":"https://www.wikidata.org/wiki/Q995979","retrieved":"2026-09-22"}},{"type":"Feature","geometry":{"type":"Point","coordinates":[126.42389,35.415]},"properties":{"id":"Q496260","name":"Hanbit Nuclear Power Plant","stage":"reactor-power","class":"nuclear power plant","country":"South Korea","operator":"Korea Hydro & Nuclear Power","first_operation":null,"status":"in use","closed":null,"capacity_mw":5924.0,"source":"Wikidata","source_url":"https://www.wikidata.org/wiki/Q496260","retrieved":"2026-09-22"}},{"type":"Feature","geometry":{"type":"Point","coordinates":[24.26389,64.53056]},"properties":{"id":"Q743467","name":"Hanhikivi Nuclear Power Plant","stage":"reactor-power","class":"nuclear power plant","country":"Finland","operator":"Fennovoima","first_operation":null,"status":"proposed building or structure","closed":null,"capacity_mw":1200.0,"source":"Wikidata","source_url":"https://www.wikidata.org/wiki/Q743467","retrieved":"2026-09-22"}},{"type":"Feature","geometry":{"type":"Point","coordinates":[129.38949,37.08459]},"properties":{"id":"Q496248","name":"Hanul Nuclear Power Plant","stage":"reactor-power","class":"nuclear power plant","country":"South Korea","operator":"Korea Hydro & Nuclear Power","first_operation":null,"status":null,"closed":null,"capacity_mw":5924.0,"source":"Wikidata","source_url":"https://www.wikidata.org/wiki/Q496248","retrieved":"2026-09-22"}},{"type":"Feature","geometry":{"type":"Point","coordinates":[-1.18083,54.635]},"properties":{"id":"Q572403","name":"Hartlepool Nuclear Power Station","stage":"reactor-power","class":"nuclear power plant","country":"United Kingdom","operator":"British Energy","first_operation":null,"status":"in use","closed":null,"capacity_mw":1185.0,"source":"Wikidata","source_url":"https://www.wikidata.org/wiki/Q572403","retrieved":"2026-09-22"}},{"type":"Feature","geometry":{"type":"Point","coordinates":[-2.91719,54.0304]},"properties":{"id":"Q104946799","name":"Heysham 1 power station","stage":"reactor-power","class":"nuclear power plant","country":"United Kingdom","operator":"EDF Energy","first_operation":"1970-12-01","status":"in use","closed":null,"capacity_mw":1150.0,"source":"Wikidata","source_url":"https://www.wikidata.org/wiki/Q104946799","retrieved":"2026-09-22"}},{"type":"Feature","geometry":{"type":"Point","coordinates":[-2.91504,54.0273]},"properties":{"id":"Q104946808","name":"Heysham 2 power station","stage":"reactor-power","class":"nuclear power plant","country":"United Kingdom","operator":"EDF Energy","first_operation":"1980-08-01","status":"in use","closed":null,"capacity_mw":1250.0,"source":"Wikidata","source_url":"https://www.wikidata.org/wiki/Q104946808","retrieved":"2026-09-22"}},{"type":"Feature","geometry":{"type":"Point","coordinates":[135.06544,33.92672]},"properties":{"id":"Q17224591","name":"Hidaka Nuclear Power Plant","stage":"reactor-power","class":"nuclear power plant","country":"Japan","operator":null,"first_operation":null,"status":"cancelled","closed":null,"capacity_mw":null,"source":"Wikidata","source_url":"https://www.wikidata.org/wiki/Q17224591","retrieved":"2026-09-22"}},{"type":"Feature","geometry":{"type":"Point","coordinates":[141.39028,41.18806]},"properties":{"id":"Q2008105","name":"Higashid\u014dri Nuclear Power Plant","stage":"reactor-power","class":"nuclear power plant","country":"Japan","operator":"Tohoku Electric Power","first_operation":null,"status":"in use","closed":null,"capacity_mw":1100.0,"source":"Wikidata","source_url":"https://www.wikidata.org/wiki/Q2008105","retrieved":"2026-09-22"}},{"type":"Feature","geometry":{"type":"Point","coordinates":[-3.13374,51.20874]},"properties":{"id":"Q1765322","name":"Hinkley Point A nuclear power station","stage":"reactor-power","class":"nuclear power plant","country":"United Kingdom","operator":"Magnox Ltd","first_operation":"1957-01-01","status":"decommissioned","closed":null,"capacity_mw":500.0,"source":"Wikidata","source_url":"https://www.wikidata.org/wiki/Q1765322","retrieved":"2026-09-22"}},{"type":"Feature","geometry":{"type":"Point","coordinates":[-3.12809,51.20889]},"properties":{"id":"Q1536182","name":"Hinkley Point B Nuclear Power Station","stage":"reactor-power","class":"nuclear power plant","country":"United Kingdom","operator":"Magnox Ltd","first_operation":"1967-01-01","status":"decommissioned","closed":null,"capacity_mw":1250.0,"source":"Wikidata","source_url":"https://www.wikidata.org/wiki/Q1536182","retrieved":"2026-09-22"}},{"type":"Feature","geometry":{"type":"Point","coordinates":[-3.14292,51.20611]},"properties":{"id":"Q5767271","name":"Hinkley Point C nuclear power station","stage":"reactor-power","class":"nuclear power plant","country":"United Kingdom","operator":null,"first_operation":null,"status":"building or structure under construction","closed":null,"capacity_mw":null,"source":"Wikidata","source_url":"https://www.wikidata.org/wiki/Q5767271","retrieved":"2026-09-22"}},{"type":"Feature","geometry":{"type":"Point","coordinates":[-3.127,51.209]},"properties":{"id":"Q54296442","name":"Hinkley Point nuclear power stations","stage":"reactor-power","class":"nuclear power plant","country":"United Kingdom","operator":null,"first_operation":null,"status":"building or structure under construction","closed":null,"capacity_mw":0.0,"source":"Wikidata","source_url":"https://www.wikidata.org/wiki/Q54296442","retrieved":"2026-09-22"}},{"type":"Feature","geometry":{"type":"Point","coordinates":[121.475,39.80194]},"properties":{"id":"Q132171","name":"Hongyanhe Nuclear Power Plant","stage":"reactor-power","class":"nuclear power plant","country":"People's Republic of China","operator":null,"first_operation":null,"status":null,"closed":null,"capacity_mw":6366.0,"source":"Wikidata","source_url":"https://www.wikidata.org/wiki/Q132171","retrieved":"2026-09-22"}},{"type":"Feature","geometry":{"type":"Point","coordinates":[-75.53806,39.46778]},"properties":{"id":"Q1516276","name":"Hope Creek Nuclear Generating Station","stage":"reactor-power","class":"nuclear power plant","country":"United States","operator":"Public Service Enterprise Group","first_operation":null,"status":null,"closed":null,"capacity_mw":1290.7,"source":"Wikidata","source_url":"https://www.wikidata.org/wiki/Q1516276","retrieved":"2026-09-22"}},{"type":"Feature","geometry":{"type":"Point","coordinates":[-124.209,40.7413]},"properties":{"id":"Q655384","name":"Humboldt Bay Nuclear Power Plant","stage":"reactor-power","class":"nuclear power plant","country":"United States","operator":null,"first_operation":null,"status":"decommissioned","closed":null,"capacity_mw":null,"source":"Wikidata","source_url":"https://www.wikidata.org/wiki/Q655384","retrieved":"2026-09-22"}},{"type":"Feature","geometry":{"type":"Point","coordinates":[-4.89,55.7222]},"properties":{"id":"Q5944807","name":"Hunterston A nuclear power station","stage":"reactor-power","class":"nuclear power plant","country":"United Kingdom","operator":"Nuclear Decommissioning Authority","first_operation":null,"status":"decommissioned","closed":null,"capacity_mw":null,"source":"Wikidata","source_url":"https://www.wikidata.org/wiki/Q5944807","retrieved":"2026-09-22"}},{"type":"Feature","geometry":{"type":"Point","coordinates":[-4.89009,55.7221]},"properties":{"id":"Q782133","name":"Hunterston B nuclear power station","stage":"reactor-power","class":"nuclear power plant","country":"United Kingdom","operator":"EDF Energy","first_operation":null,"status":"decommissioned","closed":null,"capacity_mw":965.0,"source":"Wikidata","source_url":"https://www.wikidata.org/wiki/Q782133","retrieved":"2026-09-22"}},{"type":"Feature","geometry":{"type":"Point","coordinates":[26.56,55.60444]},"properties":{"id":"Q847687","name":"Ignalina Nuclear Power Plant","stage":"reactor-power","class":"nuclear power plant","country":"Lithuania","operator":null,"first_operation":"1995-05-31","status":"decommissioned","closed":null,"capacity_mw":2600.0,"source":"Wikidata","source_url":"https://www.wikidata.org/wiki/Q847687","retrieved":"2026-09-22"}},{"type":"Feature","geometry":{"type":"Point","coordinates":[132.31111,33.49083]},"properties":{"id":"Q1201465","name":"Ikata Nuclear Power Plant","stage":"reactor-power","class":"nuclear power plant","country":"Japan","operator":"Shikoku Electric Power","first_operation":null,"status":null,"closed":null,"capacity_mw":1456.0,"source":"Wikidata","source_url":"https://www.wikidata.org/wiki/Q1201465","retrieved":"2026-09-22"}},{"type":"Feature","geometry":{"type":"Point","coordinates":[-73.95222,41.26972]},"properties":{"id":"Q1516614","name":"Indian Point Energy Center","stage":"reactor-power","class":"nuclear power plant","country":"United States","operator":"Entergy","first_operation":null,"status":"decommissioned","closed":null,"capacity_mw":1012.0,"source":"Wikidata","source_url":"https://www.wikidata.org/wiki/Q1516614","retrieved":"2026-09-22"}},{"type":"Feature","geometry":{"type":"Point","coordinates":[12.2931,48.6056]},"properties":{"id":"Q569510","name":"Isar Nuclear Power Plant","stage":"reactor-power","class":"nuclear power plant","country":"Germany","operator":"PreussenElektra","first_operation":"1972-05-01","status":"decommissioned","closed":null,"capacity_mw":1485.0,"source":"Wikidata","source_url":"https://www.wikidata.org/wiki/Q569510","retrieved":"2026-09-22"}},{"type":"Feature","geometry":{"type":"Point","coordinates":[7.97,5.205]},"properties":{"id":"Q48795688","name":"Itu nuclear power plant","stage":"reactor-power","class":"nuclear power plant","country":"Nigeria","operator":null,"first_operation":null,"status":"proposed building or structure","closed":null,"capacity_mw":2400.0,"source":"Wikidata","source_url":"https://www.wikidata.org/wiki/Q48795688","retrieved":"2026-09-22"}},{"type":"Feature","geometry":{"type":"Point","coordinates":[73.325,16.58333]},"properties":{"id":"Q1642138","name":"Jaitapur Nuclear Power Project","stage":"reactor-power","class":"nuclear power plant","country":"India","operator":null,"first_operation":null,"status":"proposed building or structure","closed":null,"capacity_mw":9900.0,"source":"Wikidata","source_url":"https://www.wikidata.org/wiki/Q1642138","retrieved":"2026-09-22"}},{"type":"Feature","geometry":{"type":"Point","coordinates":[-76.3983,43.5233]},"properties":{"id":"Q1516622","name":"James A. FitzPatrick Nuclear Power Plant","stage":"reactor-power","class":"nuclear power plant","country":"United States","operator":"Entergy","first_operation":null,"status":null,"closed":null,"capacity_mw":883.3,"source":"Wikidata","source_url":"https://www.wikidata.org/wiki/Q1516622","retrieved":"2026-09-22"}},{"type":"Feature","geometry":{"type":"Point","coordinates":[-72.59682,40.99139]},"properties":{"id":"Q132891362","name":"Jamesport Nuclear Power Plant","stage":"reactor-power","class":"nuclear power plant","country":"United States","operator":null,"first_operation":null,"status":null,"closed":null,"capacity_mw":null,"source":"Wikidata","source_url":"https://www.wikidata.org/wiki/Q132891362","retrieved":"2026-09-22"}},{"type":"Feature","geometry":{"type":"Point","coordinates":[150.75369,-35.12624]},"properties":{"id":"Q1000969","name":"Jervis Bay Nuclear Power Plant proposal","stage":"reactor-power","class":"nuclear power plant","country":"Australia","operator":null,"first_operation":null,"status":"cancelled","closed":null,"capacity_mw":null,"source":"Wikidata","source_url":"https://www.wikidata.org/wiki/Q1000969","retrieved":"2026-09-22"}},{"type":"Feature","geometry":{"type":"Point","coordinates":[121.9448,29.0564]},"properties":{"id":"Q124739962","name":"Jinqimen Nuclear Power Plant","stage":"reactor-power","class":"nuclear power plant","country":"People's Republic of China","operator":null,"first_operation":null,"status":null,"closed":null,"capacity_mw":null,"source":"Wikidata","source_url":"https://www.wikidata.org/wiki/Q124739962","retrieved":"2026-09-22"}},{"type":"Feature","geometry":{"type":"Point","coordinates":[121.56767,25.29147]},"properties":{"id":"Q712574","name":"Jinshan Nuclear Power Plant","stage":"reactor-power","class":"nuclear power plant","country":"Taiwan","operator":"Taiwan Power Company","first_operation":"1978-01-01","status":"decommissioned","closed":null,"capacity_mw":1208.0,"source":"Wikidata","source_url":"https://www.wikidata.org/wiki/Q712574","retrieved":"2026-09-22"}},{"type":"Feature","geometry":{"type":"Point","coordinates":[-85.1117,31.2231]},"properties":{"id":"Q1517424","name":"Joseph M. Farley Nuclear Generating Station","stage":"reactor-power","class":"nuclear power plant","country":"United States","operator":"Alabama Power","first_operation":null,"status":null,"closed":null,"capacity_mw":1776.4,"source":"Wikidata","source_url":"https://www.wikidata.org/wiki/Q1517424","retrieved":"2026-09-22"}},{"type":"Feature","geometry":{"type":"Point","coordinates":[-2.88444,40.34917]},"properties":{"id":"Q1561460","name":"Jos\u00e9 Cabrera Nuclear Power Station","stage":"reactor-power","class":"nuclear power plant","country":"Spain","operator":"Naturgy","first_operation":"1965-01-01","status":"decommissioned","closed":null,"capacity_mw":160.0,"source":"Wikidata","source_url":"https://www.wikidata.org/wiki/Q1561460","retrieved":"2026-09-22"}},{"type":"Feature","geometry":{"type":"Point","coordinates":[-80.5092,22.0669]},"properties":{"id":"Q1520114","name":"Juragua Nuclear Power Plant","stage":"reactor-power","class":"nuclear power plant","country":"Cuba","operator":null,"first_operation":null,"status":"cancelled","closed":null,"capacity_mw":880.0,"source":"Wikidata","source_url":"https://www.wikidata.org/wiki/Q1520114","retrieved":"2026-09-22"}},{"type":"Feature","geometry":{"type":"Point","coordinates":[8.98727,50.05912]},"properties":{"id":"Q473952","name":"Kahl Nuclear Power Plant","stage":"reactor-power","class":"nuclear power plant","country":"Germany","operator":null,"first_operation":null,"status":"decommissioned","closed":null,"capacity_mw":null,"source":"Wikidata","source_url":"https://www.wikidata.org/wiki/Q473952","retrieved":"2026-09-22"}},{"type":"Feature","geometry":{"type":"Point","coordinates":[74.43889,14.86667]},"properties":{"id":"Q1739416","name":"Kaiga Atomic Power Station..","stage":"reactor-power","class":"nuclear power plant","country":"India","operator":"Nuclear Power Corporation of India","first_operation":null,"status":"in use","closed":null,"capacity_mw":880.0,"source":"Wikidata","source_url":"https://www.wikidata.org/wiki/Q1739416","retrieved":"2026-09-22"}},{"type":"Feature","geometry":{"type":"Point","coordinates":[7.74889,47.54]},"properties":{"id":"Q1480246","name":"Kaiseraugst Nuclear Power Plant","stage":"reactor-power","class":"nuclear power plant","country":"Switzerland","operator":null,"first_operation":null,"status":"cancelled","closed":null,"capacity_mw":null,"source":"Wikidata","source_url":"https://www.wikidata.org/wiki/Q1480246","retrieved":"2026-09-22"}},{"type":"Feature","geometry":{"type":"Point","coordinates":[73.35,21.23861]},"properties":{"id":"Q1739415","name":"Kakrapar Atomic Power Station","stage":"reactor-power","class":"nuclear power plant","country":"India","operator":"Nuclear Power Corporation of India","first_operation":null,"status":"in use","closed":null,"capacity_mw":1140.0,"source":"Wikidata","source_url":"https://www.wikidata.org/wiki/Q1739415","retrieved":"2026-09-22"}},{"type":"Feature","geometry":{"type":"Point","coordinates":[35.06306,57.90694]},"properties":{"id":"Q1739418","name":"Kalinin Nuclear Power Plant","stage":"reactor-power","class":"nuclear power plant","country":"Russia","operator":"Rosenergoatom","first_operation":null,"status":null,"closed":null,"capacity_mw":4000.0,"source":"Wikidata","source_url":"https://www.wikidata.org/wiki/Q1739418","retrieved":"2026-09-22"}},{"type":"Feature","geometry":{"type":"Point","coordinates":[22.16628,54.94062]},"properties":{"id":"Q1739422","name":"Kaliningrad Nuclear Power Plant","stage":"reactor-power","class":"nuclear power plant","country":"Russia","operator":"Rosenergoatom","first_operation":"2010-02-25","status":"building or structure under construction","closed":null,"capacity_mw":2340.0,"source":"Wikidata","source_url":"https://www.wikidata.org/wiki/Q1739422","retrieved":"2026-09-22"}},{"type":"Feature","geometry":{"type":"Point","coordinates":[132.03458,33.79194]},"properties":{"id":"Q11360506","name":"Kaminoseki Nuclear Power Plant","stage":"reactor-power","class":"nuclear power plant","country":"Japan","operator":"Chugoku Electric Power Company","first_operation":null,"status":"proposed building or structure","closed":null,"capacity_mw":null,"source":"Wikidata","source_url":"https://www.wikidata.org/wiki/Q11360506","retrieved":"2026-09-22"}},{"type":"Feature","geometry":{"type":"Point","coordinates":[66.78778,24.845]},"properties":{"id":"Q1274134","name":"Karachi Nuclear Power Plant","stage":"reactor-power","class":"nuclear power plant","country":"Pakistan","operator":"Pakistan Atomic Energy Commission","first_operation":null,"status":"in use","closed":null,"capacity_mw":2034.0,"source":"Wikidata","source_url":"https://www.wikidata.org/wiki/Q1274134","retrieved":"2026-09-22"}},{"type":"Feature","geometry":{"type":"Point","coordinates":[138.60167,37.42833]},"properties":{"id":"Q725100","name":"Kashiwazaki-Kariwa Nuclear Power Plant","stage":"reactor-power","class":"nuclear power plant","country":"Japan","operator":"Tokyo Electric Power Company Holdings","first_operation":"1980-06-05","status":null,"closed":null,"capacity_mw":7965.0,"source":"Wikidata","source_url":"https://www.wikidata.org/wiki/Q725100","retrieved":"2026-09-22"}},{"type":"Feature","geometry":{"type":"Point","coordinates":[134.60497,35.65192]},"properties":{"id":"Q24861835","name":"Kasumi Nuclear Power Plant","stage":"reactor-power","class":"nuclear power plant","country":"Japan","operator":null,"first_operation":null,"status":"cancelled","closed":null,"capacity_mw":null,"source":"Wikidata","source_url":"https://www.wikidata.org/wiki/Q24861835","retrieved":"2026-09-22"}},{"type":"Feature","geometry":{"type":"Point","coordinates":[-110.56056,41.70583]},"properties":{"id":"Q138411572","name":"Kemmerer Power Station","stage":"reactor-power","class":"nuclear power plant","country":"United States","operator":null,"first_operation":null,"status":null,"closed":null,"capacity_mw":null,"source":"Wikidata","source_url":"https://www.wikidata.org/wiki/Q138411572","retrieved":"2026-09-22"}},{"type":"Feature","geometry":{"type":"Point","coordinates":[75.27993,12.25032]},"properties":{"id":"Q131686976","name":"Kerala Nuclear Power Station","stage":"reactor-power","class":"nuclear power plant","country":"India","operator":null,"first_operation":null,"status":"proposed building or structure","closed":null,"capacity_mw":null,"source":"Wikidata","source_url":"https://www.wikidata.org/wiki/Q131686976","retrieved":"2026-09-22"}},{"type":"Feature","geometry":{"type":"Point","coordinates":[-87.5361,44.3422]},"properties":{"id":"Q1514659","name":"Kewaunee Power Station","stage":"reactor-power","class":"nuclear power plant","country":"United States","operator":"Dominion Energy","first_operation":null,"status":"decommissioned","closed":null,"capacity_mw":560.1,"source":"Wikidata","source_url":"https://www.wikidata.org/wiki/Q1514659","retrieved":"2026-09-22"}},{"type":"Feature","geometry":{"type":"Point","coordinates":[26.645,50.305]},"properties":{"id":"Q1037144","name":"Khmelnytskyi Nuclear Power Plant","stage":"reactor-power","class":"nuclear power plant","country":"Ukraine","operator":"Energoatom","first_operation":null,"status":null,"closed":null,"capacity_mw":2000.0,"source":"Wikidata","source_url":"https://www.wikidata.org/wiki/Q1037144","retrieved":"2026-09-22"}},{"type":"Feature","geometry":{"type":"Point","coordinates":[71.1669,30.10727]},"properties":{"id":"Q6403171","name":"Khushab 5","stage":"reactor-power","class":"nuclear power plant","country":"Pakistan","operator":"Zero","first_operation":null,"status":null,"closed":null,"capacity_mw":null,"source":"Wikidata","source_url":"https://www.wikidata.org/wiki/Q6403171","retrieved":"2026-09-22"}},{"type":"Feature","geometry":{"type":"Point","coordinates":[18.43194,-33.67667]},"properties":{"id":"Q941797","name":"Koeberg Nuclear Power Station","stage":"reactor-power","class":"nuclear power plant","country":"South Africa","operator":"Eskom","first_operation":"1985-01-01","status":"in use","closed":null,"capacity_mw":1940.0,"source":"Wikidata","source_url":"https://www.wikidata.org/wiki/Q941797","retrieved":"2026-09-22"}},{"type":"Feature","geometry":{"type":"Point","coordinates":[32.48333,67.46528]},"properties":{"id":"Q1640751","name":"Kola Nuclear Power Plant","stage":"reactor-power","class":"nuclear power plant","country":"Russia","operator":"Rosenergoatom","first_operation":"1970-01-01","status":null,"closed":null,"capacity_mw":1760.0,"source":"Wikidata","source_url":"https://www.wikidata.org/wiki/Q1640751","retrieved":"2026-09-22"}},{"type":"Feature","geometry":{"type":"Point","coordinates":[32.46667,67.46667]},"properties":{"id":"Q3664612","name":"Kola Nuclear Power Plant II","stage":"reactor-power","class":"nuclear power plant","country":"Russia","operator":null,"first_operation":null,"status":"proposed building or structure","closed":null,"capacity_mw":2600.0,"source":"Wikidata","source_url":"https://www.wikidata.org/wiki/Q3664612","retrieved":"2026-09-22"}},{"type":"Feature","geometry":{"type":"Point","coordinates":[129.29461,35.32022]},"properties":{"id":"Q486898","name":"Kori Nuclear Power Plant","stage":"reactor-power","class":"nuclear power plant","country":"South Korea","operator":"Korea Hydro & Nuclear Power","first_operation":"1978-01-01","status":"in use","closed":null,"capacity_mw":7489.0,"source":"Wikidata","source_url":"https://www.wikidata.org/wiki/Q486898","retrieved":"2026-09-22"}},{"type":"Feature","geometry":{"type":"Point","coordinates":[83.71054,18.11665]},"properties":{"id":"Q3664613","name":"Kovvada Atomic Power Project","stage":"reactor-power","class":"nuclear power plant","country":"India","operator":null,"first_operation":null,"status":"proposed building or structure","closed":null,"capacity_mw":null,"source":"Wikidata","source_url":"https://www.wikidata.org/wiki/Q3664613","retrieved":"2026-09-22"}},{"type":"Feature","geometry":{"type":"Point","coordinates":[23.77051,43.74614]},"properties":{"id":"Q1032792","name":"Kozloduy Nuclear Power Plant","stage":"reactor-power","class":"nuclear power plant","country":"Bulgaria","operator":null,"first_operation":"1970-04-06","status":"in use","closed":null,"capacity_mw":2000.0,"source":"Wikidata","source_url":"https://www.wikidata.org/wiki/Q1032792","retrieved":"2026-09-22"}},{"type":"Feature","geometry":{"type":"Point","coordinates":[10.4089,53.41]},"properties":{"id":"Q703271","name":"Kr\u00fcmmel Nuclear Power Plant","stage":"reactor-power","class":"nuclear power plant","country":"Germany","operator":"Vattenfall","first_operation":"1974-04-05","status":"decommissioned","closed":null,"capacity_mw":1402.0,"source":"Wikidata","source_url":"https://www.wikidata.org/wiki/Q703271","retrieved":"2026-09-22"}},{"type":"Feature","geometry":{"type":"Point","coordinates":[15.51547,45.93841]},"properties":{"id":"Q474478","name":"Kr\u0161ko Nuclear Power Plant","stage":"reactor-power","class":"nuclear power plant","country":"Slovenia","operator":null,"first_operation":"1983-01-01","status":"in use","closed":null,"capacity_mw":702.0,"source":"Wikidata","source_url":"https://www.wikidata.org/wiki/Q474478","retrieved":"2026-09-22"}},{"type":"Feature","geometry":{"type":"Point","coordinates":[133.23403,33.20264]},"properties":{"id":"Q24862545","name":"Kubokawa Nuclear Power Plant","stage":"reactor-power","class":"nuclear power plant","country":"Japan","operator":null,"first_operation":null,"status":"cancelled","closed":null,"capacity_mw":null,"source":"Wikidata","source_url":"https://www.wikidata.org/wiki/Q24862545","retrieved":"2026-09-22"}},{"type":"Feature","geometry":{"type":"Point","coordinates":[77.7125,8.16833]},"properties":{"id":"Q337376","name":"Kudankulam Nuclear Power Plant","stage":"reactor-power","class":"nuclear power plant","country":"India","operator":"Nuclear Power Corporation of India","first_operation":null,"status":null,"closed":null,"capacity_mw":2000.0,"source":"Wikidata","source_url":"https://www.wikidata.org/wiki/Q337376","retrieved":"2026-09-22"}},{"type":"Feature","geometry":{"type":"Point","coordinates":[134.88083,35.65572]},"properties":{"id":"Q11369655","name":"Kumihama Nuclear Power Plant","stage":"reactor-power","class":"nuclear power plant","country":"Japan","operator":null,"first_operation":null,"status":"cancelled","closed":null,"capacity_mw":null,"source":"Wikidata","source_url":"https://www.wikidata.org/wiki/Q11369655","retrieved":"2026-09-22"}},{"type":"Feature","geometry":{"type":"Point","coordinates":[121.66286,25.20293]},"properties":{"id":"Q711929","name":"Kuosheng Nuclear Power Plant","stage":"reactor-power","class":"nuclear power plant","country":"Taiwan","operator":"Taiwan Power Company","first_operation":null,"status":"decommissioned","closed":null,"capacity_mw":985.0,"source":"Wikidata","source_url":"https://www.wikidata.org/wiki/Q711929","retrieved":"2026-09-22"}},{"type":"Feature","geometry":{"type":"Point","coordinates":[35.60556,51.675]},"properties":{"id":"Q1739436","name":"Kursk Nuclear Power Plant","stage":"reactor-power","class":"nuclear power plant","country":"Russia","operator":"Rosenergoatom","first_operation":null,"status":null,"closed":null,"capacity_mw":4000.0,"source":"Wikidata","source_url":"https://www.wikidata.org/wiki/Q1739436","retrieved":"2026-09-22"}},{"type":"Feature","geometry":{"type":"Point","coordinates":[35.58372,51.68703]},"properties":{"id":"Q3664615","name":"Kursk Nuclear Power Plant 2","stage":"reactor-power","class":"nuclear power plant","country":"Russia","operator":"Rosenergoatom","first_operation":null,"status":"building or structure under construction","closed":null,"capacity_mw":null,"source":"Wikidata","source_url":"https://www.wikidata.org/wiki/Q3664615","retrieved":"2026-09-22"}},{"type":"Feature","geometry":{"type":"Point","coordinates":[128.34039,40.09681]},"properties":{"id":"Q1739423","name":"K\u016dmho Nuclear Power Plant","stage":"reactor-power","class":"nuclear power plant","country":"North Korea","operator":null,"first_operation":null,"status":"building or structure under construction","closed":null,"capacity_mw":null,"source":"Wikidata","source_url":"https://www.wikidata.org/wiki/Q1739423","retrieved":"2026-09-22"}},{"type":"Feature","geometry":{"type":"Point","coordinates":[-91.2315,43.5601]},"properties":{"id":"Q1739425","name":"La Crosse Boiling Water Reactor","stage":"reactor-power","class":"nuclear power plant","country":"United States","operator":null,"first_operation":null,"status":"decommissioned","closed":null,"capacity_mw":null,"source":"Wikidata","source_url":"https://www.wikidata.org/wiki/Q1739425","retrieved":"2026-09-22"}},{"type":"Feature","geometry":{"type":"Point","coordinates":[-88.66917,41.24556]},"properties":{"id":"Q1418603","name":"LaSalle County Nuclear Generating Station","stage":"reactor-power","class":"nuclear power plant","country":"United States","operator":"Exelon","first_operation":null,"status":null,"closed":null,"capacity_mw":2340.0,"source":"Wikidata","source_url":"https://www.wikidata.org/wiki/Q1418603","retrieved":"2026-09-22"}},{"type":"Feature","geometry":{"type":"Point","coordinates":[-96.40634,19.72078]},"properties":{"id":"Q371499","name":"Laguna Verde Nuclear Power Station","stage":"reactor-power","class":"nuclear power plant","country":"Mexico","operator":"Comisi\u00f3n Federal de Electricidad","first_operation":null,"status":null,"closed":null,"capacity_mw":1552.0,"source":"Wikidata","source_url":"https://www.wikidata.org/wiki/Q371499","retrieved":"2026-09-22"}},{"type":"Feature","geometry":{"type":"Point","coordinates":[12.807,41.42528]},"properties":{"id":"Q1739429","name":"Latina Nuclear Power Plant","stage":"reactor-power","class":"nuclear power plant","country":"Italy","operator":"SOGIN","first_operation":null,"status":"decommissioned","closed":null,"capacity_mw":null,"source":"Wikidata","source_url":"https://www.wikidata.org/wiki/Q1739429","retrieved":"2026-09-22"}},{"type":"Feature","geometry":{"type":"Point","coordinates":[8.18375,47.6013]},"properties":{"id":"Q281837","name":"Leibstadt Nuclear Power Plant","stage":"reactor-power","class":"nuclear power plant","country":"Switzerland","operator":null,"first_operation":null,"status":"in use","closed":null,"capacity_mw":1220.0,"source":"Wikidata","source_url":"https://www.wikidata.org/wiki/Q281837","retrieved":"2026-09-22"}},{"type":"Feature","geometry":{"type":"Point","coordinates":[-2.8725,43.43333]},"properties":{"id":"Q1520384","name":"Lemoniz Nuclear Power Plant","stage":"reactor-power","class":"nuclear power plant","country":"Spain","operator":null,"first_operation":"1970-01-01","status":"cancelled","closed":null,"capacity_mw":null,"source":"Wikidata","source_url":"https://www.wikidata.org/wiki/Q1520384","retrieved":"2026-09-22"}},{"type":"Feature","geometry":{"type":"Point","coordinates":[29.0512,59.8521]},"properties":{"id":"Q3279825","name":"Leningrad Nuclear Power Plant","stage":"reactor-power","class":"nuclear power plant","country":"Russia","operator":"Rosenergoatom","first_operation":null,"status":null,"closed":null,"capacity_mw":1850.0,"source":"Wikidata","source_url":"https://www.wikidata.org/wiki/Q3279825","retrieved":"2026-09-22"}},{"type":"Feature","geometry":{"type":"Point","coordinates":[29.0571,59.8305]},"properties":{"id":"Q1739434","name":"Leningrad Nuclear Power Plant II","stage":"reactor-power","class":"nuclear power plant","country":"Russia","operator":"Rosenergoatom","first_operation":null,"status":"in use","closed":null,"capacity_mw":2167.0,"source":"Wikidata","source_url":"https://www.wikidata.org/wiki/Q1739434","retrieved":"2026-09-22"}},{"type":"Feature","geometry":{"type":"Point","coordinates":[-82.6217,29.0733]},"properties":{"id":"Q3664616","name":"Levy County Nuclear Power Plant","stage":"reactor-power","class":"nuclear power plant","country":"United States","operator":null,"first_operation":null,"status":"postponed","closed":null,"capacity_mw":null,"source":"Wikidata","source_url":"https://www.wikidata.org/wiki/Q3664616","retrieved":"2026-09-22"}},{"type":"Feature","geometry":{"type":"Point","coordinates":[109.4825,21.3315]},"properties":{"id":"Q123002687","name":"Lianjiang Nuclear Power Plant","stage":"reactor-power","class":"nuclear power plant","country":"People's Republic of China","operator":null,"first_operation":null,"status":null,"closed":null,"capacity_mw":null,"source":"Wikidata","source_url":"https://www.wikidata.org/wiki/Q123002687","retrieved":"2026-09-22"}},{"type":"Feature","geometry":{"type":"Point","coordinates":[-75.5872,40.2267]},"properties":{"id":"Q1516266","name":"Limerick Generating Station","stage":"reactor-power","class":"nuclear power plant","country":"United States","operator":"Exelon","first_operation":null,"status":"in use","closed":null,"capacity_mw":2277.0,"source":"Wikidata","source_url":"https://www.wikidata.org/wiki/Q1516266","retrieved":"2026-09-22"}},{"type":"Feature","geometry":{"type":"Point","coordinates":[114.55149,22.60479]},"properties":{"id":"Q1739439","name":"Ling Ao Nuclear Power Plant","stage":"reactor-power","class":"nuclear power plant","country":"People's Republic of China","operator":"China General Nuclear Power Group","first_operation":"2002-01-01","status":"in use","closed":null,"capacity_mw":4152.0,"source":"Wikidata","source_url":"https://www.wikidata.org/wiki/Q1739439","retrieved":"2026-09-22"}},{"type":"Feature","geometry":{"type":"Point","coordinates":[7.3069,52.4828]},"properties":{"id":"Q535877","name":"Lingen Nuclear Power Plant","stage":"reactor-power","class":"nuclear power plant","country":"Germany","operator":"RWE Power","first_operation":null,"status":"decommissioned","closed":null,"capacity_mw":268.0,"source":"Wikidata","source_url":"https://www.wikidata.org/wiki/Q535877","retrieved":"2026-09-22"}},{"type":"Feature","geometry":{"type":"Point","coordinates":[26.34722,60.37222]},"properties":{"id":"Q1061884","name":"Loviisa Nuclear Power Plant","stage":"reactor-power","class":"nuclear power plant","country":"Finland","operator":"Fortum","first_operation":"1970-01-01","status":null,"closed":null,"capacity_mw":1014.0,"source":"Wikidata","source_url":"https://www.wikidata.org/wiki/Q1061884","retrieved":"2026-09-22"}},{"type":"Feature","geometry":{"type":"Point","coordinates":[115.8,22.75]},"properties":{"id":"Q3664621","name":"Lufeng Nuclear Power Plant","stage":"reactor-power","class":"nuclear power plant","country":"People's Republic of China","operator":null,"first_operation":null,"status":"proposed building or structure","closed":null,"capacity_mw":null,"source":"Wikidata","source_url":"https://www.wikidata.org/wiki/Q3664621","retrieved":"2026-09-22"}},{"type":"Feature","geometry":{"type":"Point","coordinates":[121.92412,25.03833]},"properties":{"id":"Q707536","name":"Lungmen Nuclear Power Plant","stage":"reactor-power","class":"nuclear power plant","country":"Taiwan","operator":"Taiwan Power Company","first_operation":null,"status":"building or structure under construction","closed":null,"capacity_mw":null,"source":"Wikidata","source_url":"https://www.wikidata.org/wiki/Q707536","retrieved":"2026-09-22"}},{"type":"Feature","geometry":{"type":"Point","coordinates":[120.75161,21.95809]},"properties":{"id":"Q712797","name":"Maanshan Nuclear Power Plant","stage":"reactor-power","class":"nuclear power plant","country":"Taiwan","operator":"Taiwan Power Company","first_operation":"1984-01-01","status":"in use","closed":null,"capacity_mw":1902.0,"source":"Wikidata","source_url":"https://www.wikidata.org/wiki/Q712797","retrieved":"2026-09-22"}},{"type":"Feature","geometry":{"type":"Point","coordinates":[80.175,12.55833]},"properties":{"id":"Q972715","name":"Madras Atomic Power Station","stage":"reactor-power","class":"nuclear power plant","country":"India","operator":"Bhavini","first_operation":null,"status":null,"closed":null,"capacity_mw":440.0,"source":"Wikidata","source_url":"https://www.wikidata.org/wiki/Q972715","retrieved":"2026-09-22"}},{"type":"Feature","geometry":{"type":"Point","coordinates":[74.59056,23.52944]},"properties":{"id":"Q124613606","name":"Mahi Banswara Atomic Power Plant","stage":"reactor-power","class":"nuclear power plant","country":"India","operator":null,"first_operation":null,"status":null,"closed":null,"capacity_mw":null,"source":"Wikidata","source_url":"https://www.wikidata.org/wiki/Q124613606","retrieved":"2026-09-22"}},{"type":"Feature","geometry":{"type":"Point","coordinates":[-69.69611,43.95056]},"properties":{"id":"Q1516627","name":"Maine Yankee Nuclear Power Plant","stage":"reactor-power","class":"nuclear power plant","country":"United States","operator":null,"first_operation":"1968-10-01","status":"decommissioned","closed":null,"capacity_mw":null,"source":"Wikidata","source_url":"https://www.wikidata.org/wiki/Q1516627","retrieved":"2026-09-22"}},{"type":"Feature","geometry":{"type":"Point","coordinates":[4.71428,44.15074]},"properties":{"id":"Q15116524","name":"Marcoule Nuclear Power Plant","stage":"reactor-power","class":"nuclear power plant","country":"France","operator":null,"first_operation":null,"status":"decommissioned","closed":null,"capacity_mw":null,"source":"Wikidata","source_url":"https://www.wikidata.org/wiki/Q15116524","retrieved":"2026-09-22"}},{"type":"Feature","geometry":{"type":"Point","coordinates":[-80.9483,35.4325]},"properties":{"id":"Q24068","name":"McGuire Nuclear Station","stage":"reactor-power","class":"nuclear power plant","country":"United States","operator":"Duke Energy","first_operation":null,"status":"in use","closed":null,"capacity_mw":2440.6,"source":"Wikidata","source_url":"https://www.wikidata.org/wiki/Q24068","retrieved":"2026-09-22"}},{"type":"Feature","geometry":{"type":"Point","coordinates":[8.43234,49.1042]},"properties":{"id":"Q870170","name":"Mehrzweckforschungsreaktor Karlsruhe","stage":"reactor-power","class":"nuclear power plant","country":"Germany","operator":null,"first_operation":null,"status":"decommissioned","closed":null,"capacity_mw":null,"source":"Wikidata","source_url":"https://www.wikidata.org/wiki/Q870170","retrieved":"2026-09-22"}},{"type":"Feature","geometry":{"type":"Point","coordinates":[135.96341,35.70243]},"properties":{"id":"Q384685","name":"Mihama Nuclear Power Plant","stage":"reactor-power","class":"nuclear power plant","country":"Japan","operator":"Kansai Electric Power Company","first_operation":"1967-01-01","status":null,"closed":null,"capacity_mw":780.0,"source":"Wikidata","source_url":"https://www.wikidata.org/wiki/Q384685","retrieved":"2026-09-22"}},{"type":"Feature","geometry":{"type":"Point","coordinates":[-72.16861,41.31194]},"properties":{"id":"Q2944605","name":"Millstone Nuclear Power Plant","stage":"reactor-power","class":"nuclear power plant","country":"United States","operator":"Dominion Energy","first_operation":null,"status":null,"closed":null,"capacity_mw":2162.9,"source":"Wikidata","source_url":"https://www.wikidata.org/wiki/Q2944605","retrieved":"2026-09-22"}},{"type":"Feature","geometry":{"type":"Point","coordinates":[18.45694,48.26389]},"properties":{"id":"Q1085951","name":"Mochovce Nuclear Power Plant","stage":"reactor-power","class":"nuclear power plant","country":"Slovakia","operator":"Slovensk\u00e9 elektr\u00e1rne","first_operation":null,"status":null,"closed":null,"capacity_mw":905.0,"source":"Wikidata","source_url":"https://www.wikidata.org/wiki/Q1085951","retrieved":"2026-09-22"}},{"type":"Feature","geometry":{"type":"Point","coordinates":[135.98806,35.74028]},"properties":{"id":"Q1331046","name":"Monju Nuclear Power Plant","stage":"reactor-power","class":"nuclear power plant","country":"Japan","operator":"Japan Atomic Energy Agency","first_operation":null,"status":"decommissioned","closed":null,"capacity_mw":280.0,"source":"Wikidata","source_url":"https://www.wikidata.org/wiki/Q1331046","retrieved":"2026-09-22"}},{"type":"Feature","geometry":{"type":"Point","coordinates":[11.5314,42.3588]},"properties":{"id":"Q615128","name":"Montalto di Castro Nuclear Power Station","stage":"reactor-power","class":"nuclear power plant","country":"Italy","operator":"Enel","first_operation":"1982-01-01","status":"cancelled","closed":null,"capacity_mw":2018.0,"source":"Wikidata","source_url":"https://www.wikidata.org/wiki/Q615128","retrieved":"2026-09-22"}},{"type":"Feature","geometry":{"type":"Point","coordinates":[-93.8492,45.3336]},"properties":{"id":"Q1537026","name":"Monticello Nuclear Generating Plant","stage":"reactor-power","class":"nuclear power plant","country":"United States","operator":"Xcel Energy","first_operation":null,"status":null,"closed":null,"capacity_mw":685.0,"source":"Wikidata","source_url":"https://www.wikidata.org/wiki/Q1537026","retrieved":"2026-09-22"}},{"type":"Feature","geometry":{"type":"Point","coordinates":[7.27028,46.9708]},"properties":{"id":"Q686931","name":"M\u00fchleberg Nuclear Power Plant","stage":"reactor-power","class":"nuclear power plant","country":"Switzerland","operator":"BKW Energie","first_operation":null,"status":"decommissioned","closed":null,"capacity_mw":355.0,"source":"Wikidata","source_url":"https://www.wikidata.org/wiki/Q686931","retrieved":"2026-09-22"}},{"type":"Feature","geometry":{"type":"Point","coordinates":[7.48972,50.4078]},"properties":{"id":"Q543712","name":"M\u00fclheim-K\u00e4rlich Nuclear Power Plant","stage":"reactor-power","class":"nuclear power plant","country":"Germany","operator":"RWE","first_operation":null,"status":"decommissioned","closed":null,"capacity_mw":null,"source":"Wikidata","source_url":"https://www.wikidata.org/wiki/Q543712","retrieved":"2026-09-22"}},{"type":"Feature","geometry":{"type":"Point","coordinates":[141.03419,37.51339]},"properties":{"id":"Q3367024","name":"Namie-Odaka Nuclear Power Plant","stage":"reactor-power","class":"nuclear power plant","country":"Japan","operator":null,"first_operation":null,"status":"cancelled","closed":null,"capacity_mw":825.0,"source":"Wikidata","source_url":"https://www.wikidata.org/wiki/Q3367024","retrieved":"2026-09-22"}},{"type":"Feature","geometry":{"type":"Point","coordinates":[112.54083,33.31861]},"properties":{"id":"Q15938258","name":"Nanyang Nuclear Power Plant","stage":"reactor-power","class":"nuclear power plant","country":"People's Republic of China","operator":null,"first_operation":null,"status":"proposed building or structure","closed":null,"capacity_mw":null,"source":"Wikidata","source_url":"https://www.wikidata.org/wiki/Q15938258","retrieved":"2026-09-22"}},{"type":"Feature","geometry":{"type":"Point","coordinates":[78.40833,28.15833]},"properties":{"id":"Q1312991","name":"Narora Atomic Power Station","stage":"reactor-power","class":"nuclear power plant","country":"India","operator":"Nuclear Power Corporation of India","first_operation":null,"status":null,"closed":null,"capacity_mw":440.0,"source":"Wikidata","source_url":"https://www.wikidata.org/wiki/Q1312991","retrieved":"2026-09-22"}},{"type":"Feature","geometry":{"type":"Point","coordinates":[9.175,49.0411]},"properties":{"id":"Q302114","name":"Neckarwestheim Nuclear Power Plant","stage":"reactor-power","class":"nuclear power plant","country":"Germany","operator":"EnBW","first_operation":"1972-02-01","status":"decommissioned","closed":null,"capacity_mw":1400.0,"source":"Wikidata","source_url":"https://www.wikidata.org/wiki/Q302114","retrieved":"2026-09-22"}},{"type":"Feature","geometry":{"type":"Point","coordinates":[12.304,48.6046]},"properties":{"id":"Q883247","name":"Niederaichbach nuclear power station","stage":"reactor-power","class":"nuclear power plant","country":"Germany","operator":null,"first_operation":null,"status":"decommissioned","closed":"1995-01-01","capacity_mw":null,"source":"Wikidata","source_url":"https://www.wikidata.org/wiki/Q883247","retrieved":"2026-09-22"}},{"type":"Feature","geometry":{"type":"Point","coordinates":[7.97423,47.3659]},"properties":{"id":"Q663406","name":"Niederamt Nuclear Power Plant","stage":"reactor-power","class":"nuclear power plant","country":"Switzerland","operator":null,"first_operation":null,"status":"cancelled","closed":null,"capacity_mw":null,"source":"Wikidata","source_url":"https://www.wikidata.org/wiki/Q663406","retrieved":"2026-09-22"}},{"type":"Feature","geometry":{"type":"Point","coordinates":[-76.4069,43.5208]},"properties":{"id":"Q654974","name":"Nine Mile Point Nuclear Generating Station","stage":"reactor-power","class":"nuclear power plant","country":"United States","operator":"Constellation Energy","first_operation":null,"status":"in use","closed":null,"capacity_mw":1901.1,"source":"Wikidata","source_url":"https://www.wikidata.org/wiki/Q654974","retrieved":"2026-09-22"}},{"type":"Feature","geometry":{"type":"Point","coordinates":[120.28333,27.045]},"properties":{"id":"Q835447","name":"Ningde Nuclear Power Plant","stage":"reactor-power","class":"nuclear power plant","country":"People's Republic of China","operator":null,"first_operation":"2012-01-01","status":null,"closed":null,"capacity_mw":4320.0,"source":"Wikidata","source_url":"https://www.wikidata.org/wiki/Q835447","retrieved":"2026-09-22"}},{"type":"Feature","geometry":{"type":"Point","coordinates":[108.97472,11.41333]},"properties":{"id":"Q7038787","name":"Ninh Thu\u1eadn 1 Nuclear Power Plant","stage":"reactor-power","class":"nuclear power plant","country":"Vietnam","operator":"Vietnam Electricity","first_operation":null,"status":"cancelled","closed":null,"capacity_mw":null,"source":"Wikidata","source_url":"https://www.wikidata.org/wiki/Q7038787","retrieved":"2026-09-22"}},{"type":"Feature","geometry":{"type":"Point","coordinates":[109.17528,11.69056]},"properties":{"id":"Q7038783","name":"Ninh Thu\u1eadn 2 Nuclear Power Plant","stage":"reactor-power","class":"nuclear power plant","country":"Vietnam","operator":"Vietnam Electricity","first_operation":null,"status":"cancelled","closed":null,"capacity_mw":4000.0,"source":"Wikidata","source_url":"https://www.wikidata.org/wiki/Q7038783","retrieved":"2026-09-22"}},{"type":"Feature","geometry":{"type":"Point","coordinates":[42.36472,55.74722]},"properties":{"id":"Q3664619","name":"Nizhegorodsk Nuclear Power Plant","stage":"reactor-power","class":"nuclear power plant","country":"Russia","operator":null,"first_operation":null,"status":"proposed building or structure","closed":null,"capacity_mw":2510.0,"source":"Wikidata","source_url":"https://www.wikidata.org/wiki/Q3664619","retrieved":"2026-09-22"}},{"type":"Feature","geometry":{"type":"Point","coordinates":[3.51778,48.51611]},"properties":{"id":"Q1471555","name":"Nogent Nuclear Power Plant","stage":"reactor-power","class":"nuclear power plant","country":"France","operator":"Q274591","first_operation":null,"status":null,"closed":null,"capacity_mw":2620.0,"source":"Wikidata","source_url":"https://www.wikidata.org/wiki/Q1471555","retrieved":"2026-09-22"}},{"type":"Feature","geometry":{"type":"Point","coordinates":[-77.7894,38.0606]},"properties":{"id":"Q1637580","name":"North Anna Nuclear Generating Station","stage":"reactor-power","class":"nuclear power plant","country":"United States","operator":"Dominion Energy","first_operation":null,"status":null,"closed":null,"capacity_mw":1960.4,"source":"Wikidata","source_url":"https://www.wikidata.org/wiki/Q1637580","retrieved":"2026-09-22"}},{"type":"Feature","geometry":{"type":"Point","coordinates":[39.19819,51.26994]},"properties":{"id":"Q1739448","name":"Novovoronezh Nuclear Power Plant","stage":"reactor-power","class":"nuclear power plant","country":"Russia","operator":"Rosenergoatom","first_operation":null,"status":"in use","closed":null,"capacity_mw":2597.0,"source":"Wikidata","source_url":"https://www.wikidata.org/wiki/Q1739448","retrieved":"2026-09-22"}},{"type":"Feature","geometry":{"type":"Point","coordinates":[39.21145,51.26499]},"properties":{"id":"Q835791","name":"Novovoronezh Nuclear Power Plant II","stage":"reactor-power","class":"nuclear power plant","country":"Russia","operator":"Rosenergoatom","first_operation":"2012-01-01","status":"in use","closed":null,"capacity_mw":2375.0,"source":"Wikidata","source_url":"https://www.wikidata.org/wiki/Q835791","retrieved":"2026-09-22"}},{"type":"Feature","geometry":{"type":"Point","coordinates":[-77.6578,46.1867]},"properties":{"id":"Q948689","name":"Nuclear Power Demonstration","stage":"reactor-power","class":"nuclear power plant","country":"Canada","operator":"Ontario Hydro","first_operation":null,"status":"decommissioned","closed":null,"capacity_mw":19.5,"source":"Wikidata","source_url":"https://www.wikidata.org/wiki/Q948689","retrieved":"2026-09-22"}},{"type":"Feature","geometry":{"type":"Point","coordinates":[67.33333,40.58333]},"properties":{"id":"Q60851209","name":"Nuclear power plant in the Jizzakh region of Uzbekistan","stage":"reactor-power","class":"nuclear power plant","country":"Uzbekistan","operator":null,"first_operation":null,"status":"building or structure under construction","closed":null,"capacity_mw":null,"source":"Wikidata","source_url":"https://www.wikidata.org/wiki/Q60851209","retrieved":"2026-09-22"}},{"type":"Feature","geometry":{"type":"Point","coordinates":[135.82447,35.53264]},"properties":{"id":"Q24860756","name":"Obama Nuclear Power Plant","stage":"reactor-power","class":"nuclear power plant","country":"Japan","operator":null,"first_operation":null,"status":"cancelled","closed":null,"capacity_mw":null,"source":"Wikidata","source_url":"https://www.wikidata.org/wiki/Q24860756","retrieved":"2026-09-22"}},{"type":"Feature","geometry":{"type":"Point","coordinates":[36.57139,55.08389]},"properties":{"id":"Q1739453","name":"Obninsk Nuclear Power Plant","stage":"reactor-power","class":"nuclear power plant","country":"Russia","operator":"Rosenergoatom","first_operation":"1954-01-01","status":"decommissioned","closed":null,"capacity_mw":5.0,"source":"Wikidata","source_url":"https://www.wikidata.org/wiki/Q1739453","retrieved":"2026-09-22"}},{"type":"Feature","geometry":{"type":"Point","coordinates":[9.07627,49.3645]},"properties":{"id":"Q536084","name":"Obrigheim Nuclear Power Plant","stage":"reactor-power","class":"nuclear power plant","country":"Germany","operator":"EnBW Kernkraft GmbH","first_operation":null,"status":"decommissioned","closed":null,"capacity_mw":340.0,"source":"Wikidata","source_url":"https://www.wikidata.org/wiki/Q536084","retrieved":"2026-09-22"}},{"type":"Feature","geometry":{"type":"Point","coordinates":[-82.8981,34.7939]},"properties":{"id":"Q1426933","name":"Oconee Nuclear Station","stage":"reactor-power","class":"nuclear power plant","country":"United States","operator":"Duke Energy","first_operation":null,"status":"in use","closed":null,"capacity_mw":2666.7,"source":"Wikidata","source_url":"https://www.wikidata.org/wiki/Q1426933","retrieved":"2026-09-22"}},{"type":"Feature","geometry":{"type":"Point","coordinates":[-2.57083,51.6489]},"properties":{"id":"Q1739449","name":"Oldbury Nuclear Power Station","stage":"reactor-power","class":"nuclear power plant","country":"United Kingdom","operator":"Magnox Ltd","first_operation":"1961-01-01","status":"decommissioned","closed":null,"capacity_mw":null,"source":"Wikidata","source_url":"https://www.wikidata.org/wiki/Q1739449","retrieved":"2026-09-22"}},{"type":"Feature","geometry":{"type":"Point","coordinates":[21.44222,61.23667]},"properties":{"id":"Q1412996","name":"Olkiluoto Nuclear Power Plant","stage":"reactor-power","class":"nuclear power plant","country":"Finland","operator":"Teollisuuden Voima","first_operation":"1973-01-01","status":null,"closed":null,"capacity_mw":1780.0,"source":"Wikidata","source_url":"https://www.wikidata.org/wiki/Q1412996","retrieved":"2026-09-22"}},{"type":"Feature","geometry":{"type":"Point","coordinates":[141.49972,38.40111]},"properties":{"id":"Q1067623","name":"Onagawa Nuclear Power Plant","stage":"reactor-power","class":"nuclear power plant","country":"Japan","operator":"Tohoku Electric Power","first_operation":"1970-01-01","status":null,"closed":null,"capacity_mw":2174.0,"source":"Wikidata","source_url":"https://www.wikidata.org/wiki/Q1067623","retrieved":"2026-09-22"}},{"type":"Feature","geometry":{"type":"Point","coordinates":[16.67111,57.41556]},"properties":{"id":"Q1539046","name":"Oskarshamn Nuclear Power Plant","stage":"reactor-power","class":"nuclear power plant","country":"Sweden","operator":"OKG","first_operation":null,"status":null,"closed":null,"capacity_mw":1400.0,"source":"Wikidata","source_url":"https://www.wikidata.org/wiki/Q1539046","retrieved":"2026-09-22"}},{"type":"Feature","geometry":{"type":"Point","coordinates":[-74.205,39.8147]},"properties":{"id":"Q1536314","name":"Oyster Creek Nuclear Generating Station","stage":"reactor-power","class":"nuclear power plant","country":"United States","operator":"Exelon","first_operation":null,"status":"decommissioned","closed":null,"capacity_mw":550.0,"source":"Wikidata","source_url":"https://www.wikidata.org/wiki/Q1536314","retrieved":"2026-09-22"}},{"type":"Feature","geometry":{"type":"Point","coordinates":[18.85417,46.5725]},"properties":{"id":"Q1188635","name":"Paks Nuclear Power Plant","stage":"reactor-power","class":"nuclear power plant","country":"Hungary","operator":"Q140834788","first_operation":null,"status":null,"closed":null,"capacity_mw":1902.0,"source":"Wikidata","source_url":"https://www.wikidata.org/wiki/Q1188635","retrieved":"2026-09-22"}},{"type":"Feature","geometry":{"type":"Point","coordinates":[-86.3144,42.3228]},"properties":{"id":"Q533357","name":"Palisades Nuclear Generating Station","stage":"reactor-power","class":"nuclear power plant","country":"United States","operator":"Entergy","first_operation":null,"status":"starting up","closed":null,"capacity_mw":811.8,"source":"Wikidata","source_url":"https://www.wikidata.org/wiki/Q533357","retrieved":"2026-09-22"}},{"type":"Feature","geometry":{"type":"Point","coordinates":[-112.865,33.3892]},"properties":{"id":"Q1508667","name":"Palo Verde Nuclear Generating Station","stage":"reactor-power","class":"nuclear power plant","country":"United States","operator":"Arizona Public Service","first_operation":null,"status":null,"closed":null,"capacity_mw":4209.6,"source":"Wikidata","source_url":"https://www.wikidata.org/wiki/Q1508667","retrieved":"2026-09-22"}},{"type":"Feature","geometry":{"type":"Point","coordinates":[0.63556,49.85806]},"properties":{"id":"Q1530519","name":"Paluel Nuclear Power Plant","stage":"reactor-power","class":"nuclear power plant","country":"France","operator":"Q274591","first_operation":null,"status":"in use","closed":null,"capacity_mw":5320.0,"source":"Wikidata","source_url":"https://www.wikidata.org/wiki/Q1530519","retrieved":"2026-09-22"}},{"type":"Feature","geometry":{"type":"Point","coordinates":[-96.6375,43.6036]},"properties":{"id":"Q2944609","name":"Pathfinder Nuclear Generating Station","stage":"reactor-power","class":"nuclear power plant","country":"United States","operator":"Northern States Power Company","first_operation":null,"status":"decommissioned","closed":null,"capacity_mw":59.0,"source":"Wikidata","source_url":"https://www.wikidata.org/wiki/Q2944609","retrieved":"2026-09-22"}},{"type":"Feature","geometry":{"type":"Point","coordinates":[-76.2681,39.7583]},"properties":{"id":"Q1535402","name":"Peach Bottom Nuclear Generating Station","stage":"reactor-power","class":"nuclear power plant","country":"United States","operator":"Exelon","first_operation":"1962-02-01","status":"in use","closed":null,"capacity_mw":2876.4,"source":"Wikidata","source_url":"https://www.wikidata.org/wiki/Q1535402","retrieved":"2026-09-22"}},{"type":"Feature","geometry":{"type":"Point","coordinates":[-76.26806,39.75833]},"properties":{"id":"Q138028253","name":"Peach Bottom Unit 1","stage":"reactor-power","class":"nuclear power plant","country":null,"operator":null,"first_operation":null,"status":"decommissioned","closed":null,"capacity_mw":null,"source":"Wikidata","source_url":"https://www.wikidata.org/wiki/Q138028253","retrieved":"2026-09-22"}},{"type":"Feature","geometry":{"type":"Point","coordinates":[1.21194,49.97667]},"properties":{"id":"Q1318977","name":"Penly Nuclear Power Plant","stage":"reactor-power","class":"nuclear power plant","country":"France","operator":"Q274591","first_operation":null,"status":null,"closed":null,"capacity_mw":2660.0,"source":"Wikidata","source_url":"https://www.wikidata.org/wiki/Q1318977","retrieved":"2026-09-22"}},{"type":"Feature","geometry":{"type":"Point","coordinates":[-81.1433,41.8008]},"properties":{"id":"Q969222","name":"Perry Nuclear Generating Station","stage":"reactor-power","class":"nuclear power plant","country":"United States","operator":"FirstEnergy","first_operation":null,"status":null,"closed":null,"capacity_mw":1311.6,"source":"Wikidata","source_url":"https://www.wikidata.org/wiki/Q969222","retrieved":"2026-09-22"}},{"type":"Feature","geometry":{"type":"Point","coordinates":[8.43644,49.2527]},"properties":{"id":"Q569525","name":"Philippsburg Nuclear Power Plant","stage":"reactor-power","class":"nuclear power plant","country":"Germany","operator":"EnBW","first_operation":null,"status":"decommissioned","closed":null,"capacity_mw":1402.0,"source":"Wikidata","source_url":"https://www.wikidata.org/wiki/Q569525","retrieved":"2026-09-22"}},{"type":"Feature","geometry":{"type":"Point","coordinates":[-82.8075,36.46694]},"properties":{"id":"Q24525665","name":"Phipps Bend Nuclear Power Plant","stage":"reactor-power","class":"nuclear power plant","country":"United States","operator":null,"first_operation":null,"status":"cancelled","closed":null,"capacity_mw":null,"source":"Wikidata","source_url":"https://www.wikidata.org/wiki/Q24525665","retrieved":"2026-09-22"}},{"type":"Feature","geometry":{"type":"Point","coordinates":[4.71167,44.14333]},"properties":{"id":"Q113368","name":"Ph\u00e9nix","stage":"reactor-power","class":"nuclear power plant","country":"France","operator":"Alternative Energies and Atomic Energy Commission","first_operation":"1968-11-01","status":"decommissioned","closed":null,"capacity_mw":130.0,"source":"Wikidata","source_url":"https://www.wikidata.org/wiki/Q113368","retrieved":"2026-09-22"}},{"type":"Feature","geometry":{"type":"Point","coordinates":[-79.0658,43.8117]},"properties":{"id":"Q1739455","name":"Pickering Nuclear Generating Station","stage":"reactor-power","class":"nuclear power plant","country":"Canada","operator":"Ontario Power Generation","first_operation":null,"status":"in use","closed":null,"capacity_mw":3100.0,"source":"Wikidata","source_url":"https://www.wikidata.org/wiki/Q1739455","retrieved":"2026-09-22"}},{"type":"Feature","geometry":{"type":"Point","coordinates":[-70.5783,41.945]},"properties":{"id":"Q1536186","name":"Pilgrim Nuclear Power Station","stage":"reactor-power","class":"nuclear power plant","country":"United States","operator":"Entergy","first_operation":null,"status":"decommissioned","closed":null,"capacity_mw":670.0,"source":"Wikidata","source_url":"https://www.wikidata.org/wiki/Q1536186","retrieved":"2026-09-22"}},{"type":"Feature","geometry":{"type":"Point","coordinates":[-84.2348,40.1323]},"properties":{"id":"Q850462","name":"Piqua Nuclear Generating Station","stage":"reactor-power","class":"nuclear power plant","country":"United States","operator":null,"first_operation":null,"status":"decommissioned","closed":null,"capacity_mw":null,"source":"Wikidata","source_url":"https://www.wikidata.org/wiki/Q850462","retrieved":"2026-09-22"}},{"type":"Feature","geometry":{"type":"Point","coordinates":[-4.66472,48.0375]},"properties":{"id":"Q2825920","name":"Plogoff nuclear power project","stage":"reactor-power","class":"nuclear power plant","country":"France","operator":"Q274591","first_operation":null,"status":"cancelled","closed":null,"capacity_mw":null,"source":"Wikidata","source_url":"https://www.wikidata.org/wiki/Q2825920","retrieved":"2026-09-22"}},{"type":"Feature","geometry":{"type":"Point","coordinates":[-87.5367,44.2811]},"properties":{"id":"Q1536231","name":"Point Beach Nuclear Plant","stage":"reactor-power","class":"nuclear power plant","country":"United States","operator":"NextEra Energy Resources","first_operation":null,"status":null,"closed":null,"capacity_mw":1311.0,"source":"Wikidata","source_url":"https://www.wikidata.org/wiki/Q1536231","retrieved":"2026-09-22"}},{"type":"Feature","geometry":{"type":"Point","coordinates":[-66.45556,45.06944]},"properties":{"id":"Q1391137","name":"Point Lepreau Nuclear Generating Station","stage":"reactor-power","class":"nuclear power plant","country":"Canada","operator":"NB Power","first_operation":null,"status":"in use","closed":null,"capacity_mw":660.0,"source":"Wikidata","source_url":"https://www.wikidata.org/wiki/Q1391137","retrieved":"2026-09-22"}},{"type":"Feature","geometry":{"type":"Point","coordinates":[-92.6331,44.6217]},"properties":{"id":"Q2944613","name":"Prairie Island Nuclear Power Plant","stage":"reactor-power","class":"nuclear power plant","country":"United States","operator":"Xcel Energy","first_operation":null,"status":null,"closed":null,"capacity_mw":1186.2,"source":"Wikidata","source_url":"https://www.wikidata.org/wiki/Q2944613","retrieved":"2026-09-22"}},{"type":"Feature","geometry":{"type":"Point","coordinates":[136.4275,34.21944]},"properties":{"id":"Q11614891","name":"Q11614891","stage":"reactor-power","class":"nuclear power plant","country":"Japan","operator":null,"first_operation":null,"status":"cancelled","closed":null,"capacity_mw":null,"source":"Wikidata","source_url":"https://www.wikidata.org/wiki/Q11614891","retrieved":"2026-09-22"}},{"type":"Feature","geometry":{"type":"Point","coordinates":[-7.54945,43.72429]},"properties":{"id":"Q121162350","name":"Q121162350","stage":"reactor-power","class":"nuclear power plant","country":"Spain","operator":null,"first_operation":null,"status":null,"closed":null,"capacity_mw":null,"source":"Wikidata","source_url":"https://www.wikidata.org/wiki/Q121162350","retrieved":"2026-09-22"}},{"type":"Feature","geometry":{"type":"Point","coordinates":[10.7082,48.6537]},"properties":{"id":"Q1566977","name":"Q1566977","stage":"reactor-power","class":"nuclear power plant","country":"Germany","operator":null,"first_operation":null,"status":"cancelled","closed":null,"capacity_mw":null,"source":"Wikidata","source_url":"https://www.wikidata.org/wiki/Q1566977","retrieved":"2026-09-22"}},{"type":"Feature","geometry":{"type":"Point","coordinates":[7.9729,51.6773]},"properties":{"id":"Q1739403","name":"Q1739403","stage":"reactor-power","class":"nuclear power plant","country":"Germany","operator":null,"first_operation":"1975-01-01","status":"cancelled","closed":null,"capacity_mw":1301.0,"source":"Wikidata","source_url":"https://www.wikidata.org/wiki/Q1739403","retrieved":"2026-09-22"}},{"type":"Feature","geometry":{"type":"Point","coordinates":[131.25344,31.38242]},"properties":{"id":"Q24862576","name":"Q24862576","stage":"reactor-power","class":"nuclear power plant","country":"Japan","operator":null,"first_operation":null,"status":"cancelled","closed":null,"capacity_mw":null,"source":"Wikidata","source_url":"https://www.wikidata.org/wiki/Q24862576","retrieved":"2026-09-22"}},{"type":"Feature","geometry":{"type":"Point","coordinates":[61.5734,54.0675]},"properties":{"id":"Q2944616","name":"Q2944616","stage":"reactor-power","class":"nuclear power plant","country":"Russia","operator":null,"first_operation":null,"status":"decommissioned","closed":null,"capacity_mw":null,"source":"Wikidata","source_url":"https://www.wikidata.org/wiki/Q2944616","retrieved":"2026-09-22"}},{"type":"Feature","geometry":{"type":"Point","coordinates":[8.19389,45.25167]},"properties":{"id":"Q3664533","name":"Q3664533","stage":"reactor-power","class":"nuclear power plant","country":"Italy","operator":null,"first_operation":null,"status":"cancelled","closed":null,"capacity_mw":null,"source":"Wikidata","source_url":"https://www.wikidata.org/wiki/Q3664533","retrieved":"2026-09-22"}},{"type":"Feature","geometry":{"type":"Point","coordinates":[80.175,12.55833]},"properties":{"id":"Q3664611","name":"Q3664611","stage":"reactor-power","class":"nuclear power plant","country":"India","operator":null,"first_operation":null,"status":"building or structure under construction","closed":null,"capacity_mw":null,"source":"Wikidata","source_url":"https://www.wikidata.org/wiki/Q3664611","retrieved":"2026-09-22"}},{"type":"Feature","geometry":{"type":"Point","coordinates":[112.82639,29.7375]},"properties":{"id":"Q3664633","name":"Q3664633","stage":"reactor-power","class":"nuclear power plant","country":"People's Republic of China","operator":null,"first_operation":null,"status":"proposed building or structure","closed":null,"capacity_mw":null,"source":"Wikidata","source_url":"https://www.wikidata.org/wiki/Q3664633","retrieved":"2026-09-22"}},{"type":"Feature","geometry":{"type":"Point","coordinates":[8.43289,49.0993]},"properties":{"id":"Q870534","name":"Q870534","stage":"reactor-power","class":"nuclear power plant","country":"Germany","operator":null,"first_operation":null,"status":"decommissioned","closed":null,"capacity_mw":null,"source":"Wikidata","source_url":"https://www.wikidata.org/wiki/Q870534","retrieved":"2026-09-22"}},{"type":"Feature","geometry":{"type":"Point","coordinates":[120.9581,30.43598]},"properties":{"id":"Q1483977","name":"Qinshan Nuclear Power Plant","stage":"reactor-power","class":"nuclear power plant","country":"People's Republic of China","operator":null,"first_operation":null,"status":null,"closed":null,"capacity_mw":4110.0,"source":"Wikidata","source_url":"https://www.wikidata.org/wiki/Q1483977","retrieved":"2026-09-22"}},{"type":"Feature","geometry":{"type":"Point","coordinates":[-90.31,41.7264]},"properties":{"id":"Q2944614","name":"Quad Cities Nuclear Generating Station","stage":"reactor-power","class":"nuclear power plant","country":"United States","operator":"Constellation Energy","first_operation":null,"status":null,"closed":null,"capacity_mw":2018.6,"source":"Wikidata","source_url":"https://www.wikidata.org/wiki/Q2944614","retrieved":"2026-09-22"}},{"type":"Feature","geometry":{"type":"Point","coordinates":[16.83278,58.55306]},"properties":{"id":"Q4357537","name":"R4 nuclear reactor","stage":"reactor-power","class":"nuclear power plant","country":"Sweden","operator":null,"first_operation":null,"status":"cancelled","closed":null,"capacity_mw":132.0,"source":"Wikidata","source_url":"https://www.wikidata.org/wiki/Q4357537","retrieved":"2026-09-22"}},{"type":"Feature","geometry":{"type":"Point","coordinates":[75.61389,24.87222]},"properties":{"id":"Q250830","name":"Rajasthan Atomic Power Station","stage":"reactor-power","class":"nuclear power plant","country":"India","operator":"Nuclear Power Corporation of India","first_operation":"1963-01-01","status":null,"closed":null,"capacity_mw":1080.0,"source":"Wikidata","source_url":"https://www.wikidata.org/wiki/Q250830","retrieved":"2026-09-22"}},{"type":"Feature","geometry":{"type":"Point","coordinates":[-121.122,38.3453]},"properties":{"id":"Q1233845","name":"Rancho Seco Nuclear Generating Station","stage":"reactor-power","class":"nuclear power plant","country":"United States","operator":"Sacramento Municipal Utility District","first_operation":null,"status":"decommissioned","closed":null,"capacity_mw":918.0,"source":"Wikidata","source_url":"https://www.wikidata.org/wiki/Q1233845","retrieved":"2026-09-22"}},{"type":"Feature","geometry":{"type":"Point","coordinates":[6.362,49.4934]},"properties":{"id":"Q13101619","name":"Remerschen nuclear power station","stage":"reactor-power","class":"nuclear power plant","country":"Luxembourg","operator":null,"first_operation":null,"status":"cancelled","closed":null,"capacity_mw":null,"source":"Wikidata","source_url":"https://www.wikidata.org/wiki/Q13101619","retrieved":"2026-09-22"}},{"type":"Feature","geometry":{"type":"Point","coordinates":[12.9902,53.147]},"properties":{"id":"Q543775","name":"Rheinsberg Nuclear Power Plant","stage":"reactor-power","class":"nuclear power plant","country":"Germany","operator":null,"first_operation":null,"status":"decommissioned","closed":null,"capacity_mw":null,"source":"Wikidata","source_url":"https://www.wikidata.org/wiki/Q543775","retrieved":"2026-09-22"}},{"type":"Feature","geometry":{"type":"Point","coordinates":[12.10833,57.26111]},"properties":{"id":"Q205774","name":"Ringhals Nuclear Power Plant","stage":"reactor-power","class":"nuclear power plant","country":"Sweden","operator":"Vattenfall","first_operation":"1969-02-02","status":null,"closed":null,"capacity_mw":2193.0,"source":"Wikidata","source_url":"https://www.wikidata.org/wiki/Q205774","retrieved":"2026-09-22"}},{"type":"Feature","geometry":{"type":"Point","coordinates":[-91.3333,30.7567]},"properties":{"id":"Q290561","name":"River Bend Nuclear Generating Station","stage":"reactor-power","class":"nuclear power plant","country":"United States","operator":"Entergy","first_operation":null,"status":null,"closed":null,"capacity_mw":1035.9,"source":"Wikidata","source_url":"https://www.wikidata.org/wiki/Q290561","retrieved":"2026-09-22"}},{"type":"Feature","geometry":{"type":"Point","coordinates":[25.89167,51.32778]},"properties":{"id":"Q301915","name":"Rivne Nuclear Power Plant","stage":"reactor-power","class":"nuclear power plant","country":"Ukraine","operator":"Energoatom","first_operation":null,"status":null,"closed":null,"capacity_mw":2657.0,"source":"Wikidata","source_url":"https://www.wikidata.org/wiki/Q301915","retrieved":"2026-09-22"}},{"type":"Feature","geometry":{"type":"Point","coordinates":[89.04616,24.07014]},"properties":{"id":"Q7380438","name":"Rooppur Nuclear Power Plant","stage":"reactor-power","class":"nuclear power plant","country":"Bangladesh","operator":null,"first_operation":null,"status":"building or structure under construction","closed":null,"capacity_mw":2400.0,"source":"Wikidata","source_url":"https://www.wikidata.org/wiki/Q7380438","retrieved":"2026-09-22"}},{"type":"Feature","geometry":{"type":"Point","coordinates":[42.36417,47.59944]},"properties":{"id":"Q1739463","name":"Rostov Nuclear Power Plant","stage":"reactor-power","class":"nuclear power plant","country":"Russia","operator":"Rosenergoatom","first_operation":null,"status":null,"closed":null,"capacity_mw":4030.0,"source":"Wikidata","source_url":"https://www.wikidata.org/wiki/Q1739463","retrieved":"2026-09-22"}},{"type":"Feature","geometry":{"type":"Point","coordinates":[6.32694,51.7631]},"properties":{"id":"Q452789","name":"SNR-300","stage":"reactor-power","class":"nuclear power plant","country":"Germany","operator":null,"first_operation":null,"status":"cancelled","closed":null,"capacity_mw":null,"source":"Wikidata","source_url":"https://www.wikidata.org/wiki/Q452789","retrieved":"2026-09-22"}},{"type":"Feature","geometry":{"type":"Point","coordinates":[4.75583,45.40472]},"properties":{"id":"Q2409863","name":"Saint-Alban Nuclear Power Plant","stage":"reactor-power","class":"nuclear power plant","country":"France","operator":"Q274591","first_operation":"1978-01-01","status":"in use","closed":null,"capacity_mw":2670.0,"source":"Wikidata","source_url":"https://www.wikidata.org/wiki/Q2409863","retrieved":"2026-09-22"}},{"type":"Feature","geometry":{"type":"Point","coordinates":[1.57861,47.72056]},"properties":{"id":"Q644493","name":"Saint-Laurent Nuclear Power Plant","stage":"reactor-power","class":"nuclear power plant","country":"France","operator":"Q274591","first_operation":null,"status":"in use","closed":null,"capacity_mw":1830.0,"source":"Wikidata","source_url":"https://www.wikidata.org/wiki/Q644493","retrieved":"2026-09-22"}},{"type":"Feature","geometry":{"type":"Point","coordinates":[-75.53422,39.46298]},"properties":{"id":"Q1535057","name":"Salem Nuclear Power Plant","stage":"reactor-power","class":"nuclear power plant","country":"United States","operator":"Public Service Enterprise Group","first_operation":null,"status":null,"closed":null,"capacity_mw":2381.8,"source":"Wikidata","source_url":"https://www.wikidata.org/wiki/Q1535057","retrieved":"2026-09-22"}},{"type":"Feature","geometry":{"type":"Point","coordinates":[-117.555,33.3689]},"properties":{"id":"Q762368","name":"San Onofre Nuclear Generating Station","stage":"reactor-power","class":"nuclear power plant","country":"United States","operator":null,"first_operation":"1968-01-01","status":"decommissioned","closed":null,"capacity_mw":2254.0,"source":"Wikidata","source_url":"https://www.wikidata.org/wiki/Q762368","retrieved":"2026-09-22"}},{"type":"Feature","geometry":{"type":"Point","coordinates":[120.51575,27.20136]},"properties":{"id":"Q109377736","name":"San'ao nuclear power plant","stage":"reactor-power","class":"nuclear power plant","country":"People's Republic of China","operator":"China General Nuclear Power Group","first_operation":"2021-01-01","status":"building or structure under construction","closed":null,"capacity_mw":null,"source":"Wikidata","source_url":"https://www.wikidata.org/wiki/Q109377736","retrieved":"2026-09-22"}},{"type":"Feature","geometry":{"type":"Point","coordinates":[106.3,30.99]},"properties":{"id":"Q17012735","name":"Sanba Nuclear Power Plant","stage":"reactor-power","class":"nuclear power plant","country":"People's Republic of China","operator":null,"first_operation":null,"status":"proposed building or structure","closed":null,"capacity_mw":null,"source":"Wikidata","source_url":"https://www.wikidata.org/wiki/Q17012735","retrieved":"2026-09-22"}},{"type":"Feature","geometry":{"type":"Point","coordinates":[121.64194,29.10111]},"properties":{"id":"Q1029398","name":"Sanmen Nuclear Power Station","stage":"reactor-power","class":"nuclear power plant","country":"People's Republic of China","operator":null,"first_operation":null,"status":null,"closed":null,"capacity_mw":2314.0,"source":"Wikidata","source_url":"https://www.wikidata.org/wiki/Q1029398","retrieved":"2026-09-22"}},{"type":"Feature","geometry":{"type":"Point","coordinates":[-3.20833,42.775]},"properties":{"id":"Q1695264","name":"Santa Mar\u00eda de Garo\u00f1a Nuclear Power Plant","stage":"reactor-power","class":"nuclear power plant","country":"Spain","operator":"Nuclenor","first_operation":"1966-01-01","status":"decommissioned","closed":null,"capacity_mw":466.0,"source":"Wikidata","source_url":"https://www.wikidata.org/wiki/Q1695264","retrieved":"2026-09-22"}},{"type":"Feature","geometry":{"type":"Point","coordinates":[-78.2419,40.2269]},"properties":{"id":"Q5197089","name":"Saxton Nuclear Generating Station","stage":"reactor-power","class":"nuclear power plant","country":"United States","operator":null,"first_operation":null,"status":"decommissioned","closed":null,"capacity_mw":null,"source":"Wikidata","source_url":"https://www.wikidata.org/wiki/Q5197089","retrieved":"2026-09-22"}},{"type":"Feature","geometry":{"type":"Point","coordinates":[-70.8508,42.8989]},"properties":{"id":"Q475652","name":"Seabrook Station Nuclear Power Plant","stage":"reactor-power","class":"nuclear power plant","country":"United States","operator":"NextEra Energy Resources","first_operation":null,"status":null,"closed":null,"capacity_mw":1242.0,"source":"Wikidata","source_url":"https://www.wikidata.org/wiki/Q475652","retrieved":"2026-09-22"}},{"type":"Feature","geometry":{"type":"Point","coordinates":[130.18972,31.83389]},"properties":{"id":"Q1735730","name":"Sendai Nuclear Power Plant","stage":"reactor-power","class":"nuclear power plant","country":"Japan","operator":"Kyushu Electric Power","first_operation":null,"status":null,"closed":null,"capacity_mw":1780.0,"source":"Wikidata","source_url":"https://www.wikidata.org/wiki/Q1735730","retrieved":"2026-09-22"}},{"type":"Feature","geometry":{"type":"Point","coordinates":[-85.0917,35.2264]},"properties":{"id":"Q1639556","name":"Sequoyah Nuclear Generating Station","stage":"reactor-power","class":"nuclear power plant","country":"United States","operator":"Tennessee Valley Authority","first_operation":null,"status":null,"closed":null,"capacity_mw":2441.0,"source":"Wikidata","source_url":"https://www.wikidata.org/wiki/Q1639556","retrieved":"2026-09-22"}},{"type":"Feature","geometry":{"type":"Point","coordinates":[-78.955,35.6333]},"properties":{"id":"Q1568903","name":"Shearon Harris Nuclear Power Plant","stage":"reactor-power","class":"nuclear power plant","country":"United States","operator":"Progress Energy","first_operation":null,"status":null,"closed":null,"capacity_mw":950.9,"source":"Wikidata","source_url":"https://www.wikidata.org/wiki/Q1568903","retrieved":"2026-09-22"}},{"type":"Feature","geometry":{"type":"Point","coordinates":[122.52889,36.97222]},"properties":{"id":"Q14159771","name":"Shidao Bay Nuclear Power Plant","stage":"reactor-power","class":"nuclear power plant","country":"People's Republic of China","operator":"Huaneng Shandong Shidao Bay Nuclear Power Company","first_operation":null,"status":"in use","closed":null,"capacity_mw":null,"source":"Wikidata","source_url":"https://www.wikidata.org/wiki/Q14159771","retrieved":"2026-09-22"}},{"type":"Feature","geometry":{"type":"Point","coordinates":[136.72639,37.06111]},"properties":{"id":"Q672931","name":"Shika Nuclear Power Plant","stage":"reactor-power","class":"nuclear power plant","country":"Japan","operator":"Hokuriku Electric Power Company","first_operation":null,"status":null,"closed":null,"capacity_mw":1746.0,"source":"Wikidata","source_url":"https://www.wikidata.org/wiki/Q672931","retrieved":"2026-09-22"}},{"type":"Feature","geometry":{"type":"Point","coordinates":[132.99917,35.53833]},"properties":{"id":"Q1739471","name":"Shimane Nuclear Power Plant","stage":"reactor-power","class":"nuclear power plant","country":"Japan","operator":"Chugoku Electric Power Company","first_operation":null,"status":null,"closed":null,"capacity_mw":820.0,"source":"Wikidata","source_url":"https://www.wikidata.org/wiki/Q1739471","retrieved":"2026-09-22"}},{"type":"Feature","geometry":{"type":"Point","coordinates":[129.40611,37.075]},"properties":{"id":"Q3664625","name":"Shin Hanul Nuclear Power Plant","stage":"reactor-power","class":"nuclear power plant","country":"South Korea","operator":null,"first_operation":null,"status":"building or structure under construction","closed":null,"capacity_mw":null,"source":"Wikidata","source_url":"https://www.wikidata.org/wiki/Q3664625","retrieved":"2026-09-22"}},{"type":"Feature","geometry":{"type":"Point","coordinates":[129.47961,35.72148]},"properties":{"id":"Q123393","name":"Shin Wolsong Nuclear Power Plant","stage":"reactor-power","class":"nuclear power plant","country":"South Korea","operator":"Korea Hydro & Nuclear Power","first_operation":null,"status":null,"closed":null,"capacity_mw":null,"source":"Wikidata","source_url":"https://www.wikidata.org/wiki/Q123393","retrieved":"2026-09-22"}},{"type":"Feature","geometry":{"type":"Point","coordinates":[-72.865,40.9611]},"properties":{"id":"Q847648","name":"Shoreham Nuclear Power Plant","stage":"reactor-power","class":"nuclear power plant","country":"United States","operator":"Long Island Lighting Company","first_operation":null,"status":"decommissioned","closed":null,"capacity_mw":null,"source":"Wikidata","source_url":"https://www.wikidata.org/wiki/Q847648","retrieved":"2026-09-22"}},{"type":"Feature","geometry":{"type":"Point","coordinates":[-9.4642,31.90847]},"properties":{"id":"Q25384399","name":"Sidi Boulbra","stage":"reactor-power","class":"nuclear power plant","country":"Morocco","operator":null,"first_operation":"1983-01-01","status":"proposed building or structure","closed":null,"capacity_mw":null,"source":"Wikidata","source_url":"https://www.wikidata.org/wiki/Q25384399","retrieved":"2026-09-22"}},{"type":"Feature","geometry":{"type":"Point","coordinates":[34.97,42.08639]},"properties":{"id":"Q13220866","name":"Sinop Nuclear Power Plant","stage":"reactor-power","class":"nuclear power plant","country":"Turkey","operator":null,"first_operation":null,"status":"proposed building or structure","closed":null,"capacity_mw":4800.0,"source":"Wikidata","source_url":"https://www.wikidata.org/wiki/Q13220866","retrieved":"2026-09-22"}},{"type":"Feature","geometry":{"type":"Point","coordinates":[1.61972,52.215]},"properties":{"id":"Q104946709","name":"Sizewell B power station","stage":"reactor-power","class":"nuclear power plant","country":"United Kingdom","operator":"EDF Energy","first_operation":"1988-01-01","status":"in use","closed":null,"capacity_mw":1198.0,"source":"Wikidata","source_url":"https://www.wikidata.org/wiki/Q104946709","retrieved":"2026-09-22"}},{"type":"Feature","geometry":{"type":"Point","coordinates":[1.61972,52.215]},"properties":{"id":"Q55063313","name":"Sizewell C nuclear power station","stage":"reactor-power","class":"nuclear power plant","country":"United Kingdom","operator":null,"first_operation":null,"status":"proposed building or structure","closed":null,"capacity_mw":null,"source":"Wikidata","source_url":"https://www.wikidata.org/wiki/Q55063313","retrieved":"2026-09-22"}},{"type":"Feature","geometry":{"type":"Point","coordinates":[33.23333,54.16667]},"properties":{"id":"Q1739474","name":"Smolensk Nuclear Power Plant","stage":"reactor-power","class":"nuclear power plant","country":"Russia","operator":"Rosenergoatom","first_operation":null,"status":null,"closed":null,"capacity_mw":3000.0,"source":"Wikidata","source_url":"https://www.wikidata.org/wiki/Q1739474","retrieved":"2026-09-22"}},{"type":"Feature","geometry":{"type":"Point","coordinates":[33.23333,54.16667]},"properties":{"id":"Q16698859","name":"Smolensk Nuclear Power Plant II","stage":"reactor-power","class":"nuclear power plant","country":"Russia","operator":"Rosenergoatom","first_operation":null,"status":"proposed building or structure","closed":null,"capacity_mw":2510.0,"source":"Wikidata","source_url":"https://www.wikidata.org/wiki/Q16698859","retrieved":"2026-09-22"}},{"type":"Feature","geometry":{"type":"Point","coordinates":[-96.0489,28.7956]},"properties":{"id":"Q371357","name":"South Texas Nuclear Generating Station","stage":"reactor-power","class":"nuclear power plant","country":"United States","operator":null,"first_operation":null,"status":null,"closed":null,"capacity_mw":2708.6,"source":"Wikidata","source_url":"https://www.wikidata.org/wiki/Q371357","retrieved":"2026-09-22"}},{"type":"Feature","geometry":{"type":"Point","coordinates":[31.21667,47.81667]},"properties":{"id":"Q186223","name":"South Ukraine Nuclear Power Plant","stage":"reactor-power","class":"nuclear power plant","country":"Ukraine","operator":"Energoatom","first_operation":null,"status":"in use","closed":null,"capacity_mw":2850.0,"source":"Wikidata","source_url":"https://www.wikidata.org/wiki/Q186223","retrieved":"2026-09-22"}},{"type":"Feature","geometry":{"type":"Point","coordinates":[-80.2464,27.3486]},"properties":{"id":"Q1579871","name":"St. Lucie Nuclear Power Plant","stage":"reactor-power","class":"nuclear power plant","country":"United States","operator":"Florida Power & Light","first_operation":null,"status":null,"closed":null,"capacity_mw":2160.0,"source":"Wikidata","source_url":"https://www.wikidata.org/wiki/Q1579871","retrieved":"2026-09-22"}},{"type":"Feature","geometry":{"type":"Point","coordinates":[9.53083,53.62]},"properties":{"id":"Q535990","name":"Stade Nuclear Power Plant","stage":"reactor-power","class":"nuclear power plant","country":"Germany","operator":"E.ON","first_operation":null,"status":"decommissioned","closed":null,"capacity_mw":null,"source":"Wikidata","source_url":"https://www.wikidata.org/wiki/Q535990","retrieved":"2026-09-22"}},{"type":"Feature","geometry":{"type":"Point","coordinates":[-114.783,33.4498]},"properties":{"id":"Q7639757","name":"Sundesert Nuclear Power Plant","stage":"reactor-power","class":"nuclear power plant","country":"United States","operator":null,"first_operation":null,"status":"cancelled","closed":null,"capacity_mw":null,"source":"Wikidata","source_url":"https://www.wikidata.org/wiki/Q7639757","retrieved":"2026-09-22"}},{"type":"Feature","geometry":{"type":"Point","coordinates":[5.47222,45.75833]},"properties":{"id":"Q1739389","name":"Superph\u00e9nix","stage":"reactor-power","class":"nuclear power plant","country":"France","operator":"Q274591","first_operation":null,"status":"decommissioned","closed":null,"capacity_mw":1200.0,"source":"Wikidata","source_url":"https://www.wikidata.org/wiki/Q1739389","retrieved":"2026-09-22"}},{"type":"Feature","geometry":{"type":"Point","coordinates":[-76.6978,37.1656]},"properties":{"id":"Q1567468","name":"Surry Nuclear Power Plant","stage":"reactor-power","class":"nuclear power plant","country":"United States","operator":"Dominion Energy","first_operation":null,"status":null,"closed":null,"capacity_mw":1695.0,"source":"Wikidata","source_url":"https://www.wikidata.org/wiki/Q1567468","retrieved":"2026-09-22"}},{"type":"Feature","geometry":{"type":"Point","coordinates":[-76.1489,41.0889]},"properties":{"id":"Q611354","name":"Susquehanna Steam Electric Station","stage":"reactor-power","class":"nuclear power plant","country":"United States","operator":"Talen Energy","first_operation":null,"status":null,"closed":null,"capacity_mw":2532.0,"source":"Wikidata","source_url":"https://www.wikidata.org/wiki/Q611354","retrieved":"2026-09-22"}},{"type":"Feature","geometry":{"type":"Point","coordinates":[7.97167,51.67917]},"properties":{"id":"Q566211","name":"THTR-300","stage":"reactor-power","class":"nuclear power plant","country":"Germany","operator":null,"first_operation":null,"status":"decommissioned","closed":null,"capacity_mw":null,"source":"Wikidata","source_url":"https://www.wikidata.org/wiki/Q566211","retrieved":"2026-09-22"}},{"type":"Feature","geometry":{"type":"Point","coordinates":[114.97892,22.69544]},"properties":{"id":"Q85860592","name":"Taipingling Nuclear Power Plant","stage":"reactor-power","class":"nuclear power plant","country":"People's Republic of China","operator":"China General Nuclear Power Group","first_operation":null,"status":"building or structure under construction","closed":null,"capacity_mw":null,"source":"Wikidata","source_url":"https://www.wikidata.org/wiki/Q85860592","retrieved":"2026-09-22"}},{"type":"Feature","geometry":{"type":"Point","coordinates":[112.982,21.918]},"properties":{"id":"Q1519910","name":"Taishan Nuclear Power Plant","stage":"reactor-power","class":"nuclear power plant","country":"People's Republic of China","operator":null,"first_operation":null,"status":null,"closed":null,"capacity_mw":3500.0,"source":"Wikidata","source_url":"https://www.wikidata.org/wiki/Q1519910","retrieved":"2026-09-22"}},{"type":"Feature","geometry":{"type":"Point","coordinates":[135.50472,35.52222]},"properties":{"id":"Q1557429","name":"Takahama Nuclear Power Plant","stage":"reactor-power","class":"nuclear power plant","country":"Japan","operator":"Kansai Electric Power Company","first_operation":null,"status":"in use","closed":null,"capacity_mw":3392.0,"source":"Wikidata","source_url":"https://www.wikidata.org/wiki/Q1557429","retrieved":"2026-09-22"}},{"type":"Feature","geometry":{"type":"Point","coordinates":[72.66111,19.82778]},"properties":{"id":"Q1739475","name":"Tarapur Atomic Power Station","stage":"reactor-power","class":"nuclear power plant","country":"India","operator":"Nuclear Power Corporation of India","first_operation":null,"status":"in use","closed":null,"capacity_mw":1400.0,"source":"Wikidata","source_url":"https://www.wikidata.org/wiki/Q1739475","retrieved":"2026-09-22"}},{"type":"Feature","geometry":{"type":"Point","coordinates":[14.38139,49.18194]},"properties":{"id":"Q1502091","name":"Temel\u00edn Nuclear Power Station","stage":"reactor-power","class":"nuclear power plant","country":"Czech Republic","operator":"\u010cEZ Group","first_operation":null,"status":"in use","closed":null,"capacity_mw":2250.0,"source":"Wikidata","source_url":"https://www.wikidata.org/wiki/Q1502091","retrieved":"2026-09-22"}},{"type":"Feature","geometry":{"type":"Point","coordinates":[15.4466,50.08077]},"properties":{"id":"Q92584370","name":"Tetov Nuclear Power Plant","stage":"reactor-power","class":"nuclear power plant","country":"Czech Republic","operator":null,"first_operation":null,"status":"cancelled","closed":null,"capacity_mw":null,"source":"Wikidata","source_url":"https://www.wikidata.org/wiki/Q92584370","retrieved":"2026-09-22"}},{"type":"Feature","geometry":{"type":"Point","coordinates":[-76.72491,40.15205]},"properties":{"id":"Q862589","name":"Three Mile Island Nuclear Generating Station","stage":"reactor-power","class":"nuclear power plant","country":"United States","operator":"Exelon","first_operation":"1970-01-01","status":"decommissioned","closed":null,"capacity_mw":1839.0,"source":"Wikidata","source_url":"https://www.wikidata.org/wiki/Q862589","retrieved":"2026-09-22"}},{"type":"Feature","geometry":{"type":"Point","coordinates":[119.45972,34.68694]},"properties":{"id":"Q1739478","name":"Tianwan Nuclear Power Plant","stage":"reactor-power","class":"nuclear power plant","country":"People's Republic of China","operator":null,"first_operation":null,"status":null,"closed":null,"capacity_mw":6240.0,"source":"Wikidata","source_url":"https://www.wikidata.org/wiki/Q1739478","retrieved":"2026-09-22"}},{"type":"Feature","geometry":{"type":"Point","coordinates":[5.27556,50.53278]},"properties":{"id":"Q1739481","name":"Tihange Nuclear Power Station","stage":"reactor-power","class":"nuclear power plant","country":"Belgium","operator":"Engie Electrabel","first_operation":"1970-01-01","status":"in use","closed":null,"capacity_mw":3008.0,"source":"Wikidata","source_url":"https://www.wikidata.org/wiki/Q1739481","retrieved":"2026-09-22"}},{"type":"Feature","geometry":{"type":"Point","coordinates":[140.60667,36.46639]},"properties":{"id":"Q21777235","name":"Tokai No.2 Power Station","stage":"reactor-power","class":"nuclear power plant","country":"Japan","operator":null,"first_operation":null,"status":"in use","closed":null,"capacity_mw":1100.0,"source":"Wikidata","source_url":"https://www.wikidata.org/wiki/Q21777235","retrieved":"2026-09-22"}},{"type":"Feature","geometry":{"type":"Point","coordinates":[140.60667,36.46639]},"properties":{"id":"Q11527936","name":"Tokai Power Station","stage":"reactor-power","class":"nuclear power plant","country":"Japan","operator":null,"first_operation":null,"status":"decommissioned","closed":null,"capacity_mw":166.0,"source":"Wikidata","source_url":"https://www.wikidata.org/wiki/Q11527936","retrieved":"2026-09-22"}},{"type":"Feature","geometry":{"type":"Point","coordinates":[140.51333,43.03722]},"properties":{"id":"Q367676","name":"Tomari Nuclear Power Plant","stage":"reactor-power","class":"nuclear power plant","country":"Japan","operator":"Hokkaido Electric Power Company","first_operation":null,"status":null,"closed":null,"capacity_mw":2070.0,"source":"Wikidata","source_url":"https://www.wikidata.org/wiki/Q367676","retrieved":"2026-09-22"}},{"type":"Feature","geometry":{"type":"Point","coordinates":[-2.40908,55.968]},"properties":{"id":"Q1466261","name":"Torness Nuclear Power Station","stage":"reactor-power","class":"nuclear power plant","country":"United Kingdom","operator":"EDF Energy","first_operation":null,"status":"in use","closed":null,"capacity_mw":1190.0,"source":"Wikidata","source_url":"https://www.wikidata.org/wiki/Q1466261","retrieved":"2026-09-22"}},{"type":"Feature","geometry":{"type":"Point","coordinates":[-3.94844,52.9249]},"properties":{"id":"Q525334","name":"Trawsfynydd nuclear power station","stage":"reactor-power","class":"nuclear power plant","country":"United Kingdom","operator":"Magnox Ltd","first_operation":null,"status":"decommissioned","closed":null,"capacity_mw":null,"source":"Wikidata","source_url":"https://www.wikidata.org/wiki/Q525334","retrieved":"2026-09-22"}},{"type":"Feature","geometry":{"type":"Point","coordinates":[4.73148,44.331]},"properties":{"id":"Q154006","name":"Tricastin nuclear power plant","stage":"reactor-power","class":"nuclear power plant","country":"France","operator":"Q274591","first_operation":"1974-01-01","status":null,"closed":null,"capacity_mw":3660.0,"source":"Wikidata","source_url":"https://www.wikidata.org/wiki/Q154006","retrieved":"2026-09-22"}},{"type":"Feature","geometry":{"type":"Point","coordinates":[-2.62222,40.70139]},"properties":{"id":"Q1739484","name":"Trillo Nuclear Power Plant","stage":"reactor-power","class":"nuclear power plant","country":"Spain","operator":"Iberdrola","first_operation":"1982-01-01","status":"in use","closed":null,"capacity_mw":1003.0,"source":"Wikidata","source_url":"https://www.wikidata.org/wiki/Q1739484","retrieved":"2026-09-22"}},{"type":"Feature","geometry":{"type":"Point","coordinates":[-122.885,46.0383]},"properties":{"id":"Q838461","name":"Trojan Nuclear Power Plant","stage":"reactor-power","class":"nuclear power plant","country":"United States","operator":"Portland General Electric","first_operation":null,"status":"decommissioned","closed":"2008-01-01","capacity_mw":null,"source":"Wikidata","source_url":"https://www.wikidata.org/wiki/Q838461","retrieved":"2026-09-22"}},{"type":"Feature","geometry":{"type":"Point","coordinates":[136.02083,35.75222]},"properties":{"id":"Q1623116","name":"Tsuruga Nuclear Power Plant","stage":"reactor-power","class":"nuclear power plant","country":"Japan","operator":"Japan Atomic Power Company","first_operation":"1966-01-01","status":"in use","closed":null,"capacity_mw":1160.0,"source":"Wikidata","source_url":"https://www.wikidata.org/wiki/Q1623116","retrieved":"2026-09-22"}},{"type":"Feature","geometry":{"type":"Point","coordinates":[-80.3306,25.4342]},"properties":{"id":"Q1739486","name":"Turkey Point Nuclear Generating Station","stage":"reactor-power","class":"nuclear power plant","country":"United States","operator":"Florida Power & Light","first_operation":"1970-01-01","status":null,"closed":null,"capacity_mw":2861.2,"source":"Wikidata","source_url":"https://www.wikidata.org/wiki/Q1739486","retrieved":"2026-09-22"}},{"type":"Feature","geometry":{"type":"Point","coordinates":[140.60667,36.46639]},"properties":{"id":"Q738945","name":"T\u014dkai Nuclear Power Plant","stage":"reactor-power","class":"nuclear power plant","country":"Japan","operator":"Japan Atomic Power Company","first_operation":"1960-01-01","status":"in use","closed":null,"capacity_mw":1100.0,"source":"Wikidata","source_url":"https://www.wikidata.org/wiki/Q738945","retrieved":"2026-09-22"}},{"type":"Feature","geometry":{"type":"Point","coordinates":[8.4802,53.4277]},"properties":{"id":"Q655061","name":"Unterweser Nuclear Power Plant","stage":"reactor-power","class":"nuclear power plant","country":"Germany","operator":"PreussenElektra","first_operation":"1972-07-01","status":"decommissioned","closed":null,"capacity_mw":1410.0,"source":"Wikidata","source_url":"https://www.wikidata.org/wiki/Q655061","retrieved":"2026-09-22"}},{"type":"Feature","geometry":{"type":"Point","coordinates":[-5.18056,39.29083]},"properties":{"id":"Q1739488","name":"Valdecaballeros Nuclear Power Plant","stage":"reactor-power","class":"nuclear power plant","country":"Spain","operator":null,"first_operation":null,"status":"cancelled","closed":null,"capacity_mw":null,"source":"Wikidata","source_url":"https://www.wikidata.org/wiki/Q1739488","retrieved":"2026-09-22"}},{"type":"Feature","geometry":{"type":"Point","coordinates":[-121.84,37.6133]},"properties":{"id":"Q836572","name":"Vallecitos Nuclear Center","stage":"reactor-power","class":"nuclear power plant","country":"United States","operator":null,"first_operation":null,"status":"decommissioned","closed":null,"capacity_mw":null,"source":"Wikidata","source_url":"https://www.wikidata.org/wiki/Q836572","retrieved":"2026-09-22"}},{"type":"Feature","geometry":{"type":"Point","coordinates":[0.86667,40.95139]},"properties":{"id":"Q507704","name":"Vandell\u00f2s Nuclear Power Plant","stage":"reactor-power","class":"nuclear power plant","country":"Spain","operator":"Endesa","first_operation":"1967-01-01","status":"in use","closed":null,"capacity_mw":1045.0,"source":"Wikidata","source_url":"https://www.wikidata.org/wiki/Q507704","retrieved":"2026-09-22"}},{"type":"Feature","geometry":{"type":"Point","coordinates":[-72.5131,42.7789]},"properties":{"id":"Q1739490","name":"Vermont Yankee Nuclear Power Plant","stage":"reactor-power","class":"nuclear power plant","country":"United States","operator":"Entergy","first_operation":null,"status":"decommissioned","closed":null,"capacity_mw":563.4,"source":"Wikidata","source_url":"https://www.wikidata.org/wiki/Q1739490","retrieved":"2026-09-22"}},{"type":"Feature","geometry":{"type":"Point","coordinates":[-81.31508,34.29853]},"properties":{"id":"Q1557235","name":"Virgil C. Summer Nuclear Generating Station","stage":"reactor-power","class":"nuclear power plant","country":"United States","operator":"SCANA","first_operation":null,"status":"in use","closed":null,"capacity_mw":1029.6,"source":"Wikidata","source_url":"https://www.wikidata.org/wiki/Q1557235","retrieved":"2026-09-22"}},{"type":"Feature","geometry":{"type":"Point","coordinates":[26.57584,55.6057]},"properties":{"id":"Q1537471","name":"Visaginas Nuclear Power Plant","stage":"reactor-power","class":"nuclear power plant","country":"Lithuania","operator":null,"first_operation":null,"status":"cancelled","closed":null,"capacity_mw":null,"source":"Wikidata","source_url":"https://www.wikidata.org/wiki/Q1537471","retrieved":"2026-09-22"}},{"type":"Feature","geometry":{"type":"Point","coordinates":[-81.7606,33.1433]},"properties":{"id":"Q947549","name":"Vogtle Electric Generating Plant","stage":"reactor-power","class":"nuclear power plant","country":"United States","operator":"Southern Nuclear","first_operation":"1987-01-01","status":null,"closed":null,"capacity_mw":2430.0,"source":"Wikidata","source_url":"https://www.wikidata.org/wiki/Q947549","retrieved":"2026-09-22"}},{"type":"Feature","geometry":{"type":"Point","coordinates":[-123.47,46.9598]},"properties":{"id":"Q1739457","name":"WNP-3 and WNP-5","stage":"reactor-power","class":"nuclear power plant","country":"United States","operator":null,"first_operation":null,"status":"cancelled","closed":null,"capacity_mw":null,"source":"Wikidata","source_url":"https://www.wikidata.org/wiki/Q1739457","retrieved":"2026-09-22"}},{"type":"Feature","geometry":{"type":"Point","coordinates":[-90.4711,29.9953]},"properties":{"id":"Q1739494","name":"Waterford Nuclear Generating Station","stage":"reactor-power","class":"nuclear power plant","country":"United States","operator":"Entergy","first_operation":null,"status":"in use","closed":null,"capacity_mw":1199.8,"source":"Wikidata","source_url":"https://www.wikidata.org/wiki/Q1739494","retrieved":"2026-09-22"}},{"type":"Feature","geometry":{"type":"Point","coordinates":[-84.7894,35.6028]},"properties":{"id":"Q1739496","name":"Watts Bar Nuclear Generating Station","stage":"reactor-power","class":"nuclear power plant","country":"United States","operator":"Tennessee Valley Authority","first_operation":null,"status":null,"closed":null,"capacity_mw":2539.8,"source":"Wikidata","source_url":"https://www.wikidata.org/wiki/Q1739496","retrieved":"2026-09-22"}},{"type":"Feature","geometry":{"type":"Point","coordinates":[-81.5111,35.0333]},"properties":{"id":"Q3664606","name":"William States Lee III Nuclear Generating Station","stage":"reactor-power","class":"nuclear power plant","country":"United States","operator":null,"first_operation":null,"status":"cancelled","closed":null,"capacity_mw":null,"source":"Wikidata","source_url":"https://www.wikidata.org/wiki/Q3664606","retrieved":"2026-09-22"}},{"type":"Feature","geometry":{"type":"Point","coordinates":[-3.4975,54.4205]},"properties":{"id":"Q3664630","name":"Windscale Advanced Gas Cooled Reactor","stage":"reactor-power","class":"nuclear power plant","country":"United Kingdom","operator":null,"first_operation":null,"status":"decommissioned","closed":null,"capacity_mw":null,"source":"Wikidata","source_url":"https://www.wikidata.org/wiki/Q3664630","retrieved":"2026-09-22"}},{"type":"Feature","geometry":{"type":"Point","coordinates":[-2.26954,50.68406]},"properties":{"id":"Q828534","name":"Winfrith","stage":"reactor-power","class":"nuclear power plant","country":"United Kingdom","operator":"United Kingdom Atomic Energy Authority","first_operation":null,"status":"decommissioned","closed":null,"capacity_mw":null,"source":"Wikidata","source_url":"https://www.wikidata.org/wiki/Q828534","retrieved":"2026-09-22"}},{"type":"Feature","geometry":{"type":"Point","coordinates":[-95.6889,38.2389]},"properties":{"id":"Q163911","name":"Wolf Creek Generating Station","stage":"reactor-power","class":"nuclear power plant","country":"United States","operator":null,"first_operation":null,"status":null,"closed":null,"capacity_mw":1267.7,"source":"Wikidata","source_url":"https://www.wikidata.org/wiki/Q163911","retrieved":"2026-09-22"}},{"type":"Feature","geometry":{"type":"Point","coordinates":[129.475,35.71111]},"properties":{"id":"Q484896","name":"Wolseong Nuclear Power Plant","stage":"reactor-power","class":"nuclear power plant","country":"South Korea","operator":"Korea Hydro & Nuclear Power","first_operation":"1983-01-01","status":"in use","closed":null,"capacity_mw":3813.0,"source":"Wikidata","source_url":"https://www.wikidata.org/wiki/Q484896","retrieved":"2026-09-22"}},{"type":"Feature","geometry":{"type":"Point","coordinates":[7.6414,48.186]},"properties":{"id":"Q1739493","name":"Wyhl nuclear power station","stage":"reactor-power","class":"nuclear power plant","country":"Germany","operator":null,"first_operation":null,"status":"cancelled","closed":null,"capacity_mw":null,"source":"Wikidata","source_url":"https://www.wikidata.org/wiki/Q1739493","retrieved":"2026-09-22"}},{"type":"Feature","geometry":{"type":"Point","coordinates":[-4.48333,53.4167]},"properties":{"id":"Q1739500","name":"Wylfa Nuclear Power Station","stage":"reactor-power","class":"nuclear power plant","country":"United Kingdom","operator":"Magnox Ltd","first_operation":null,"status":"decommissioned","closed":null,"capacity_mw":1190.0,"source":"Wikidata","source_url":"https://www.wikidata.org/wiki/Q1739500","retrieved":"2026-09-22"}},{"type":"Feature","geometry":{"type":"Point","coordinates":[9.39139,51.6392]},"properties":{"id":"Q323216","name":"W\u00fcrgassen Nuclear Power Plant","stage":"reactor-power","class":"nuclear power plant","country":"Germany","operator":"E.ON","first_operation":null,"status":"decommissioned","closed":"2014-01-01","capacity_mw":null,"source":"Wikidata","source_url":"https://www.wikidata.org/wiki/Q323216","retrieved":"2026-09-22"}},{"type":"Feature","geometry":{"type":"Point","coordinates":[114.67,29.66]},"properties":{"id":"Q135639","name":"Xianning Nuclear Power Plant","stage":"reactor-power","class":"nuclear power plant","country":"People's Republic of China","operator":null,"first_operation":null,"status":"proposed building or structure","closed":null,"capacity_mw":null,"source":"Wikidata","source_url":"https://www.wikidata.org/wiki/Q135639","retrieved":"2026-09-22"}},{"type":"Feature","geometry":{"type":"Point","coordinates":[120.155,26.80361]},"properties":{"id":"Q28409026","name":"Xiapu Nuclear Power Plant","stage":"reactor-power","class":"nuclear power plant","country":"People's Republic of China","operator":null,"first_operation":null,"status":"building or structure under construction","closed":null,"capacity_mw":null,"source":"Wikidata","source_url":"https://www.wikidata.org/wiki/Q28409026","retrieved":"2026-09-22"}},{"type":"Feature","geometry":{"type":"Point","coordinates":[120.54654,40.35135]},"properties":{"id":"Q28223974","name":"Xudabao Nuclear Power Plant","stage":"reactor-power","class":"nuclear power plant","country":"People's Republic of China","operator":null,"first_operation":null,"status":"building or structure under construction","closed":null,"capacity_mw":null,"source":"Wikidata","source_url":"https://www.wikidata.org/wiki/Q28223974","retrieved":"2026-09-22"}},{"type":"Feature","geometry":{"type":"Point","coordinates":[119.50833,34.625]},"properties":{"id":"Q137485641","name":"Xuwei Nuclear Power Plant","stage":"reactor-power","class":"nuclear power plant","country":"People's Republic of China","operator":null,"first_operation":null,"status":"proposed building or structure","closed":null,"capacity_mw":null,"source":"Wikidata","source_url":"https://www.wikidata.org/wiki/Q137485641","retrieved":"2026-09-22"}},{"type":"Feature","geometry":{"type":"Point","coordinates":[112.261,21.7083]},"properties":{"id":"Q1029375","name":"Yangjiang Nuclear Power Station","stage":"reactor-power","class":"nuclear power plant","country":"People's Republic of China","operator":null,"first_operation":"2008-01-01","status":null,"closed":null,"capacity_mw":6000.0,"source":"Wikidata","source_url":"https://www.wikidata.org/wiki/Q1029375","retrieved":"2026-09-22"}},{"type":"Feature","geometry":{"type":"Point","coordinates":[-72.9291,42.7278]},"properties":{"id":"Q841463","name":"Yankee Rowe Nuclear Power Station","stage":"reactor-power","class":"nuclear power plant","country":"United States","operator":null,"first_operation":null,"status":"decommissioned","closed":"2007-01-01","capacity_mw":null,"source":"Wikidata","source_url":"https://www.wikidata.org/wiki/Q841463","retrieved":"2026-09-22"}},{"type":"Feature","geometry":{"type":"Point","coordinates":[34.59167,47.50833]},"properties":{"id":"Q909477","name":"Zaporizhzhia Nuclear Power Plant","stage":"reactor-power","class":"nuclear power plant","country":"Ukraine","operator":"Energoatom","first_operation":null,"status":"in partial operation","closed":null,"capacity_mw":5700.0,"source":"Wikidata","source_url":"https://www.wikidata.org/wiki/Q909477","retrieved":"2026-09-22"}},{"type":"Feature","geometry":{"type":"Point","coordinates":[117.49167,23.82917]},"properties":{"id":"Q30894419","name":"Zhangzhou Nuclear Power Plant","stage":"reactor-power","class":"nuclear power plant","country":"People's Republic of China","operator":"China National Nuclear Corporation","first_operation":null,"status":"building or structure under construction","closed":null,"capacity_mw":null,"source":"Wikidata","source_url":"https://www.wikidata.org/wiki/Q30894419","retrieved":"2026-09-22"}},{"type":"Feature","geometry":{"type":"Point","coordinates":[120.3453,37.4871]},"properties":{"id":"Q137196041","name":"Zhaoyuan Nuclear Power Plant","stage":"reactor-power","class":"nuclear power plant","country":"People's Republic of China","operator":null,"first_operation":null,"status":"proposed building or structure","closed":null,"capacity_mw":null,"source":"Wikidata","source_url":"https://www.wikidata.org/wiki/Q137196041","retrieved":"2026-09-22"}},{"type":"Feature","geometry":{"type":"Point","coordinates":[-87.803,42.4464]},"properties":{"id":"Q839256","name":"Zion Nuclear Power Station","stage":"reactor-power","class":"nuclear power plant","country":"United States","operator":"Exelon","first_operation":null,"status":"decommissioned","closed":null,"capacity_mw":null,"source":"Wikidata","source_url":"https://www.wikidata.org/wiki/Q839256","retrieved":"2026-09-22"}},{"type":"Feature","geometry":{"type":"Point","coordinates":[15.8847,48.3544]},"properties":{"id":"Q593463","name":"Zwentendorf Nuclear Power Plant","stage":"reactor-power","class":"nuclear power plant","country":"Austria","operator":null,"first_operation":null,"status":"cancelled","closed":null,"capacity_mw":700.0,"source":"Wikidata","source_url":"https://www.wikidata.org/wiki/Q593463","retrieved":"2026-09-22"}},{"type":"Feature","geometry":{"type":"Point","coordinates":[18.0825,59.20611]},"properties":{"id":"Q1739508","name":"\u00c5gesta Nuclear Plant","stage":"reactor-power","class":"nuclear power plant","country":"Sweden","operator":"Vattenfall","first_operation":"1963-01-01","status":"decommissioned","closed":"2025-12-10","capacity_mw":null,"source":"Wikidata","source_url":"https://www.wikidata.org/wiki/Q1739508","retrieved":"2026-09-22"}},{"type":"Feature","geometry":{"type":"Point","coordinates":[28.05,41.71667]},"properties":{"id":"Q110259610","name":"\u0130\u011fneada Nuclear Power Plant","stage":"reactor-power","class":"nuclear power plant","country":"Turkey","operator":null,"first_operation":null,"status":"proposed building or structure","closed":null,"capacity_mw":null,"source":"Wikidata","source_url":"https://www.wikidata.org/wiki/Q110259610","retrieved":"2026-09-22"}},{"type":"Feature","geometry":{"type":"Point","coordinates":[135.65194,35.54056]},"properties":{"id":"Q1633906","name":"\u014ci Nuclear Power Plant","stage":"reactor-power","class":"nuclear power plant","country":"Japan","operator":"Kansai Electric Power Company","first_operation":null,"status":"in use","closed":null,"capacity_mw":2254.0,"source":"Wikidata","source_url":"https://www.wikidata.org/wiki/Q1633906","retrieved":"2026-09-22"}},{"type":"Feature","geometry":{"type":"Point","coordinates":[140.91028,41.50972]},"properties":{"id":"Q935091","name":"\u014cma Nuclear Power Plant","stage":"reactor-power","class":"nuclear power plant","country":"Japan","operator":"Electric Power Development Company","first_operation":"2010-01-01","status":"building or structure under construction","closed":null,"capacity_mw":1383.0,"source":"Wikidata","source_url":"https://www.wikidata.org/wiki/Q935091","retrieved":"2026-09-22"}},{"type":"Feature","geometry":{"type":"Point","coordinates":[13.35097,38.10639]},"properties":{"id":"Q126285275","name":"AGN-201 Costanza","stage":"reactor-research","class":"research reactor","country":"Italy","operator":"University of Palermo","first_operation":null,"status":null,"closed":null,"capacity_mw":null,"source":"Wikidata","source_url":"https://www.wikidata.org/wiki/Q126285275","retrieved":"2026-09-22"}},{"type":"Feature","geometry":{"type":"Point","coordinates":[16.51584,47.9594]},"properties":{"id":"Q352410","name":"ASTRA","stage":"reactor-research","class":"research reactor","country":"Austria","operator":null,"first_operation":null,"status":null,"closed":null,"capacity_mw":null,"source":"Wikidata","source_url":"https://www.wikidata.org/wiki/Q352410","retrieved":"2026-09-22"}},{"type":"Feature","geometry":{"type":"Point","coordinates":[-112.964,43.5858]},"properties":{"id":"Q284035","name":"Advanced Test Reactor","stage":"reactor-research","class":"research reactor","country":"United States","operator":null,"first_operation":null,"status":null,"closed":null,"capacity_mw":null,"source":"Wikidata","source_url":"https://www.wikidata.org/wiki/Q284035","retrieved":"2026-09-22"}},{"type":"Feature","geometry":{"type":"Point","coordinates":[49.2407,34.3733]},"properties":{"id":"Q5973356","name":"Arak heavy water reactor","stage":"reactor-research","class":"research reactor","country":"Iran","operator":"Atomic Energy Organization of Iran","first_operation":null,"status":null,"closed":null,"capacity_mw":null,"source":"Wikidata","source_url":"https://www.wikidata.org/wiki/Q5973356","retrieved":"2026-09-22"}},{"type":"Feature","geometry":{"type":"Point","coordinates":[5.09565,51.21579]},"properties":{"id":"Q4781389","name":"BR2","stage":"reactor-research","class":"research reactor","country":"Belgium","operator":null,"first_operation":null,"status":null,"closed":null,"capacity_mw":null,"source":"Wikidata","source_url":"https://www.wikidata.org/wiki/Q4781389","retrieved":"2026-09-22"}},{"type":"Feature","geometry":{"type":"Point","coordinates":[3.11827,35.58188]},"properties":{"id":"Q865432","name":"Birine El Salam","stage":"reactor-research","class":"research reactor","country":"Algeria","operator":null,"first_operation":null,"status":null,"closed":null,"capacity_mw":null,"source":"Wikidata","source_url":"https://www.wikidata.org/wiki/Q865432","retrieved":"2026-09-22"}},{"type":"Feature","geometry":{"type":"Point","coordinates":[72.91861,19.00778]},"properties":{"id":"Q3085713","name":"CIRUS reactor","stage":"reactor-research","class":"research reactor","country":"India","operator":"Bhabha Atomic Research Centre","first_operation":null,"status":null,"closed":null,"capacity_mw":null,"source":"Wikidata","source_url":"https://www.wikidata.org/wiki/Q3085713","retrieved":"2026-09-22"}},{"type":"Feature","geometry":{"type":"Point","coordinates":[6.57036,46.52124]},"properties":{"id":"Q1024300","name":"CROCUS","stage":"reactor-research","class":"research reactor","country":"Switzerland","operator":null,"first_operation":null,"status":null,"closed":null,"capacity_mw":null,"source":"Wikidata","source_url":"https://www.wikidata.org/wiki/Q1024300","retrieved":"2026-09-22"}},{"type":"Feature","geometry":{"type":"Point","coordinates":[-87.91228,41.70211]},"properties":{"id":"Q5095738","name":"Chicago Pile 3","stage":"reactor-research","class":"research reactor","country":"United States","operator":null,"first_operation":null,"status":null,"closed":null,"capacity_mw":null,"source":"Wikidata","source_url":"https://www.wikidata.org/wiki/Q5095738","retrieved":"2026-09-22"}},{"type":"Feature","geometry":{"type":"Point","coordinates":[31.409,30.2931]},"properties":{"id":"Q18208218","name":"ETRR-2","stage":"reactor-research","class":"research reactor","country":"Egypt","operator":null,"first_operation":"1997-01-01","status":null,"closed":null,"capacity_mw":null,"source":"Wikidata","source_url":"https://www.wikidata.org/wiki/Q18208218","retrieved":"2026-09-22"}},{"type":"Feature","geometry":{"type":"Point","coordinates":[3.12155,35.5832]},"properties":{"id":"Q3454314","name":"Es-Salam nuclear reactor","stage":"reactor-research","class":"research reactor","country":"Algeria","operator":null,"first_operation":null,"status":null,"closed":null,"capacity_mw":null,"source":"Wikidata","source_url":"https://www.wikidata.org/wiki/Q3454314","retrieved":"2026-09-22"}},{"type":"Feature","geometry":{"type":"Point","coordinates":[21.34418,52.12295]},"properties":{"id":"Q1438102","name":"Ewa reactor","stage":"reactor-research","class":"research reactor","country":"Poland","operator":null,"first_operation":null,"status":null,"closed":null,"capacity_mw":null,"source":"Wikidata","source_url":"https://www.wikidata.org/wiki/Q1438102","retrieved":"2026-09-22"}},{"type":"Feature","geometry":{"type":"Point","coordinates":[37.47861,55.79611]},"properties":{"id":"Q4479886","name":"F-1","stage":"reactor-research","class":"research reactor","country":"Russia","operator":null,"first_operation":null,"status":null,"closed":null,"capacity_mw":null,"source":"Wikidata","source_url":"https://www.wikidata.org/wiki/Q4479886","retrieved":"2026-09-22"}},{"type":"Feature","geometry":{"type":"Point","coordinates":[80.16454,12.56235]},"properties":{"id":"Q5424659","name":"Fast Breeder Test Reactor","stage":"reactor-research","class":"research reactor","country":"India","operator":"Indira Gandhi Centre for Atomic Research","first_operation":null,"status":null,"closed":null,"capacity_mw":null,"source":"Wikidata","source_url":"https://www.wikidata.org/wiki/Q5424659","retrieved":"2026-09-22"}},{"type":"Feature","geometry":{"type":"Point","coordinates":[24.83095,60.1877]},"properties":{"id":"Q65083710","name":"FiR 1","stage":"reactor-research","class":"research reactor","country":"Finland","operator":null,"first_operation":null,"status":null,"closed":null,"capacity_mw":null,"source":"Wikidata","source_url":"https://www.wikidata.org/wiki/Q65083710","retrieved":"2026-09-22"}},{"type":"Feature","geometry":{"type":"Point","coordinates":[10.4639,52.2967]},"properties":{"id":"Q1438010","name":"Forschungs- und Messreaktor Braunschweig","stage":"reactor-research","class":"research reactor","country":"Germany","operator":null,"first_operation":null,"status":null,"closed":null,"capacity_mw":null,"source":"Wikidata","source_url":"https://www.wikidata.org/wiki/Q1438010","retrieved":"2026-09-22"}},{"type":"Feature","geometry":{"type":"Point","coordinates":[8.42944,49.0914]},"properties":{"id":"Q1438093","name":"Forschungsreaktor 2","stage":"reactor-research","class":"research reactor","country":"Germany","operator":"Karlsruhe Research Center","first_operation":null,"status":null,"closed":null,"capacity_mw":null,"source":"Wikidata","source_url":"https://www.wikidata.org/wiki/Q1438093","retrieved":"2026-09-22"}},{"type":"Feature","geometry":{"type":"Point","coordinates":[9.80472,52.3839]},"properties":{"id":"Q1425223","name":"Forschungsreaktor Hannover","stage":"reactor-research","class":"research reactor","country":"Germany","operator":null,"first_operation":null,"status":null,"closed":null,"capacity_mw":null,"source":"Wikidata","source_url":"https://www.wikidata.org/wiki/Q1425223","retrieved":"2026-09-22"}},{"type":"Feature","geometry":{"type":"Point","coordinates":[11.6742,48.2658]},"properties":{"id":"Q778208","name":"Forschungsreaktor M\u00fcnchen","stage":"reactor-research","class":"research reactor","country":"Germany","operator":"Technical University of Munich","first_operation":null,"status":null,"closed":null,"capacity_mw":4.0,"source":"Wikidata","source_url":"https://www.wikidata.org/wiki/Q778208","retrieved":"2026-09-22"}},{"type":"Feature","geometry":{"type":"Point","coordinates":[11.6758,48.2658]},"properties":{"id":"Q368333","name":"Forschungsreaktor M\u00fcnchen II","stage":"reactor-research","class":"research reactor","country":"Germany","operator":"Technical University of Munich","first_operation":null,"status":null,"closed":null,"capacity_mw":18.0,"source":"Wikidata","source_url":"https://www.wikidata.org/wiki/Q368333","retrieved":"2026-09-22"}},{"type":"Feature","geometry":{"type":"Point","coordinates":[10.4264,53.4044]},"properties":{"id":"Q1438100","name":"Geesthacht research reactor","stage":"reactor-research","class":"research reactor","country":"Germany","operator":null,"first_operation":null,"status":null,"closed":null,"capacity_mw":null,"source":"Wikidata","source_url":"https://www.wikidata.org/wiki/Q1438100","retrieved":"2026-09-22"}},{"type":"Feature","geometry":{"type":"Point","coordinates":[-0.2,5.55]},"properties":{"id":"Q52161703","name":"Ghana Research Reactor-1","stage":"reactor-research","class":"research reactor","country":"Ghana","operator":"Ghana Atomic Energy Commission","first_operation":"1994-01-01","status":null,"closed":null,"capacity_mw":null,"source":"Wikidata","source_url":"https://www.wikidata.org/wiki/Q52161703","retrieved":"2026-09-22"}},{"type":"Feature","geometry":{"type":"Point","coordinates":[140.54744,36.26633]},"properties":{"id":"Q5636149","name":"HTTR","stage":"reactor-research","class":"research reactor","country":"Japan","operator":null,"first_operation":null,"status":null,"closed":null,"capacity_mw":null,"source":"Wikidata","source_url":"https://www.wikidata.org/wiki/Q5636149","retrieved":"2026-09-22"}},{"type":"Feature","geometry":{"type":"Point","coordinates":[8.80424,48.36717]},"properties":{"id":"Q1438104","name":"Haigerloch research reactor","stage":"reactor-research","class":"research reactor","country":"Germany","operator":null,"first_operation":null,"status":null,"closed":null,"capacity_mw":null,"source":"Wikidata","source_url":"https://www.wikidata.org/wiki/Q1438104","retrieved":"2026-09-22"}},{"type":"Feature","geometry":{"type":"Point","coordinates":[-84.304,35.9181]},"properties":{"id":"Q5755487","name":"High Flux Isotope Reactor","stage":"reactor-research","class":"research reactor","country":"United States","operator":null,"first_operation":null,"status":null,"closed":null,"capacity_mw":null,"source":"Wikidata","source_url":"https://www.wikidata.org/wiki/Q5755487","retrieved":"2026-09-22"}},{"type":"Feature","geometry":{"type":"Point","coordinates":[4.38176,51.99102]},"properties":{"id":"Q2450052","name":"Hoger Onderwijs Reactor","stage":"reactor-research","class":"research reactor","country":"Netherlands","operator":null,"first_operation":"1963-01-01","status":null,"closed":null,"capacity_mw":2.0,"source":"Wikidata","source_url":"https://www.wikidata.org/wiki/Q2450052","retrieved":"2026-09-22"}},{"type":"Feature","geometry":{"type":"Point","coordinates":[140.60634,36.45846]},"properties":{"id":"Q1683189","name":"Japan Power Demonstration Reactor","stage":"reactor-research","class":"research reactor","country":"Japan","operator":null,"first_operation":null,"status":null,"closed":null,"capacity_mw":null,"source":"Wikidata","source_url":"https://www.wikidata.org/wiki/Q1683189","retrieved":"2026-09-22"}},{"type":"Feature","geometry":{"type":"Point","coordinates":[35.97283,32.46283]},"properties":{"id":"Q22948669","name":"Jordan Research and Training Reactor","stage":"reactor-research","class":"research reactor","country":"Jordan","operator":null,"first_operation":"2016-12-07","status":null,"closed":null,"capacity_mw":null,"source":"Wikidata","source_url":"https://www.wikidata.org/wiki/Q22948669","retrieved":"2026-09-22"}},{"type":"Feature","geometry":{"type":"Point","coordinates":[5.76851,43.6778]},"properties":{"id":"Q6305890","name":"Jules Horowitz Reactor","stage":"reactor-research","class":"research reactor","country":"France","operator":null,"first_operation":"2007-01-01","status":null,"closed":null,"capacity_mw":null,"source":"Wikidata","source_url":"https://www.wikidata.org/wiki/Q6305890","retrieved":"2026-09-22"}},{"type":"Feature","geometry":{"type":"Point","coordinates":[80.175,12.55833]},"properties":{"id":"Q3533376","name":"KAMINI","stage":"reactor-research","class":"research reactor","country":"India","operator":null,"first_operation":null,"status":null,"closed":null,"capacity_mw":null,"source":"Wikidata","source_url":"https://www.wikidata.org/wiki/Q3533376","retrieved":"2026-09-22"}},{"type":"Feature","geometry":{"type":"Point","coordinates":[36.25153,50.09068]},"properties":{"id":"Q111846674","name":"Kharkiv Institute of Physics and Technology Neutron Source","stage":"reactor-research","class":"research reactor","country":"Ukraine","operator":"Kharkiv Institute of Physics and Technology","first_operation":null,"status":null,"closed":null,"capacity_mw":null,"source":"Wikidata","source_url":"https://www.wikidata.org/wiki/Q111846674","retrieved":"2026-09-22"}},{"type":"Feature","geometry":{"type":"Point","coordinates":[9.14306,45.19667]},"properties":{"id":"Q97276462","name":"LENA nuclear reactor","stage":"reactor-research","class":"research reactor","country":"Italy","operator":"University of Pavia","first_operation":null,"status":null,"closed":null,"capacity_mw":null,"source":"Wikidata","source_url":"https://www.wikidata.org/wiki/Q97276462","retrieved":"2026-09-22"}},{"type":"Feature","geometry":{"type":"Point","coordinates":[-1.1461,51.38]},"properties":{"id":"Q6715421","name":"MERLIN reactor","stage":"reactor-research","class":"research reactor","country":"United Kingdom","operator":null,"first_operation":null,"status":null,"closed":null,"capacity_mw":null,"source":"Wikidata","source_url":"https://www.wikidata.org/wiki/Q6715421","retrieved":"2026-09-22"}},{"type":"Feature","geometry":{"type":"Point","coordinates":[-71.09639,42.36028]},"properties":{"id":"Q6716310","name":"MIT Nuclear Research Reactor","stage":"reactor-research","class":"research reactor","country":"United States","operator":null,"first_operation":null,"status":null,"closed":null,"capacity_mw":6000.0,"source":"Wikidata","source_url":"https://www.wikidata.org/wiki/Q6716310","retrieved":"2026-09-22"}},{"type":"Feature","geometry":{"type":"Point","coordinates":[21.34418,52.12295]},"properties":{"id":"Q1438119","name":"Maria reactor","stage":"reactor-research","class":"research reactor","country":"Poland","operator":null,"first_operation":null,"status":null,"closed":null,"capacity_mw":null,"source":"Wikidata","source_url":"https://www.wikidata.org/wiki/Q1438119","retrieved":"2026-09-22"}},{"type":"Feature","geometry":{"type":"Point","coordinates":[5.76917,43.6756]},"properties":{"id":"Q16040244","name":"Masurca","stage":"reactor-research","class":"research reactor","country":"France","operator":null,"first_operation":null,"status":null,"closed":null,"capacity_mw":5.0,"source":"Wikidata","source_url":"https://www.wikidata.org/wiki/Q16040244","retrieved":"2026-09-22"}},{"type":"Feature","geometry":{"type":"Point","coordinates":[5.76335,43.6836]},"properties":{"id":"Q16040246","name":"Minerve","stage":"reactor-research","class":"research reactor","country":"France","operator":null,"first_operation":null,"status":"nuclear decommissioning","closed":null,"capacity_mw":null,"source":"Wikidata","source_url":"https://www.wikidata.org/wiki/Q16040246","retrieved":"2026-09-22"}},{"type":"Feature","geometry":{"type":"Point","coordinates":[5.70188,45.19862]},"properties":{"id":"Q15968505","name":"M\u00e9lusine","stage":"reactor-research","class":"research reactor","country":"France","operator":null,"first_operation":null,"status":null,"closed":null,"capacity_mw":null,"source":"Wikidata","source_url":"https://www.wikidata.org/wiki/Q15968505","retrieved":"2026-09-22"}},{"type":"Feature","geometry":{"type":"Point","coordinates":[-77.36361,46.05167]},"properties":{"id":"Q1724378","name":"NRX","stage":"reactor-research","class":"research reactor","country":"Canada","operator":null,"first_operation":null,"status":null,"closed":null,"capacity_mw":null,"source":"Wikidata","source_url":"https://www.wikidata.org/wiki/Q1724378","retrieved":"2026-09-22"}},{"type":"Feature","geometry":{"type":"Point","coordinates":[3.00559,36.72608]},"properties":{"id":"Q3421929","name":"NUR Reactor","stage":"reactor-research","class":"research reactor","country":"Algeria","operator":null,"first_operation":"1987-01-01","status":null,"closed":null,"capacity_mw":null,"source":"Wikidata","source_url":"https://www.wikidata.org/wiki/Q3421929","retrieved":"2026-09-22"}},{"type":"Feature","geometry":{"type":"Point","coordinates":[-77.3645,46.0543]},"properties":{"id":"Q5695490","name":"National Research Universal reactor","stage":"reactor-research","class":"research reactor","country":"Canada","operator":null,"first_operation":null,"status":null,"closed":null,"capacity_mw":null,"source":"Wikidata","source_url":"https://www.wikidata.org/wiki/Q5695490","retrieved":"2026-09-22"}},{"type":"Feature","geometry":{"type":"Point","coordinates":[13.1283,52.4097]},"properties":{"id":"Q821507","name":"Neutron source BER II","stage":"reactor-research","class":"research reactor","country":"Germany","operator":null,"first_operation":null,"status":null,"closed":null,"capacity_mw":10.0,"source":"Wikidata","source_url":"https://www.wikidata.org/wiki/Q821507","retrieved":"2026-09-22"}},{"type":"Feature","geometry":{"type":"Point","coordinates":[7.6546,11.1512]},"properties":{"id":"Q116769321","name":"Nigeria research reactor-1","stage":"reactor-research","class":"research reactor","country":"Nigeria","operator":null,"first_operation":null,"status":null,"closed":null,"capacity_mw":null,"source":"Wikidata","source_url":"https://www.wikidata.org/wiki/Q116769321","retrieved":"2026-09-22"}},{"type":"Feature","geometry":{"type":"Point","coordinates":[150.9788,-34.05134]},"properties":{"id":"Q989491","name":"Open-pool Australian lightwater reactor","stage":"reactor-research","class":"research reactor","country":"Australia","operator":null,"first_operation":"2007-01-01","status":null,"closed":null,"capacity_mw":null,"source":"Wikidata","source_url":"https://www.wikidata.org/wiki/Q989491","retrieved":"2026-09-22"}},{"type":"Feature","geometry":{"type":"Point","coordinates":[2.15366,48.729]},"properties":{"id":"Q3357241","name":"Osiris","stage":"reactor-research","class":"research reactor","country":"France","operator":null,"first_operation":null,"status":null,"closed":null,"capacity_mw":null,"source":"Wikidata","source_url":"https://www.wikidata.org/wiki/Q3357241","retrieved":"2026-09-22"}},{"type":"Feature","geometry":{"type":"Point","coordinates":[73.25833,33.65361]},"properties":{"id":"Q7125528","name":"Pakistan Atomic Research Reactor","stage":"reactor-research","class":"research reactor","country":"Pakistan","operator":null,"first_operation":null,"status":null,"closed":null,"capacity_mw":null,"source":"Wikidata","source_url":"https://www.wikidata.org/wiki/Q7125528","retrieved":"2026-09-22"}},{"type":"Feature","geometry":{"type":"Point","coordinates":[121.05583,14.66028]},"properties":{"id":"Q25058143","name":"Philippine Research Reactor-1","stage":"reactor-research","class":"research reactor","country":"Philippines","operator":null,"first_operation":"1963-01-01","status":null,"closed":null,"capacity_mw":null,"source":"Wikidata","source_url":"https://www.wikidata.org/wiki/Q25058143","retrieved":"2026-09-22"}},{"type":"Feature","geometry":{"type":"Point","coordinates":[-82.68354,41.38674]},"properties":{"id":"Q104889685","name":"Plum Brook Mock-Up Reactor","stage":"reactor-research","class":"research reactor","country":"United States","operator":"National Aeronautics and Space Administration","first_operation":null,"status":"permanently closed","closed":"2004-01-01","capacity_mw":100.0,"source":"Wikidata","source_url":"https://www.wikidata.org/wiki/Q104889685","retrieved":"2026-09-22"}},{"type":"Feature","geometry":{"type":"Point","coordinates":[-82.68375,41.38691]},"properties":{"id":"Q21028294","name":"Plum Brook Reactor","stage":"reactor-research","class":"research reactor","country":"United States","operator":"National Aeronautics and Space Administration","first_operation":null,"status":"permanently closed","closed":"2012-01-01","capacity_mw":60.0,"source":"Wikidata","source_url":"https://www.wikidata.org/wiki/Q21028294","retrieved":"2026-09-22"}},{"type":"Feature","geometry":{"type":"Point","coordinates":[16.41297,48.19679]},"properties":{"id":"Q124691926","name":"Praterreaktor","stage":"reactor-research","class":"research reactor","country":"Austria","operator":"Atominstitute","first_operation":null,"status":"in use","closed":null,"capacity_mw":250.0,"source":"Wikidata","source_url":"https://www.wikidata.org/wiki/Q124691926","retrieved":"2026-09-22"}},{"type":"Feature","geometry":{"type":"Point","coordinates":[5.75861,43.69939]},"properties":{"id":"Q16040258","name":"Prototype \u00e0 terre","stage":"reactor-research","class":"research reactor","country":"France","operator":"Direction des Applications Militaires","first_operation":"1960-01-01","status":"nuclear decommissioning","closed":null,"capacity_mw":100.0,"source":"Wikidata","source_url":"https://www.wikidata.org/wiki/Q16040258","retrieved":"2026-09-22"}},{"type":"Feature","geometry":{"type":"Point","coordinates":[-86.91139,40.42833]},"properties":{"id":"Q7261000","name":"Purdue University Reactor Number One","stage":"reactor-research","class":"research reactor","country":"United States","operator":null,"first_operation":null,"status":null,"closed":null,"capacity_mw":null,"source":"Wikidata","source_url":"https://www.wikidata.org/wiki/Q7261000","retrieved":"2026-09-22"}},{"type":"Feature","geometry":{"type":"Point","coordinates":[23.38872,42.65285]},"properties":{"id":"Q12299625","name":"Q12299625","stage":"reactor-research","class":"research reactor","country":"Bulgaria","operator":null,"first_operation":null,"status":null,"closed":null,"capacity_mw":null,"source":"Wikidata","source_url":"https://www.wikidata.org/wiki/Q12299625","retrieved":"2026-09-22"}},{"type":"Feature","geometry":{"type":"Point","coordinates":[61.31667,56.85]},"properties":{"id":"Q1236693","name":"Q1236693","stage":"reactor-research","class":"research reactor","country":"Russia","operator":null,"first_operation":null,"status":null,"closed":null,"capacity_mw":null,"source":"Wikidata","source_url":"https://www.wikidata.org/wiki/Q1236693","retrieved":"2026-09-22"}},{"type":"Feature","geometry":{"type":"Point","coordinates":[6.41724,50.9043]},"properties":{"id":"Q1438109","name":"Q1438109","stage":"reactor-research","class":"research reactor","country":"Germany","operator":null,"first_operation":null,"status":null,"closed":null,"capacity_mw":null,"source":"Wikidata","source_url":"https://www.wikidata.org/wiki/Q1438109","retrieved":"2026-09-22"}},{"type":"Feature","geometry":{"type":"Point","coordinates":[8.23732,49.9924]},"properties":{"id":"Q1438112","name":"Q1438112","stage":"reactor-research","class":"research reactor","country":"Germany","operator":null,"first_operation":null,"status":null,"closed":null,"capacity_mw":null,"source":"Wikidata","source_url":"https://www.wikidata.org/wiki/Q1438112","retrieved":"2026-09-22"}},{"type":"Feature","geometry":{"type":"Point","coordinates":[11.5923,48.2239]},"properties":{"id":"Q1438115","name":"Q1438115","stage":"reactor-research","class":"research reactor","country":"Germany","operator":null,"first_operation":null,"status":null,"closed":null,"capacity_mw":null,"source":"Wikidata","source_url":"https://www.wikidata.org/wiki/Q1438115","retrieved":"2026-09-22"}},{"type":"Feature","geometry":{"type":"Point","coordinates":[5.78093,43.6733]},"properties":{"id":"Q1438120","name":"Q1438120","stage":"reactor-research","class":"research reactor","country":"France","operator":null,"first_operation":null,"status":null,"closed":null,"capacity_mw":null,"source":"Wikidata","source_url":"https://www.wikidata.org/wiki/Q1438120","retrieved":"2026-09-22"}},{"type":"Feature","geometry":{"type":"Point","coordinates":[5.70145,45.19841]},"properties":{"id":"Q15968445","name":"Q15968445","stage":"reactor-research","class":"research reactor","country":"France","operator":null,"first_operation":null,"status":null,"closed":null,"capacity_mw":null,"source":"Wikidata","source_url":"https://www.wikidata.org/wiki/Q15968445","retrieved":"2026-09-22"}},{"type":"Feature","geometry":{"type":"Point","coordinates":[2.14876,48.7247]},"properties":{"id":"Q16040210","name":"Q16040210","stage":"reactor-research","class":"research reactor","country":"France","operator":null,"first_operation":null,"status":null,"closed":null,"capacity_mw":null,"source":"Wikidata","source_url":"https://www.wikidata.org/wiki/Q16040210","retrieved":"2026-09-22"}},{"type":"Feature","geometry":{"type":"Point","coordinates":[5.78411,43.6724]},"properties":{"id":"Q16040219","name":"Q16040219","stage":"reactor-research","class":"research reactor","country":"France","operator":null,"first_operation":null,"status":null,"closed":null,"capacity_mw":null,"source":"Wikidata","source_url":"https://www.wikidata.org/wiki/Q16040219","retrieved":"2026-09-22"}},{"type":"Feature","geometry":{"type":"Point","coordinates":[2.14876,48.7247]},"properties":{"id":"Q16040230","name":"Q16040230","stage":"reactor-research","class":"research reactor","country":"France","operator":null,"first_operation":null,"status":"decommissioned","closed":null,"capacity_mw":null,"source":"Wikidata","source_url":"https://www.wikidata.org/wiki/Q16040230","retrieved":"2026-09-22"}},{"type":"Feature","geometry":{"type":"Point","coordinates":[5.76335,43.6836]},"properties":{"id":"Q16040238","name":"Q16040238","stage":"reactor-research","class":"research reactor","country":"France","operator":null,"first_operation":null,"status":"nuclear decommissioning","closed":null,"capacity_mw":null,"source":"Wikidata","source_url":"https://www.wikidata.org/wiki/Q16040238","retrieved":"2026-09-22"}},{"type":"Feature","geometry":{"type":"Point","coordinates":[5.7731,43.67392]},"properties":{"id":"Q16040240","name":"Q16040240","stage":"reactor-research","class":"research reactor","country":"France","operator":null,"first_operation":"1965-01-01","status":null,"closed":"2007-10-05","capacity_mw":1000.0,"source":"Wikidata","source_url":"https://www.wikidata.org/wiki/Q16040240","retrieved":"2026-09-22"}},{"type":"Feature","geometry":{"type":"Point","coordinates":[2.15374,48.7279]},"properties":{"id":"Q16040248","name":"Q16040248","stage":"reactor-research","class":"research reactor","country":"France","operator":null,"first_operation":null,"status":null,"closed":null,"capacity_mw":null,"source":"Wikidata","source_url":"https://www.wikidata.org/wiki/Q16040248","retrieved":"2026-09-22"}},{"type":"Feature","geometry":{"type":"Point","coordinates":[2.14876,48.7247]},"properties":{"id":"Q16040255","name":"Q16040255","stage":"reactor-research","class":"research reactor","country":"France","operator":null,"first_operation":null,"status":null,"closed":null,"capacity_mw":null,"source":"Wikidata","source_url":"https://www.wikidata.org/wiki/Q16040255","retrieved":"2026-09-22"}},{"type":"Feature","geometry":{"type":"Point","coordinates":[5.75778,43.70233]},"properties":{"id":"Q16040268","name":"Q16040268","stage":"reactor-research","class":"research reactor","country":"France","operator":"TechnicAtome","first_operation":"2004-02-01","status":null,"closed":null,"capacity_mw":null,"source":"Wikidata","source_url":"https://www.wikidata.org/wiki/Q16040268","retrieved":"2026-09-22"}},{"type":"Feature","geometry":{"type":"Point","coordinates":[8.42944,49.0914]},"properties":{"id":"Q1789189","name":"Q1789189","stage":"reactor-research","class":"research reactor","country":"Germany","operator":null,"first_operation":null,"status":null,"closed":null,"capacity_mw":null,"source":"Wikidata","source_url":"https://www.wikidata.org/wiki/Q1789189","retrieved":"2026-09-22"}},{"type":"Feature","geometry":{"type":"Point","coordinates":[13.3101,52.0917]},"properties":{"id":"Q19964054","name":"Q19964054","stage":"reactor-research","class":"research reactor","country":"Germany","operator":null,"first_operation":null,"status":null,"closed":null,"capacity_mw":null,"source":"Wikidata","source_url":"https://www.wikidata.org/wiki/Q19964054","retrieved":"2026-09-22"}},{"type":"Feature","geometry":{"type":"Point","coordinates":[14.8017,50.8839]},"properties":{"id":"Q206580","name":"Q206580","stage":"reactor-research","class":"research reactor","country":"Germany","operator":null,"first_operation":null,"status":null,"closed":null,"capacity_mw":null,"source":"Wikidata","source_url":"https://www.wikidata.org/wiki/Q206580","retrieved":"2026-09-22"}},{"type":"Feature","geometry":{"type":"Point","coordinates":[8.42944,49.0914]},"properties":{"id":"Q2247630","name":"Q2247630","stage":"reactor-research","class":"research reactor","country":"Germany","operator":null,"first_operation":null,"status":null,"closed":null,"capacity_mw":null,"source":"Wikidata","source_url":"https://www.wikidata.org/wiki/Q2247630","retrieved":"2026-09-22"}},{"type":"Feature","geometry":{"type":"Point","coordinates":[5.08577,51.21725]},"properties":{"id":"Q2305250","name":"Q2305250","stage":"reactor-research","class":"research reactor","country":"Belgium","operator":null,"first_operation":null,"status":null,"closed":null,"capacity_mw":null,"source":"Wikidata","source_url":"https://www.wikidata.org/wiki/Q2305250","retrieved":"2026-09-22"}},{"type":"Feature","geometry":{"type":"Point","coordinates":[5.10208,51.21932]},"properties":{"id":"Q2446114","name":"Q2446114","stage":"reactor-research","class":"research reactor","country":"Belgium","operator":null,"first_operation":null,"status":null,"closed":null,"capacity_mw":null,"source":"Wikidata","source_url":"https://www.wikidata.org/wiki/Q2446114","retrieved":"2026-09-22"}},{"type":"Feature","geometry":{"type":"Point","coordinates":[5.75861,43.69939]},"properties":{"id":"Q30737822","name":"Q30737822","stage":"reactor-research","class":"research reactor","country":"France","operator":"Direction des Applications Militaires","first_operation":"1970-01-01","status":null,"closed":null,"capacity_mw":null,"source":"Wikidata","source_url":"https://www.wikidata.org/wiki/Q30737822","retrieved":"2026-09-22"}},{"type":"Feature","geometry":{"type":"Point","coordinates":[5.76112,43.6884]},"properties":{"id":"Q3411701","name":"Q3411701","stage":"reactor-research","class":"research reactor","country":"France","operator":null,"first_operation":null,"status":null,"closed":null,"capacity_mw":null,"source":"Wikidata","source_url":"https://www.wikidata.org/wiki/Q3411701","retrieved":"2026-09-22"}},{"type":"Feature","geometry":{"type":"Point","coordinates":[5.72043,51.99343]},"properties":{"id":"Q3466167","name":"Q3466167","stage":"reactor-research","class":"research reactor","country":"Netherlands","operator":null,"first_operation":null,"status":null,"closed":null,"capacity_mw":null,"source":"Wikidata","source_url":"https://www.wikidata.org/wiki/Q3466167","retrieved":"2026-09-22"}},{"type":"Feature","geometry":{"type":"Point","coordinates":[5.70243,45.19789]},"properties":{"id":"Q3483933","name":"Q3483933","stage":"reactor-research","class":"research reactor","country":"France","operator":null,"first_operation":null,"status":null,"closed":null,"capacity_mw":null,"source":"Wikidata","source_url":"https://www.wikidata.org/wiki/Q3483933","retrieved":"2026-09-22"}},{"type":"Feature","geometry":{"type":"Point","coordinates":[10.4264,53.4044]},"properties":{"id":"Q557701","name":"Q557701","stage":"reactor-research","class":"research reactor","country":"Germany","operator":null,"first_operation":null,"status":null,"closed":null,"capacity_mw":null,"source":"Wikidata","source_url":"https://www.wikidata.org/wiki/Q557701","retrieved":"2026-09-22"}},{"type":"Feature","geometry":{"type":"Point","coordinates":[18.06806,59.35]},"properties":{"id":"Q1796231","name":"R1","stage":"reactor-research","class":"research reactor","country":"Sweden","operator":null,"first_operation":"1954-07-13","status":null,"closed":"1970-06-06","capacity_mw":null,"source":"Wikidata","source_url":"https://www.wikidata.org/wiki/Q1796231","retrieved":"2026-09-22"}},{"type":"Feature","geometry":{"type":"Point","coordinates":[88.24482,69.30327]},"properties":{"id":"Q16656344","name":"RG-1M","stage":"reactor-research","class":"research reactor","country":"Russia","operator":null,"first_operation":null,"status":null,"closed":"1999-01-01","capacity_mw":null,"source":"Wikidata","source_url":"https://www.wikidata.org/wiki/Q16656344","retrieved":"2026-09-22"}},{"type":"Feature","geometry":{"type":"Point","coordinates":[-66.98417,10.3975]},"properties":{"id":"Q17628272","name":"RV-1 nuclear reactor","stage":"reactor-research","class":"research reactor","country":"Venezuela","operator":null,"first_operation":null,"status":null,"closed":null,"capacity_mw":5.0,"source":"Wikidata","source_url":"https://www.wikidata.org/wiki/Q17628272","retrieved":"2026-09-22"}},{"type":"Feature","geometry":{"type":"Point","coordinates":[5.77266,43.67659]},"properties":{"id":"Q999450","name":"Rapsodie","stage":"reactor-research","class":"research reactor","country":"France","operator":null,"first_operation":null,"status":null,"closed":null,"capacity_mw":40.0,"source":"Wikidata","source_url":"https://www.wikidata.org/wiki/Q999450","retrieved":"2026-09-22"}},{"type":"Feature","geometry":{"type":"Point","coordinates":[13.9549,51.0584]},"properties":{"id":"Q1433750","name":"Rossendorf research reactor","stage":"reactor-research","class":"research reactor","country":"Germany","operator":null,"first_operation":null,"status":null,"closed":null,"capacity_mw":null,"source":"Wikidata","source_url":"https://www.wikidata.org/wiki/Q1433750","retrieved":"2026-09-22"}},{"type":"Feature","geometry":{"type":"Point","coordinates":[27.95,-25.8]},"properties":{"id":"Q7388510","name":"SAFARI-1","stage":"reactor-research","class":"research reactor","country":"South Africa","operator":"South African Nuclear Energy Corporation","first_operation":null,"status":null,"closed":null,"capacity_mw":null,"source":"Wikidata","source_url":"https://www.wikidata.org/wiki/Q7388510","retrieved":"2026-09-22"}},{"type":"Feature","geometry":{"type":"Point","coordinates":[51.38814,35.73839]},"properties":{"id":"Q5916559","name":"Tehran Research Reactor","stage":"reactor-research","class":"research reactor","country":"Iran","operator":"Atomic Energy Organization of Iran","first_operation":null,"status":null,"closed":null,"capacity_mw":null,"source":"Wikidata","source_url":"https://www.wikidata.org/wiki/Q5916559","retrieved":"2026-09-22"}},{"type":"Feature","geometry":{"type":"Point","coordinates":[-112.75998,43.68647]},"properties":{"id":"Q25247641","name":"Transient Reactor Test Facility","stage":"reactor-research","class":"research reactor","country":"United States","operator":null,"first_operation":null,"status":null,"closed":null,"capacity_mw":null,"source":"Wikidata","source_url":"https://www.wikidata.org/wiki/Q25247641","retrieved":"2026-09-22"}},{"type":"Feature","geometry":{"type":"Point","coordinates":[-71.325,42.6547]},"properties":{"id":"Q2075888","name":"University of Massachusetts Lowell Radiation Laboratory","stage":"reactor-research","class":"research reactor","country":"United States","operator":"University of Massachusetts Lowell","first_operation":null,"status":null,"closed":null,"capacity_mw":null,"source":"Wikidata","source_url":"https://www.wikidata.org/wiki/Q2075888","retrieved":"2026-09-22"}},{"type":"Feature","geometry":{"type":"Point","coordinates":[-92.3419,38.9317]},"properties":{"id":"Q7895838","name":"University of Missouri Research Reactor Center","stage":"reactor-research","class":"research reactor","country":"United States","operator":null,"first_operation":null,"status":null,"closed":null,"capacity_mw":null,"source":"Wikidata","source_url":"https://www.wikidata.org/wiki/Q7895838","retrieved":"2026-09-22"}},{"type":"Feature","geometry":{"type":"Point","coordinates":[-3.75777,58.57623]},"properties":{"id":"Q123468516","name":"Vulcan Naval Reactor Test Establishment","stage":"reactor-research","class":"research reactor","country":"United Kingdom","operator":null,"first_operation":null,"status":null,"closed":null,"capacity_mw":null,"source":"Wikidata","source_url":"https://www.wikidata.org/wiki/Q123468516","retrieved":"2026-09-22"}},{"type":"Feature","geometry":{"type":"Point","coordinates":[-112.65456,43.59344]},"properties":{"id":"Q8069544","name":"Zero Power Physics Reactor","stage":"reactor-research","class":"research reactor","country":"United States","operator":null,"first_operation":null,"status":null,"closed":null,"capacity_mw":null,"source":"Wikidata","source_url":"https://www.wikidata.org/wiki/Q8069544","retrieved":"2026-09-22"}},{"type":"Feature","geometry":{"type":"Point","coordinates":[13.7269,51.0286]},"properties":{"id":"Q778029","name":"research reactor AKR-2","stage":"reactor-research","class":"research reactor","country":"Germany","operator":null,"first_operation":null,"status":null,"closed":null,"capacity_mw":null,"source":"Wikidata","source_url":"https://www.wikidata.org/wiki/Q778029","retrieved":"2026-09-22"}},{"type":"Feature","geometry":{"type":"Point","coordinates":[12.22778,49.32222]},"properties":{"id":"Q140404900","name":"Buildings of the Wackersdorf reprocessing plant","stage":"reprocessing","class":"nuclear reprocessing site","country":"Germany","operator":"German Company for the Reprocessing of Nuclear Fuel","first_operation":"1985-01-01","status":null,"closed":null,"capacity_mw":null,"source":"Wikidata","source_url":"https://www.wikidata.org/wiki/Q140404900","retrieved":"2026-09-22"}},{"type":"Feature","geometry":{"type":"Point","coordinates":[-3.5017,54.4155]},"properties":{"id":"Q4834373","name":"Magnox Reprocessing Plant","stage":"reprocessing","class":"nuclear reprocessing site","country":"United Kingdom","operator":null,"first_operation":null,"status":null,"closed":null,"capacity_mw":null,"source":"Wikidata","source_url":"https://www.wikidata.org/wiki/Q4834373","retrieved":"2026-09-22"}},{"type":"Feature","geometry":{"type":"Point","coordinates":[12.22838,49.32254]},"properties":{"id":"Q140265723","name":"Module Test Stand Building (WAA Wackersdorf)","stage":"reprocessing","class":"nuclear reprocessing site","country":"Germany","operator":null,"first_operation":"1985-01-01","status":null,"closed":null,"capacity_mw":null,"source":"Wikidata","source_url":"https://www.wikidata.org/wiki/Q140265723","retrieved":"2026-09-22"}},{"type":"Feature","geometry":{"type":"Point","coordinates":[12.22778,49.32194]},"properties":{"id":"Q140563793","name":"Q140563793","stage":"reprocessing","class":"nuclear reprocessing site","country":"Germany","operator":"German Company for the Reprocessing of Nuclear Fuel","first_operation":"1985-01-01","status":null,"closed":null,"capacity_mw":null,"source":"Wikidata","source_url":"https://www.wikidata.org/wiki/Q140563793","retrieved":"2026-09-22"}},{"type":"Feature","geometry":{"type":"Point","coordinates":[140.6035,36.43925]},"properties":{"id":"Q11527800","name":"T\u014dkai Reprocessing Plant","stage":"reprocessing","class":"nuclear reprocessing site","country":"Japan","operator":"Japan Atomic Energy Agency","first_operation":null,"status":null,"closed":null,"capacity_mw":null,"source":"Wikidata","source_url":"https://www.wikidata.org/wiki/Q11527800","retrieved":"2026-09-22"}},{"type":"Feature","geometry":{"type":"Point","coordinates":[12.22838,49.32254]},"properties":{"id":"Q1372727","name":"Wackersdorf reprocessing plant","stage":"reprocessing","class":"nuclear reprocessing site","country":"Germany","operator":null,"first_operation":null,"status":null,"closed":null,"capacity_mw":null,"source":"Wikidata","source_url":"https://www.wikidata.org/wiki/Q1372727","retrieved":"2026-09-22"}}]}