tier1_id,name,country,donor,donor_id,lat,lon,proposed_by,reviewed_by,reviewed_on,note
NFCFDB:albania:rwsf radioactive waste storage,RWSF - Radioactive Waste Storage Facility,Albania,,,,,,,,no donor
NFCFDB:argentina:los colorados2,Los Colorados2,Argentina,,,,,,,,no donor
NFCFDB:argentina:arroyito hw production,Arroyito HW Production Facility,Argentina,,,,,,,,no donor
NFCFDB:argentina:atucha hw production,Atucha HW Production Facility,Argentina,,,,,,,,no donor
NFCFDB:argentina:cordoba conversion,Cordoba Conversion Facility,Argentina,,,,,,,,no donor
NFCFDB:argentina:ezeiza fuel manufacture,Ezeiza - Nuclear Fuel Manufacture Plant,Argentina,,,,,,,,no donor
NFCFDB:argentina:ezeiza special alloy fabrication,Ezeiza - Special Alloy Fabrication,Argentina,,,,,,,,no donor
NFCFDB:argentina:ezeiza sf reprocessing,Ezeiza - SF Reprocessing Facility,Argentina,,,,,,,,no donor
NFCFDB:argentina:la estela,La Estela,Argentina,,,,,,,,no donor
NFCFDB:argentina:los gigantes,Los Gigantes,Argentina,,,,,,,,no donor
NFCFDB:argentina:malargue,Malargue,Argentina,,,,,,,,no donor
NFCFDB:argentina:pilcaniyeu enrichment,Pilcaniyeu Enrichment Facility,Argentina,,,,,,,,no donor
NFCFDB:argentina:ezeiza special alloy fabrication,Ezeiza - Special Alloy Fabrication,Argentina,,,,,,,,no donor
NFCFDB:argentina:san rafael,San Rafael,Argentina,,,,,,,,no donor
NFCFDB:argentina:pilcaniyeu conversion,Pilcaniyeu Conversion Facility,Argentina,,,,,,,,no donor
NFCFDB:argentina:don otto,Don Otto,Argentina,,,,,,,,no donor
NFCFDB:argentina:los adobes,Los Adobes,Argentina,,,,,,,,no donor
NFCFDB:argentina:atucha sf storage,Atucha SF Storage Facility,Argentina,,,,,,,,no donor
NFCFDB:argentina:embalse sf storage,Embalse SF Storage Facility,Argentina,,,,,,,,no donor
NFCFDB:argentina:ctp low level radioactive waste deposit,CTP Low-level Radioactive Waste Deposit.,Argentina,,,,,,,,no donor
NFCFDB:argentina:reactors irradiated fuel storage faciri,Research Reactors Irradiated Fuel Storage Facility (FACIRI),Argentina,,,,,,,,no donor
NFCFDB:armenia:dry storage spent fuel assemblies,Dry Storage of Spent Nuclear Fuel Assemblies,Armenia,,,,,,,,no donor
NFCFDB:armenia:dry storage spent fuel assemblies metzamor site,Dry storage of Spent Nuclear Fuel Assemblies-Metzamor NPP Site,Armenia,,,,,,,,no donor
NFCFDB:armenia:solid llw storage,Solid LLW storage facility,Armenia,,,,,,,,no donor
NFCFDB:armenia:solid illw storage,Solid ILLW storage facility,Armenia,,,,,,,,no donor
NFCFDB:armenia:def containers temporary storage site,DEF containers temporary storage site,Armenia,,,,,,,,no donor
NFCFDB:armenia:solid hllw storage,Solid HLLW storage facility,Armenia,,,,,,,,no donor
NFCFDB:armenia:liquid rw storage facilities ect and hlst 1,Liquid RW storage facilities (ECT and HLST-1),Armenia,,,,,,,,no donor
NFCFDB:armenia:liquid rw storage hlst 2,Liquid RW storage facility (HLST-2),Armenia,,,,,,,,no donor
NFCFDB:australia:ben lomond,Ben Lomond,Australia,,,,,,,,no donor
NFCFDB:australia:beverley,Beverley,Australia,,,,,,,,no donor
NFCFDB:australia:honeymoon,Honeymoon,Australia,,,,,,,,no donor
NFCFDB:australia:kintyre,Kintyre,Australia,,,,,,,,no donor
NFCFDB:australia:koongarra,Koongarra,Australia,,,,,,,,no donor
NFCFDB:australia:lake way,Lake Way,Australia,,,,,,,,no donor
NFCFDB:australia:nabarlek,Nabarlek,Australia,,,,,,,,no donor
NFCFDB:australia:olympic dam,Olympic Dam,Australia,,,,,,,,no donor
NFCFDB:australia:ranger,Ranger,Australia,,,,,,,,no donor
NFCFDB:australia:rum jungle,Rum Jungle,Australia,,,,,,,,no donor
NFCFDB:australia:silex,Silex,Australia,,,,,,,,no donor
NFCFDB:australia:four mile,Four Mile,Australia,,,,,,,,no donor
NFCFDB:australia:oban,Oban,Australia,,,,,,,,no donor
NFCFDB:australia:crocker well,Crocker Well,Australia,,,,,,,,no donor
NFCFDB:australia:lake maitland,Lake Maitland,Australia,,,,,,,,no donor
NFCFDB:australia:wiluna yeeline,Wiluna/Yeeline,Australia,,,,,,,,no donor
NFCFDB:australia:mulga rock,Mulga Rock,Australia,,,,,,,,no donor
NFCFDB:australia:ubaryon,Ubaryon,Australia,,,,,,,,no donor
NFCFDB:austria:seibersdorf nes,Seibersdorf NES,Austria,,,,,,,,no donor
NFCFDB:belarus:specialized enterprise for radioactive waste management ue ekores,Specialized Enterprise for Radioactive Waste Management UE “Ekores”,Belarus,,,,,,,,no donor
NFCFDB:belgium:belgonucleaire po,Belgonucleaire PO Plant,Belgium,,,,,,,,no donor
NFCFDB:belgium:fbfc international lwr fuel fabrication,FBFC International - LWR Fuel Fabrication Plant,Belgium,,,,,,,,no donor
NFCFDB:belgium:b102 belgoprocess site,B102 (Belgoprocess Site),Belgium,,,,,,,,no donor
NFCFDB:belgium:prayon,Prayon,Belgium,,,,,,,,no donor
NFCFDB:belgium:eurochemic belgoprocess site,Eurochemic (Belgoprocess Site),Belgium,,,,,,,,no donor
NFCFDB:belgium:doel site,Doel NPP Site,Belgium,,,,,,,,no donor
NFCFDB:belgium:tihange site,Tihange NPP Site,Belgium,,,,,,,,no donor
NFCFDB:belgium:fbfc international mox,FBFC International - MOX,Belgium,,,,,,,,no donor
NFCFDB:belgium:belgian 3,Belgian Reactor 3,Belgium,,,,,,,,no donor
NFCFDB:belgium:spent fuel storage doel,Spent Fuel Storage Facility Doel,Belgium,,,,,,,,no donor
NFCFDB:belgium:spent fuel storage tihange,Spent Fuel Storage Facility Tihange,Belgium,,,,,,,,no donor
NFCFDB:belgium:b129 belgoprocess site,B129 (Belgoprocess Site),Belgium,,,,,,,,no donor
NFCFDB:bosnia and herzegovina:rakovica central temporary storage,Rakovica Central temporary storage facility,Bosnia and Herzegovina,,,,,,,,no donor
NFCFDB:brazil:inb santa quiteria mining and ore,INB-Santa Quiteria Mining and Ore Plant,Brazil,,,,,,,,no donor
NFCFDB:brazil:ura caetite uranium mining and milling,URA-Caetite Uranium Mining and Milling facility,Brazil,,,,,,,,no donor
NFCFDB:brazil:udc caldas decommissioning unit,UDC-Caldas Decommissioning Unit,Brazil,,,,,,,,no donor
NFCFDB:brazil:fcn components and assembly,FCN components and Assembly,Brazil,,,,,,,,no donor
NFCFDB:brazil:fcn pilot,FCN Pilot Plant,Brazil,,,,,,,,no donor
NFCFDB:brazil:ipen conversion unit,IPEN - Conversion Unit,Brazil,,,,,,,,no donor
NFCFDB:brazil:ipen reprocessing,IPEN - Reprocessing,Brazil,,,,,,,,no donor
NFCFDB:brazil:ipen zirconium metal,IPEN - Zirconium Metal,Brazil,,,,,,,,no donor
NFCFDB:brazil:ipen u reduction unit,IPEN - U Reduction Unit,Brazil,,,,,,,,no donor
NFCFDB:brazil:ipen zirconium oxide,IPEN - Zirconium Oxide,Brazil,,,,,,,,no donor
NFCFDB:brazil:uranium enrichment industrial demonstration pilot,Uranium  Enrichment Industrial Demonstration Pilot Plant,Brazil,,,,,,,,no donor
NFCFDB:brazil:fcn enrichment,FCN Enrichment Plant,Brazil,,,,,,,,no donor
NFCFDB:brazil:aerospace technical center,Aerospace Technical Center,Brazil,,,,,,,,no donor
NFCFDB:brazil:pilot uranium enrichment,Pilot Uranium Enrichment Plant,Brazil,,,,,,,,no donor
NFCFDB:brazil:fcn reconversion and pellets,FCN Reconversion and Pellets,Brazil,,,,,,,,no donor
NFCFDB:brazil:isotopic enrichment laboratory,Isotopic  Enrichment Laboratory,Brazil,,,,,,,,no donor
NFCFDB:brazil:conversion,Conversion Facility,Brazil,,,,,,,,no donor
NFCFDB:brazil:materials laboratory,Nuclear materials Laboratory,Brazil,,,,,,,,no donor
NFCFDB:brazil:instrumentation and fuel development laboratory,Instrumentation and Nuclear  Fuel Development laboratory,Brazil,,,,,,,,no donor
NFCFDB:brazil:ipen fuel center,IPEN-Fuel Center,Brazil,,,,,,,,no donor
NFCFDB:brazil:irradiated fuel dry complementary storage unit,Irradiated fuel dry complementary Storage unit,Brazil,,,,,,,,no donor
NFCFDB:brazil:materials laboratory,Nuclear materials Laboratory,Brazil,,,,,,,,no donor
NFCFDB:brazil:fuel laboratory,Nuclear Fuel Laboratory,Brazil,,,,,,,,no donor
NFCFDB:brazil:isotopic separation element development laboratory,Isotopic Separation Element Development Laboratory,Brazil,,,,,,,,no donor
NFCFDB:brazil:old steam generators storage angra 1,OLD STEAM GENERATORS STORAGE FACILITY (ANGRA-1),Brazil,,,,,,,,no donor
NFCFDB:brazil:internal storage kpe located in uka building angra 2,internal storage facility (KPE located in UKA Building ANGRA-2),Brazil,,,,,,,,no donor
NFCFDB:bulgaria:bukhovo,Bukhovo,Bulgaria,,,,,,,,no donor
NFCFDB:bulgaria:kozloduy site wet storage,Kozloduy NPP Site - Wet Storage,Bulgaria,,,,,,,,no donor
NFCFDB:bulgaria:eleshnitza,Eleshnitza,Bulgaria,,,,,,,,no donor
NFCFDB:bulgaria:plovdiv rosen,Plovdiv (Rosen),Bulgaria,,,,,,,,no donor
NFCFDB:bulgaria:kozloduy site dry storage,Kozloduy NPP Site - Dry Storage,Bulgaria,,,,,,,,no donor
NFCFDB:burkina faso:arsn,ARSN,Burkina Faso,,,,,,,,no donor
NFCFDB:burkina faso:agricultural and environmental centre,agricultural and environmental research centre,Burkina Faso,,,,,,,,no donor
NFCFDB:burkina faso:taparko,TAPARKO,Burkina Faso,,,,,,,,no donor
NFCFDB:canada:bhwp a,BHWP - A,Canada,,,,,,,,no donor
NFCFDB:canada:bhwp b,BHWP - B,Canada,,,,,,,,no donor
NFCFDB:canada:bhwp d,BHWP - D,Canada,,,,,,,,no donor
NFCFDB:canada:calgary,Calgary,Canada,,,,,,,,no donor
NFCFDB:canada:cluff lake,Cluff Lake,Canada,,,,,,,,no donor
NFCFDB:canada:denison,Denison,Canada,,,,,,,,no donor
NFCFDB:canada:rabbit lake,Rabbit Lake,Canada,,,,,,,,no donor
NFCFDB:canada:cameco blind river uo3,Cameco - Blind River (UO3),Canada,,,,,,,,no donor
NFCFDB:canada:cameco port hope u,Cameco - Port Hope (U),Canada,,,,,,,,no donor
NFCFDB:canada:cameco port hope uf6,Cameco - Port Hope (UF6),Canada,,,,,,,,no donor
NFCFDB:canada:cameco port hope uo2,Cameco - Port Hope (UO2),Canada,,,,,,,,no donor
NFCFDB:canada:general electric canada inc arnprior,General Electric Canada Inc. - Arnprior,Canada,,,,,,,,no donor
NFCFDB:canada:key lake mcarthur river,Key Lake/McArthur River,Canada,,,,,,,,no donor
NFCFDB:canada:moncton,Moncton,Canada,,,,,,,,no donor
NFCFDB:canada:bwxt energy canada toronto,BWXT Nuclear Energy Canada - Toronto,Canada,,,,,,,,no donor
NFCFDB:canada:cameco fuel manufacturing inc cobourgh,Cameco Fuel Manufacturing Inc. - Cobourgh,Canada,,,,,,,,no donor
NFCFDB:canada:cameco fuel manufacturing inc port hope,Cameco Fuel Manufacturing Inc. - Port Hope,Canada,,,,,,,,no donor
NFCFDB:canada:panel,Panel,Canada,,,,,,,,no donor
NFCFDB:canada:bwxt energy canada peterborough,BWXT Nuclear Energy Canada - Peterborough,Canada,,,,,,,,no donor
NFCFDB:canada:port hawkesbury point tupper,"Port Hawkesbury, Point Tupper",Canada,,,,,,,,no donor
NFCFDB:canada:quirke,Quirke,Canada,,,,,,,,no donor
NFCFDB:canada:stanleigh,Stanleigh,Canada,,,,,,,,no donor
NFCFDB:canada:point lepreau site,Point Lepreau NPP Site,Canada,,,,,,,,no donor
NFCFDB:canada:beaverlodge,Beaverlodge,Canada,,,,,,,,no donor
NFCFDB:canada:agnew lake,Agnew Lake,Canada,,,,,,,,no donor
NFCFDB:canada:madawaska faraday,Madawaska (Faraday),Canada,,,,,,,,no donor
NFCFDB:canada:stanrock,Stanrock,Canada,,,,,,,,no donor
NFCFDB:canada:mcclean lake,McClean Lake,Canada,,,,,,,,no donor
NFCFDB:canada:gentilly 1 site,Gentilly 1 NPP Site,Canada,,,,,,,,no donor
NFCFDB:canada:douglas point site,Douglas Point NPP Site,Canada,,,,,,,,no donor
NFCFDB:canada:whiteshell laboratories,Whiteshell Laboratories,Canada,,,,,,,,no donor
NFCFDB:canada:npd spent fuel storage,NPD Spent Fuel Storage,Canada,,,,,,,,no donor
NFCFDB:canada:pickering waste management,Pickering Waste Management Facility,Canada,,,,,,,,no donor
NFCFDB:canada:bhwp c,BHWP - C,Canada,,,,,,,,no donor
NFCFDB:canada:chalk river laboratories nfff,"Chalk River Laboratories, NFFF",Canada,,,,,,,,no donor
NFCFDB:canada:port hope eldorado,Port Hope Eldorado,Canada,,,,,,,,no donor
NFCFDB:canada:gentilly 2 site,Gentilly 2 NPP Site,Canada,,,,,,,,no donor
NFCFDB:canada:western waste management,Western Waste Management Facility,Canada,,,,,,,,no donor
NFCFDB:canada:glace bay,Glace Bay,Canada,,,,,,,,no donor
NFCFDB:canada:recycle fuel fabr lab rffl,Recycle Fuel Fabr. Lab. (RFFL),Canada,,,,,,,,no donor
NFCFDB:canada:pu and thorium processing,Pu and Thorium Processing Facility,Canada,,,,,,,,no donor
NFCFDB:canada:darlington waste management,Darlington Waste Management Facility,Canada,,,,,,,,no donor
NFCFDB:canada:cigar lake mine,Cigar lake Mine,Canada,,,,,,,,no donor
NFCFDB:canada:waste management area a,Waste Management Area A,Canada,,,,,,,,no donor
NFCFDB:canada:waste management area b fuel package and storage fps,"Waste Management Area B / Fuel Package and Storage, FPS",Canada,,,,,,,,no donor
NFCFDB:canada:waste management area c,Waste Management Area C,Canada,,,,,,,,no donor
NFCFDB:canada:waste management area d,Waste Management Area D,Canada,,,,,,,,no donor
NFCFDB:canada:waste management area e,Waste Management Area E,Canada,,,,,,,,no donor
NFCFDB:canada:waste management area g,Waste Management Area G,Canada,,,,,,,,no donor
NFCFDB:canada:waste management area h,Waste Management Area H,Canada,,,,,,,,no donor
NFCFDB:canada:waste management area j,Waste Management Area J,Canada,,,,,,,,no donor
NFCFDB:canada:waste management area f,Waste Management Area F,Canada,,,,,,,,no donor
NFCFDB:chile:radioactive waste la reina storage room,Radioactive Waste Facility-La Reina (Storage Room),Chile,,,,,,,,no donor
NFCFDB:chile:radioactive waste la reina modular storage,Radioactive Waste Facility-La Reina (Modular Storage),Chile,,,,,,,,no donor
NFCFDB:chile:radioactive waste la reina storage pit,Radioactive Waste Facility-La Reina (Storage Pit),Chile,,,,,,,,no donor
NFCFDB:chile:rech 1,RECH-1,Chile,,,,,,,,no donor
NFCFDB:chile:radioactive waste lo aguirre treatment,Radioactive Waste Facility-Lo Aguirre (Treatment Plant),Chile,,,,,,,,no donor
NFCFDB:chile:conditioning storage,Conditioning Storage Facility,Chile,,,,,,,,no donor
NFCFDB:chile:radioactive waste lo aguirre treatment,Radioactive Waste Facility-Lo Aguirre (Treatment Plant),Chile,,,,,,,,no donor
NFCFDB:chile:radioactive waste lo aguirre temporary container,Radioactive Waste Facility-Lo Aguirre (Temporary Container),Chile,,,,,,,,no donor
NFCFDB:chile:radioactive waste lo aguirre operative storage dsrs,Radioactive Waste Facility-Lo Aguirre (Operative Storage) DSRS,Chile,,,,,,,,no donor
NFCFDB:chile:radioactive waste lo aguirre operative storage,Radioactive Waste Facility-Lo Aguirre (Operative Storage),Chile,,,,,,,,no donor
NFCFDB:chile:radioactive waste lo aguirre shipping container,Radioactive Waste Facility-Lo Aguirre (Shipping Container),Chile,,,,,,,,no donor
NFCFDB:chile:conditioning storage dsrs,Conditioning Storage Facility (DSRS),Chile,,,,,,,,no donor
NFCFDB:chile:radioactive waste lo aguirre liquid storage,Radioactive Waste Facility-Lo Aguirre (Liquid Storage),Chile,,,,,,,,no donor
NFCFDB:chile:radioactive waste lo aguirre seacl treatment liquid,Radioactive Waste Facility-Lo Aguirre (SEACL-Treatment Liquid Plant),Chile,,,,,,,,no donor
NFCFDB:china:hengyang,Hengyang,China,,,,,,,,no donor
NFCFDB:china:lanzhou fuel complex lnfc gansu,"Lanzhou Nuclear Fuel Complex(LNFC,Gansu)",China,,,,,,,,no donor
NFCFDB:china:jianzhong fuel sichuan,"Jianzhong Nuclear Fuel, Sichuan",China,,,,,,,,no donor
NFCFDB:china:fuzhou,Fuzhou,China,,,,,,,,no donor
NFCFDB:china:baimadong,Baimadong,China,,,,,,,,no donor
NFCFDB:china:yining,Yining,China,,,,,,,,no donor
NFCFDB:china:hanzhong uranium enrichment shaanxi,"Hanzhong Uranium Enrichment Plant,Shaanxi",China,,,,,,,,no donor
NFCFDB:china:centralized wet storage cwsf,Centralized Wet Storage Facility (CWSF),China,,,,,,,,no donor
NFCFDB:china:lanzhou reprocessing pilot rpp,Lanzhou Reprocessing Pilot Plant(RPP),China,,,,,,,,no donor
NFCFDB:china:chongyi,Chongyi,China,,,,,,,,no donor
NFCFDB:china:tengchong,Tengchong,China,,,,,,,,no donor
NFCFDB:china:lantian,Lantian,China,,,,,,,,no donor
NFCFDB:china:benxi,Benxi,China,,,,,,,,no donor
NFCFDB:china:lanzhou fuel complex lnfc gansu enrichment,"Lanzhou Nuclear Fuel Complex(LNFC), Gansu-Enrichment",China,,,,,,,,no donor
NFCFDB:china:candu fuel,Candu Fuel Plant,China,,,,,,,,no donor
NFCFDB:china:qinglong,Qinglong,China,,,,,,,,no donor
NFCFDB:china:shaoguan,Shaoguan,China,,,,,,,,no donor
NFCFDB:china:pwr fuel,PWR Fuel Plant,China,,,,,,,,no donor
NFCFDB:china:htr fuel,HTR Fuel Plant,China,,,,,,,,no donor
NFCFDB:china:hengyang uranium hunan,"Hengyang Uranium Plant, Hunan",China,,,,,,,,no donor
NFCFDB:china:demonstration reprocessing,Demonstration Reprocessing plant,China,,,,,,,,no donor
NFCFDB:czech republic:tuu straz pod ralskem processing and isl plan,TUU Straz pod Ralskem: Processing Plant and ISL Plan,Czech Republic,,,,,,,,no donor
NFCFDB:czech republic:mape mydlovary processing,MAPE Mydlovary Processing Plant,Czech Republic,,,,,,,,no donor
NFCFDB:czech republic:geam dolni rozinka,GEAM Dolni Rozinka,Czech Republic,,,,,,,,no donor
NFCFDB:czech republic:isfsf dukovany,ISFSF Dukovany,Czech Republic,,,,,,,,no donor
NFCFDB:czech republic:sfsf dukovany,SFSF Dukovany,Czech Republic,,,,,,,,no donor
NFCFDB:czech republic:sfsf temelin,SFSF Temelin,Czech Republic,,,,,,,,no donor
NFCFDB:denmark:danish decommissioning,Danish Decommissioning,Denmark,,,,,,,,no donor
NFCFDB:egypt:inchas fuel laboratory,Inchas Nuclear Fuel Laboratory,Egypt,,,,,,,,no donor
NFCFDB:egypt:fuel element fabrication,Fuel Element Fabrication Plant,Egypt,,,,,,,,no donor
NFCFDB:estonia:sillamae,Sillamae,Estonia,,,,,,,,no donor
NFCFDB:estonia:interim storage,Interim storage,Estonia,,,,,,,,no donor
NFCFDB:estonia:interim storage,Interim storage,Estonia,,,,,,,,no donor
NFCFDB:estonia:interim storage,Interim storage,Estonia,,,,,,,,no donor
NFCFDB:finland:olkiluoto site tvo kpa,"Olkiluoto NPP Site, TVO KPA",Finland,,,,,,,,no donor
NFCFDB:finland:loviisa site spent fuel storage 1,Loviisa NPP Site (Spent Fuel Storage 1),Finland,,,,,,,,no donor
NFCFDB:finland:loviisa site spent fuel storage 2,Loviisa NPP Site (Spent Fuel Storage 2),Finland,,,,,,,,no donor
NFCFDB:finland:solid waste storage llw silos maj,"Solid waste storage LLW(silos, MAJ)",Finland,,,,,,,,no donor
NFCFDB:finland:solid waste storage rca,Solid waste storage (RCA),Finland,,,,,,,,no donor
NFCFDB:finland:solid waste storage on site,Solid waste storage (on site),Finland,,,,,,,,no donor
NFCFDB:finland:liquid waste storage tw,Liquid waste storage (TW),Finland,,,,,,,,no donor
NFCFDB:finland:solid waste storage silos rca,"Solid waste storage (silos, RCA)",Finland,,,,,,,,no donor
NFCFDB:finland:maintenance waste hall 1,Maintenance waste hall 1,Finland,,,,,,,,no donor
NFCFDB:finland:solid waste storage kaj,Solid waste storage(KAJ),Finland,,,,,,,,no donor
NFCFDB:finland:solid waste storage maj,Solid waste storage(MAJ),Finland,,,,,,,,no donor
NFCFDB:finland:liquid waste storage ol1 and ol2,Liquid waste storage(OL1 and OL2),Finland,,,,,,,,no donor
NFCFDB:finland:solid waste storage ilw silos kaj,"Solid waste storage ILW(silos,KAJ)",Finland,,,,,,,,no donor
NFCFDB:finland:solid waste drum storage ol1 and 0l2,Solid waste drum storage(OL1 and 0L2),Finland,,,,,,,,no donor
NFCFDB:finland:liquid waste storage ol3 kpe kpk,"Liquid waste storage OL3 (KPE,KPK)",Finland,,,,,,,,no donor
NFCFDB:finland:solid waste storage ol3 kpa,Solid waste storage OL3 (KPA),Finland,,,,,,,,no donor
NFCFDB:finland:maintenance waste hall 2,Maintenance waste hall 2,Finland,,,,,,,,no donor
NFCFDB:finland:maintenance waste hall 3,Maintenance waste hall 3,Finland,,,,,,,,no donor
NFCFDB:finland:solidified waste hall 1,Solidified waste hall 1,Finland,,,,,,,,no donor
NFCFDB:finland:fir 1 site,FiR 1 site,Finland,,,,,,,,no donor
NFCFDB:finland:fir 1 dsrs,FiR 1 DSRS,Finland,,,,,,,,no donor
NFCFDB:finland:interim storage finland,Interim storage of Finland,Finland,,,,,,,,no donor
NFCFDB:finland:vllw,VLLW,Finland,,,,,,,,no donor
NFCFDB:finland:llw ilw,LLW/ILW,Finland,,,,,,,,no donor
NFCFDB:finland:deep geological repository,Deep geological repository,Finland,,,,,,,,no donor
NFCFDB:finland:olkiluoto 1 building,Olkiluoto 1 reactor building,Finland,,,,,,,,no donor
NFCFDB:finland:olkiluoto 2 building,Olkiluoto 2 reactor building,Finland,,,,,,,,no donor
NFCFDB:finland:isfs,ISFS,Finland,,,,,,,,no donor
NFCFDB:finland:waste storage building,Waste storage building,Finland,,,,,,,,no donor
NFCFDB:finland:final disposal,Final disposal,Finland,,,,,,,,no donor
NFCFDB:finland:ar spent fuel storage wet at olkiluoto plants,AR Spent Fuel Storage (Wet) at Olkiluoto Power Plants,Finland,,,,,,,,no donor
NFCFDB:finland:ar spent fuel storage wet at hanhikivi site,AR Spent Fuel Storage (Wet) at Hanhikivi NPP site,Finland,,,,,,,,no donor
NFCFDB:france:sicn gcr fuel fabrication,SICN GCR Fuel Fabrication,France,,,,,,,,no donor
NFCFDB:france:atelier pilote,Atelier Pilote,France,,,,,,,,no donor
NFCFDB:france:bessines,Bessines,France,,,,,,,,no donor
NFCFDB:france:atpu,ATPu,France,,,,,,,,no donor
NFCFDB:france:framatome jarrie,Framatome - Jarrie,France,,,,,,,,no donor
NFCFDB:france:comurhex pierrelatte uf6,Comurhex Pierrelatte (UF6),France,,,,,,,,no donor
NFCFDB:france:comurhex pierrelatte rep u,Comurhex Pierrelatte (Rep. U),France,,,,,,,,no donor
NFCFDB:france:areva nc w,Areva NC W Plant,France,,,,,,,,no donor
NFCFDB:france:framatome pierrelatte,Framatome - Pierrelatte,France,,,,,,,,no donor
NFCFDB:france:eurodif georges besse,Eurodif (Georges Besse),France,,,,,,,,no donor
NFCFDB:france:l ecarpiere,L'Ecarpiere,France,,,,,,,,no donor
NFCFDB:france:la hague nph,La Hague - NPH,France,,,,,,,,no donor
NFCFDB:france:le cellier,Le Cellier,France,,,,,,,,no donor
NFCFDB:france:le bernardan jouac,Le Bernardan (Jouac),France,,,,,,,,no donor
NFCFDB:france:comurhex malvesi uf4,Comurhex Malvesi (UF4),France,,,,,,,,no donor
NFCFDB:france:comurhex malvesi u,Comurhex Malvesi (U),France,,,,,,,,no donor
NFCFDB:france:melox,Melox,France,,,,,,,,no donor
NFCFDB:france:framatome paimboeuf,Framatome - Paimboeuf,France,,,,,,,,no donor
NFCFDB:france:framatome romans,Framatome- Romans,France,,,,,,,,no donor
NFCFDB:france:st martin du bosc lodeve,St. Martin Du Bosc (Lodeve),France,,,,,,,,no donor
NFCFDB:france:tu2 cogema,TU2 Cogema,France,,,,,,,,no donor
NFCFDB:france:tu2 cogema reprocessing line,TU2 Cogema Reprocessing Line,France,,,,,,,,no donor
NFCFDB:france:marcoule up1,Marcoule - UP1,France,,,,,,,,no donor
NFCFDB:france:la hague up2 800,La Hague - UP2-800,France,,,,,,,,no donor
NFCFDB:france:la hague up3,La Hague - UP3,France,,,,,,,,no donor
NFCFDB:france:sicn,SICN,France,,,,,,,,no donor
NFCFDB:france:pl4,PL4,France,,,,,,,,no donor
NFCFDB:france:bertholene les ballaures,Bertholene (Les Ballaures),France,,,,,,,,no donor
NFCFDB:france:orano tu5,ORANO TU5 Plant,France,,,,,,,,no donor
NFCFDB:france:la hague hao,La Hague - HAO,France,,,,,,,,no donor
NFCFDB:france:la hague c,La Hague - C,France,,,,,,,,no donor
NFCFDB:france:la hague d,La Hague - D,France,,,,,,,,no donor
NFCFDB:france:la hague e,La Hague - E,France,,,,,,,,no donor
NFCFDB:france:experimental reprocessing building 211,Experimental Reprocessing Facility (Building 211),France,,,,,,,,no donor
NFCFDB:france:la hague at1,La Hague - AT1,France,,,,,,,,no donor
NFCFDB:france:attila,ATTILA,France,,,,,,,,no donor
NFCFDB:france:ore treatment geugnon,Ore Treatment Plant Geugnon,France,,,,,,,,no donor
NFCFDB:france:ore treatment le bouchet,Ore Treatment Plant Le Bouchet,France,,,,,,,,no donor
NFCFDB:france:building 19,Building 19,France,,,,,,,,no donor
NFCFDB:france:building 18,Building 18,France,,,,,,,,no donor
NFCFDB:france:laboratory rm2,Laboratory RM2,France,,,,,,,,no donor
NFCFDB:france:framatome rugles,Framatome - Rugles,France,,,,,,,,no donor
NFCFDB:france:georges besse ii,Georges Besse II,France,,,,,,,,no donor
NFCFDB:france:la hague up2 400,La Hague - UP2-400,France,,,,,,,,no donor
NFCFDB:france:framatome ugine,Framatome - Ugine,France,,,,,,,,no donor
NFCFDB:france:framatome montreuil juigne,Framatome - Montreuil Juigné,France,,,,,,,,no donor
NFCFDB:france:comurhex ii malvesi uf4,Comurhex II - Malvesi (UF4),France,,,,,,,,no donor
NFCFDB:france:comurhex ii pierrelatte uf6,Comurhex II - Pierrelatte (UF6),France,,,,,,,,no donor
NFCFDB:france:atalante,ATALANTE,France,,,,,,,,no donor
NFCFDB:france:star,STAR,France,,,,,,,,no donor
NFCFDB:france:isai,ISAI,France,,,,,,,,no donor
NFCFDB:france:manche disposal,Manche disposal facility,France,,,,,,,,no donor
NFCFDB:france:aube disposal,Aube disposal facility,France,,,,,,,,no donor
NFCFDB:france:industrial for grouping storage and disposal,"Industrial facility for grouping, storage and disposal",France,,,,,,,,no donor
NFCFDB:gabon:mounana,Mounana,Gabon,,,,,,,,no donor
NFCFDB:georgia:jupiter center julich,"Jupiter Research Center ,Julich",Georgia,,,,,,,,no donor
NFCFDB:georgia:centralized storage,Centralized Storage Facility,Georgia,,,,,,,,no donor
NFCFDB:georgia:saakadze disposal,Saakadze disposal,Georgia,,,,,,,,no donor
NFCFDB:georgia:applied center,Applied Research Center,Georgia,,,,,,,,no donor
NFCFDB:georgia:temporary stoarage,Temporary stoarage,Georgia,,,,,,,,no donor
NFCFDB:germany:ahaus central storage,Ahaus Central Storage Facility,Germany,,,,,,,,no donor
NFCFDB:germany:advanced fuels gmbh duisburg,Advanced Nuclear Fuels GmbH Duisburg Plant,Germany,,,,,,,,no donor
NFCFDB:germany:ellweiler uranium ore processing,Ellweiler Uranium Ore Processing Plant,Germany,,,,,,,,no donor
NFCFDB:germany:gorleben central storage,Gorleben Central Storage Facility,Germany,,,,,,,,no donor
NFCFDB:germany:urenco germany gmbh,Urenco Germany GmbH,Germany,,,,,,,,no donor
NFCFDB:germany:siemens fuel fabrication hanau section uranium,"Siemens Fuel Fabrication Plant Hanau, Section Uranium",Germany,,,,,,,,no donor
NFCFDB:germany:mannesmann rohrenwerke ag hellenthal,Mannesmann Röhrenwerke AG Hellenthal,Germany,,,,,,,,no donor
NFCFDB:germany:reproccesing karlsruhe pool for storage spent fuel assemblies,Reproccesing Plant Karlsruhe (pool for storage of spent fuel assemblies),Germany,,,,,,,,no donor
NFCFDB:germany:siemens fuel fabrication karlstein,Siemens Fuel Fabrication Plant Karlstein,Germany,,,,,,,,no donor
NFCFDB:germany:advanced fuels gmbh lingen,Advanced Nuclear Fuels GmbH Lingen Plant,Germany,,,,,,,,no donor
NFCFDB:germany:karlsruhe reprocessing,Karlsruhe Reprocessing Plant,Germany,,,,,,,,no donor
NFCFDB:germany:greifswald on site interim storage temporary,Greifswald NPP On-Site Interim Storage Facility (temporary),Germany,,,,,,,,no donor
NFCFDB:germany:koenigstein uranium ore processing,Koenigstein Uranium Ore Processing Plant,Germany,,,,,,,,no donor
NFCFDB:germany:crossen uranium ore processing,Crossen Uranium Ore Processing Plant,Germany,,,,,,,,no donor
NFCFDB:germany:seelingstaedt uranium ore processing,Seelingstaedt Uranium Ore Processing Plant,Germany,,,,,,,,no donor
NFCFDB:germany:karlsruhe enrichment centre karlsruhe institute for process engineering,"Karlsruhe Enrichment, Research Centre Karlsruhe, Institute for Nuclear Process Engineering",Germany,,,,,,,,no donor
NFCFDB:germany:wackersdorf reprocessing,Wackersdorf Reprocessing Plant,Germany,wikidata,Q1372727,49.32254,12.22838,exact-name-country,,,
NFCFDB:germany:gorleben pilot conditioning,Gorleben Pilot Conditioning Plant,Germany,,,,,,,,no donor
NFCFDB:germany:nukem fuel fabrication,Nukem Fuel Fabrication Plant,Germany,,,,,,,,no donor
NFCFDB:germany:greifswald interim storage north,Greifswald Interim Storage Facility North,Germany,,,,,,,,no donor
NFCFDB:germany:neckarwestheim on site storage,Neckarwestheim NPP On-Site Storage Facility,Germany,,,,,,,,no donor
NFCFDB:germany:enrichment technology company ltd zweigniederlassung deutschland,Enrichment Technology Company Ltd. Zweigniederlassung Deutschland,Germany,,,,,,,,no donor
NFCFDB:germany:hobeg fuel fabrication,Hobeg Fuel Fabrication Plant,Germany,,,,,,,,no donor
NFCFDB:germany:alkem fuel fabrication,ALKEM Fuel Fabrication Plant,Germany,,,,,,,,no donor
NFCFDB:germany:plutonium test extraction,Plutonium Test Extraction Facility,Germany,,,,,,,,no donor
NFCFDB:germany:milli reprocessing test,MILLI Reprocessing Test Facility,Germany,,,,,,,,no donor
NFCFDB:germany:philippsburg on site storage,Philippsburg NPP On-Site Storage Facility,Germany,,,,,,,,no donor
NFCFDB:germany:brokdorf on site storage,Brokdorf NPP On-Site Storage Facility,Germany,,,,,,,,no donor
NFCFDB:germany:grafenrheinfeld on site storage,Grafenrheinfeld NPP On-site Storage Facility,Germany,,,,,,,,no donor
NFCFDB:germany:isar on site storage,Isar NPP On-site Storage Facility,Germany,,,,,,,,no donor
NFCFDB:germany:grohnde on site storage,Grohnde NPP On-site Storage Facility,Germany,,,,,,,,no donor
NFCFDB:germany:gundremmingen on site storage,Gundremmingen NPP On-site Storage Facility,Germany,,,,,,,,no donor
NFCFDB:germany:lingen on site storage,Lingen NPP On-site Storage Facility,Germany,,,,,,,,no donor
NFCFDB:germany:biblis on site storage,Biblis NPP On-Site Storage Facility,Germany,,,,,,,,no donor
NFCFDB:germany:biblis on site interim storage temporary,Biblis NPP On-Site Interim Storage Facility (Temporary),Germany,,,,,,,,no donor
NFCFDB:germany:brunsbuettel on site storage,Brunsbuettel NPP On-site Storage Facility,Germany,,,,,,,,no donor
NFCFDB:germany:brunsbuettel on site interim storage temporary,Brunsbuettel NPP On-Site Interim Storage Facility (Temporary),Germany,,,,,,,,no donor
NFCFDB:germany:kruemmel on site storage,Kruemmel NPP On-site Storage Facility,Germany,,,,,,,,no donor
NFCFDB:germany:kruemmel on site interim storage temporary,Kruemmel NPP On- Site Interim Storage Facility (Temporary),Germany,,,,,,,,no donor
NFCFDB:germany:advanced fuels gmbh karlstein,Advanced Nuclear Fuels GmbH Karlstein Plant,Germany,,,,,,,,no donor
NFCFDB:germany:unterweser on site storage,Unterweser NPP On-Site Storage Facility,Germany,,,,,,,,no donor
NFCFDB:germany:obrigheim on site interim storage temporary,Obrigheim NPP On-Site Interim Storage Facility (temporary),Germany,,,,,,,,no donor
NFCFDB:germany:obrigheim on site storage,Obrigheim NPP On-Site Storage Facility,Germany,,,,,,,,no donor
NFCFDB:germany:greifswald interim storage north estral,Greifswald Interim Storage Facility North ESTRAL,Germany,,,,,,,,no donor
NFCFDB:germany:siemens fuel fabrication hanau section mox processing,"Siemens Fuel Fabrication Plant Hanau,Section MOX processing",Germany,,,,,,,,no donor
NFCFDB:germany:siemens fuel fabrication hanau section mox processing,"Siemens Fuel Fabrication Plant Hanau,Section MOX processing",Germany,,,,,,,,no donor
NFCFDB:germany:jupiter centre julich,JUPITER Research Centre Julich,Germany,,,,,,,,no donor
NFCFDB:germany:schachtanlage asse ii,Schachtanlage Asse II,Germany,,,,,,,,no donor
NFCFDB:hungary:cserkut mecsekuran llc,Cserkut (Mecsekuran LLC),Hungary,,,,,,,,no donor
NFCFDB:hungary:puram paks site sfisf,PURAM PAKS SITE SFISF,Hungary,,,,,,,,no donor
NFCFDB:india:baroda,Baroda,India,,,,,,,,no donor
NFCFDB:india:hazira,Hazira,India,,,,,,,,no donor
NFCFDB:india:ucil jaduguda,UCIL-Jaduguda,India,,,,,,,,no donor
NFCFDB:india:kota,Kota,India,,,,,,,,no donor
NFCFDB:india:manuguru,Manuguru,India,,,,,,,,no donor
NFCFDB:india:nangal,Nangal,India,,,,,,,,no donor
NFCFDB:india:nfc uop block a,NFC (UOP) - Block-A,India,,,,,,,,no donor
NFCFDB:india:nfc zir,NFC -  (ZIR),India,,,,,,,,no donor
NFCFDB:india:nfc nzsp,NFC (NZSP),India,,,,,,,,no donor
NFCFDB:india:nfc nzfp,NFC (NZFP),India,,,,,,,,no donor
NFCFDB:india:nfc zfp,NFC (ZFP),India,,,,,,,,no donor
NFCFDB:india:nfc phwr block a,NFC - (PHWR) - Block-A,India,,,,,,,,no donor
NFCFDB:india:nfc bwr,NFC  (BWR),India,,,,,,,,no donor
NFCFDB:india:talcher,Talcher,India,,,,,,,,no donor
NFCFDB:india:thal vaishet,Thal - Vaishet,India,,,,,,,,no donor
NFCFDB:india:trombay fuel fabrication,"Trombay, Fuel Fabrication",India,,,,,,,,no donor
NFCFDB:india:tuticorin,Tuticorin,India,,,,,,,,no donor
NFCFDB:india:nfc palayakayal,"NFC, Palayakayal",India,,,,,,,,no donor
NFCFDB:india:ucil turamdih,UCIL-Turamdih,India,,,,,,,,no donor
NFCFDB:india:mosaboni rakha surda,"Mosaboni, Rakha, Surda",India,,,,,,,,no donor
NFCFDB:india:nfc pellet,NFC (PELLET),India,,,,,,,,no donor
NFCFDB:india:nfc phwr 2,NFC (PHWR)-2,India,,,,,,,,no donor
NFCFDB:india:trombay fbtr,Trombay - FBTR,India,,,,,,,,no donor
NFCFDB:india:tarapur afr,Tarapur (AFR),India,,,,,,,,no donor
NFCFDB:india:tarapur site,Tarapur NPP Site,India,,,,,,,,no donor
NFCFDB:india:afr rapp1 2 rajasthan site,AFR RAPP1/2 Rajasthan NPP Site,India,,,,,,,,no donor
NFCFDB:india:kpm,KPM,India,,,,,,,,no donor
NFCFDB:india:nfc hyderabad zsp,NFC - Hyderabad (ZSP),India,,,,,,,,no donor
NFCFDB:india:coral,Coral,India,,,,,,,,no donor
NFCFDB:india:tummalapalle mine and mill,Tummalapalle mine and Mill,India,,,,,,,,no donor
NFCFDB:india:fuel complex kota,Nuclear Fuel Complex- Kota,India,,,,,,,,no donor
NFCFDB:indonesia:experimental fuel element,Experimental Fuel Element Facility,Indonesia,,,,,,,,no donor
NFCFDB:indonesia:rr fuel element production installation ifebrr,RR Fuel Element Production Installation (IFEBRR),Indonesia,,,,,,,,no donor
NFCFDB:indonesia:lemajung pilot u processing,Lemajung Pilot U Processing,Indonesia,,,,,,,,no donor
NFCFDB:indonesia:serpong conversion,Serpong Conversion Facility,Indonesia,,,,,,,,no donor
NFCFDB:indonesia:interim storage for spent fuel,Interim  storage for spent Fuel,Indonesia,,,,,,,,no donor
NFCFDB:israel:rotem fertilizers,Rotem fertilizers plant,Israel,,,,,,,,no donor
NFCFDB:italy:eurex sfre oxide,Eurex SFRE (Oxide),Italy,,,,,,,,no donor
NFCFDB:italy:itrec,ITREC,Italy,,,,,,,,no donor
NFCFDB:italy:eurex sfre mtr,Eurex SFRE (MTR),Italy,,,,,,,,no donor
NFCFDB:italy:eurex sfre pu nitrate line,Eurex SFRE (Pu Nitrate Line),Italy,,,,,,,,no donor
NFCFDB:italy:ifec fabr hwr cirene line,IFEC FABR - HWR - CIRENE Line,Italy,,,,,,,,no donor
NFCFDB:italy:ifec fabr mtr line,IFEC FABR - MTR Line,Italy,,,,,,,,no donor
NFCFDB:italy:ifec fabr high enrich line,IFEC FABR - High Enrich. Line,Italy,,,,,,,,no donor
NFCFDB:italy:impianto di bosco marengo,Impianto di Bosco Marengo,Italy,,,,,,,,no donor
NFCFDB:italy:plutonium laboratory,Plutonium Laboratory,Italy,,,,,,,,no donor
NFCFDB:italy:deposito avogadro,Deposito Avogadro,Italy,,,,,,,,no donor
NFCFDB:italy:conu magnox fuel fabrication,CONU Magnox Fuel Fabrication Plant,Italy,,,,,,,,no donor
NFCFDB:japan:kobe special tube chofu kita,Kobe Special Tube Chofu-Kita,Japan,,,,,,,,no donor
NFCFDB:japan:asahi u enrichment laboratory,Asahi U Enrichment Laboratory,Japan,,,,,,,,no donor
NFCFDB:japan:japan fuel conversion jco,Japan Nuclear Fuel Conversion (JCO),Japan,,,,,,,,no donor
NFCFDB:japan:rokkasho uranium enrichment,Rokkasho Uranium Enrichment Plant,Japan,,,,,,,,no donor
NFCFDB:japan:nfi kumatori works,NFI Kumatori Works,Japan,,,,,,,,no donor
NFCFDB:japan:mnf fuel fabrication,MNF-Fuel Fabrication Facility,Japan,,,,,,,,no donor
NFCFDB:japan:nfi tokai works,NFI Tokai Works,Japan,,,,,,,,no donor
NFCFDB:japan:jaea ningyo toge refinement and conversion wet process,JAEA Ningyo - Toge Refinement and Conversion Facility (Wet Process),Japan,,,,,,,,no donor
NFCFDB:japan:jaea ningyo toge uranium enrichment pilot,JAEA Ningyo - Toge Uranium Enrichment Pilot Plant,Japan,,,,,,,,no donor
NFCFDB:japan:jaea ningyo toge uranium enrichment demonstration dop,JAEA Ningyo - Toge Uranium Enrichment Demonstration Plant (DOP),Japan,,,,,,,,no donor
NFCFDB:japan:uranium sea water recovery,Uranium - Sea Water Recovery,Japan,,,,,,,,no donor
NFCFDB:japan:mitsubishi fuels ltd mnf okegawa,Mitsubishi Nuclear Fuels Ltd(MNF) - Okegawa Plant,Japan,,,,,,,,no donor
NFCFDB:japan:jaea tokai plutonium fuel fabrication pu 2 atr,JAEA Tokai Plutonium Fuel Fabrication Facility (Pu-2 - ATR),Japan,,,,,,,,no donor
NFCFDB:japan:jaea tokai plutonium fuel development pu 1 mox,JAEA Tokai Plutonium Fuel Development Facility (Pu-1 - MOX),Japan,,,,,,,,no donor
NFCFDB:japan:rokkasho spent fuel storage,Rokkasho Spent Fuel Storage,Japan,,,,,,,,no donor
NFCFDB:japan:rokkasho reprocessing,Rokkasho Reprocessing Plant,Japan,,,,,,,,no donor
NFCFDB:japan:sumitomo tube production,SUMITOMO Tube Production Plant,Japan,,,,,,,,no donor
NFCFDB:japan:jaea tokai reprocessing trp,JAEA Tokai Reprocessing Plant (TRP),Japan,,,,,,,,no donor
NFCFDB:japan:jaea tokai reprocessing spent fuel storage,JAEA Tokai Reprocessing Plant - Spent Fuel Storage,Japan,,,,,,,,no donor
NFCFDB:japan:global fuel kurihama manufacturing,Global Nuclear Fuel-Kurihama Manufacturing Plant,Japan,,,,,,,,no donor
NFCFDB:japan:cezus nagahama,Cezus - Nagahama,Japan,,,,,,,,no donor
NFCFDB:japan:jaea tokai plutonium fuel fabrication pu 2 fbr,JAEA Tokai Plutonium Fuel Fabrication Facility (Pu-2 - FBR),Japan,,,,,,,,no donor
NFCFDB:japan:fukushima daiichi site sfsf,Fukushima Daiichi NPP Site SFSF,Japan,,,,,,,,no donor
NFCFDB:japan:jaea tokai uranium enrichment facilities building l,JAEA Tokai Uranium Enrichment Facilities (Building L),Japan,,,,,,,,no donor
NFCFDB:japan:fukushima daiichi site sfsf,Fukushima Daiichi NPP Site SFSF,Japan,,,,,,,,no donor
NFCFDB:japan:jaea ningyo toge milling,JAEA Ningyo - Toge Milling Plant,Japan,,,,,,,,no donor
NFCFDB:japan:jaea ningyo toge refinement and conversion dry process,JAEA Ningyo - Toge  Refinement and Conversion Facility (Dry Process),Japan,,,,,,,,no donor
NFCFDB:japan:tokai test,Tokai Test Facility,Japan,,,,,,,,no donor
NFCFDB:japan:jaea tokai plutonium fuel production pu 3 fbr,JAEA Tokai Plutonium Fuel Production Facility (Pu-3 - FBR),Japan,,,,,,,,no donor
NFCFDB:japan:mnf reconversion,MNF-Reconversion facility,Japan,,,,,,,,no donor
NFCFDB:japan:jaea tokai reprocessing plutonium conversion development pcdf,JAEA Tokai Reprocessing Plant - Plutonium Conversion Development Facility (PCDF),Japan,,,,,,,,no donor
NFCFDB:japan:jaea tokai reprocessing test jrtf,JAEA Tokai Reprocessing Test Facility (JRTF),Japan,,,,,,,,no donor
NFCFDB:japan:nfi takeyama laboratory,NFI Takeyama Laboratory,Japan,,,,,,,,no donor
NFCFDB:japan:rokkasho fuel cycle facilities mox fuel fabrication,Rokkasho Nuclear Fuel Cycle Facilities (MOX Fuel Fabrication Plant),Japan,,,,,,,,no donor
NFCFDB:japan:zirco products chofu kita,Zirco Products Chofu-kita,Japan,,,,,,,,no donor
NFCFDB:japan:zirco products amagasaki,Zirco Products Amagasaki,Japan,,,,,,,,no donor
NFCFDB:japan:tokai ii site sfsf,Tokai II NPP Site SFSF,Japan,,,,,,,,no donor
NFCFDB:japan:recyclable fuel storage centre,Recyclable Fuel Storage Centre,Japan,,,,,,,,no donor
NFCFDB:kazakhstan:betpak dala jv llp,Betpak-Dala JV LLP,Kazakhstan,,,,,,,,no donor
NFCFDB:kazakhstan:stepnogorsky mining and chemical complex smcc,Stepnogorsky Mining and Chemical Complex (SMCC),Kazakhstan,,,,,,,,no donor
NFCFDB:kazakhstan:kaskor prikaspisky,Kaskor (Prikaspisky),Kazakhstan,,,,,,,,no donor
NFCFDB:kazakhstan:ulba metalurgical ump,Ulba Metalurgical Plant (UMP),Kazakhstan,,,,,,,,no donor
NFCFDB:kazakhstan:stepnoye mining group llp,Stepnoye Mining Group LLP,Kazakhstan,,,,,,,,no donor
NFCFDB:kazakhstan:mining group 6 llp,Mining Group 6 LLP,Kazakhstan,,,,,,,,no donor
NFCFDB:kazakhstan:kaskor mill,Kaskor Mill,Kazakhstan,,,,,,,,no donor
NFCFDB:kazakhstan:jv inkai,JV Inkai,Kazakhstan,,,,,,,,no donor
NFCFDB:kazakhstan:jv katco moynkum,JV Katco (Moynkum),Kazakhstan,,,,,,,,no donor
NFCFDB:kazakhstan:centralnoye taukent,Centralnoye (Taukent),Kazakhstan,,,,,,,,no donor
NFCFDB:kazakhstan:appak llp,Appak LLP,Kazakhstan,,,,,,,,no donor
NFCFDB:kazakhstan:karatau,Karatau,Kazakhstan,,,,,,,,no donor
NFCFDB:kazakhstan:jv zarechnoye,JV Zarechnoye,Kazakhstan,,,,,,,,no donor
NFCFDB:kazakhstan:kyzilkum llc,Kyzilkum LLC,Kazakhstan,,,,,,,,no donor
NFCFDB:kazakhstan:kendala kz jsc,KenDala.kz JSC,Kazakhstan,,,,,,,,no donor
NFCFDB:kazakhstan:ulba fa,Ulba-FA Plant,Kazakhstan,,,,,,,,no donor
NFCFDB:korea republic:uranium re conversion,Uranium Re-Conversion Facility,"Korea, Republic of",,,,,,,,no donor
NFCFDB:korea republic:candu fuel fabrication 1,Candu Fuel Fabrication Plant (1),"Korea, Republic of",,,,,,,,no donor
NFCFDB:korea republic:pwr fuel fabrication,PWR Fuel Fabrication Plant,"Korea, Republic of",,,,,,,,no donor
NFCFDB:korea republic:wolsong dry storage,Wolsong Dry Storage,"Korea, Republic of",,,,,,,,no donor
NFCFDB:korea republic:dupic fuel dev fac dfdf,DUPIC Fuel Dev. Fac. (DFDF),"Korea, Republic of",,,,,,,,no donor
NFCFDB:korea republic:dupic pilot scale,DUPIC Pilot Scale Facility,"Korea, Republic of",,,,,,,,no donor
NFCFDB:korea republic:phwr fuel fabrication,PHWR Fuel Fabrication Plant,"Korea, Republic of",,,,,,,,no donor
NFCFDB:korea republic:advanced spent fuel conditioning process,Advanced Spent Fuel Conditioning Process Facility,"Korea, Republic of",,,,,,,,no donor
NFCFDB:kyrgyzstan:kara balta,Kara Balta,Kyrgyzstan,,,,,,,,no donor
NFCFDB:lithuania:spent fuel storage 1,Spent Fuel Storage Facility - 1,Lithuania,,,,,,,,no donor
NFCFDB:lithuania:spent fuel storage 2,Spent Fuel Storage Facility - 2,Lithuania,,,,,,,,no donor
NFCFDB:lithuania:solid radioactive waste treatment and storage,Solid Radioactive Waste Treatment and storage Facility,Lithuania,,,,,,,,no donor
NFCFDB:luxembourg:local de collecte de dechets radioactifs lcdr,Local de collecte de déchets radioactifs (LCDR),Luxembourg,,,,,,,,no donor
NFCFDB:malawi:kayelekera,Kayelekera,Malawi,,,,,,,,no donor
NFCFDB:mexico:uranium concentrates refining pilot pprcu,Uranium Concentrates Refining Pilot Plant (PPRCU),Mexico,,,,,,,,no donor
NFCFDB:mexico:planta piloto de fabrication de combustible ppfc,Planta Piloto de Fabrication de Combustible (PPFC),Mexico,,,,,,,,no donor
NFCFDB:mexico:planta de beneficio de uranio de villa aldama chi,Planta de Beneficio de Uranio de Villa Aldama Chi.,Mexico,,,,,,,,no donor
NFCFDB:mexico:planta provisional de fabricacion de combustible,Planta Provisional de Fabricacion de Combustible,Mexico,,,,,,,,no donor
NFCFDB:mongolia:dornod erdes,Dornod / Erdes,Mongolia,,,,,,,,no donor
NFCFDB:morocco:jorf lasfar khouribga,Jorf Lasfar - Khouribga,Morocco,,,,,,,,no donor
NFCFDB:morocco:safi youssoufia,Safi - Youssoufia,Morocco,,,,,,,,no donor
NFCFDB:namibia:rossing,Rössing,Namibia,,,,,,,,no donor
NFCFDB:namibia:langer heinrich uranium,Langer Heinrich Uranium,Namibia,,,,,,,,no donor
NFCFDB:namibia:husab mine,Husab mine,Namibia,,,,,,,,no donor
NFCFDB:namibia:trekkopje mine,Trekkopje Mine,Namibia,,,,,,,,no donor
NFCFDB:namibia:happy valley,Happy valley,Namibia,,,,,,,,no donor
NFCFDB:namibia:norasa uranium project,Norasa Uranium project,Namibia,,,,,,,,no donor
NFCFDB:netherlands kingdom:urenco nederland,Urenco Nederland,"Netherlands, Kingdom of the",,,,,,,,no donor
NFCFDB:netherlands kingdom:covra,COVRA,"Netherlands, Kingdom of the",,,,,,,,no donor
NFCFDB:netherlands kingdom:molybdenum production facilities,Molybdenum production Facilities,"Netherlands, Kingdom of the",,,,,,,,no donor
NFCFDB:netherlands kingdom:waste storage,Waste Storage Facility,"Netherlands, Kingdom of the",,,,,,,,no donor
NFCFDB:niger:cominak,COMINAK,Niger,,,,,,,,no donor
NFCFDB:niger:somair,SOMAIR,Niger,,,,,,,,no donor
NFCFDB:norway:rjukan,Rjukan,Norway,,,,,,,,no donor
NFCFDB:norway:pilot uranium reprocessing,Pilot Uranium Reprocessing Plant,Norway,,,,,,,,no donor
NFCFDB:norway:fuel fabrication,Fuel Fabrication Plant,Norway,,,,,,,,no donor
NFCFDB:portugal:nisa,NISA,Portugal,,,,,,,,no donor
NFCFDB:portugal:urgeirica,Urgeirica,Portugal,,,,,,,,no donor
NFCFDB:portugal:oficina de tratamento quim,Oficina De Tratamento Quim.,Portugal,,,,,,,,no donor
NFCFDB:portugal:mina de castelejo,Mina De Castelejo,Portugal,,,,,,,,no donor
NFCFDB:portugal:mina da quinta do bispo,Mina Da Quinta Do Bispo,Portugal,,,,,,,,no donor
NFCFDB:portugal:mina cunha baixa,Mina Cunha Baixa,Portugal,,,,,,,,no donor
NFCFDB:portugal:mina da bica,Mina Da Bica,Portugal,,,,,,,,no donor
NFCFDB:portugal:mina senhora das fontes,Mina Senhora Das Fontes,Portugal,,,,,,,,no donor
NFCFDB:portugal:mina de sevilha,Mina De Sevilha,Portugal,,,,,,,,no donor
NFCFDB:romania:fuel subsidiary pitesti fcn pitesti,Nuclear Fuel Plant  Subsidiary Pitesti (FCN Pitesti),Romania,,,,,,,,no donor
NFCFDB:romania:feldioara branch,Feldioara Branch,Romania,,,,,,,,no donor
NFCFDB:romania:romag prod heavy water,Romag-PROD Heavy Water Plant,Romania,,,,,,,,no donor
NFCFDB:romania:dry storage wrmg,Dry Storage Facility (WRMG),Romania,,,,,,,,no donor
NFCFDB:romania:suceava branch,Suceava Branch,Romania,,,,,,,,no donor
NFCFDB:romania:bihor branch,Bihor Branch,Romania,,,,,,,,no donor
NFCFDB:romania:raten institute raten icn pitesi,RATEN Institute of Nuclear Research(RATEN ICN Pitesi),Romania,,,,,,,,no donor
NFCFDB:romania:oravita subsidiary,Oravita subsidiary,Romania,,,,,,,,no donor
NFCFDB:romania:feldioara uranium cocentrates processing,Feldioara Uranium Cocentrates Processing Plant,Romania,,,,,,,,no donor
NFCFDB:russian federation:machine building jsc msz wwer,"Machine - Building Plant, JSC MSZ (WWER)",Russian Federation,,,,,,,,no donor
NFCFDB:russian federation:leningrad site,Leningrad NPP Site,Russian Federation,,,,,,,,no donor
NFCFDB:russian federation:novovoronezh site,Novovoronezh NPP Site,Russian Federation,,,,,,,,no donor
NFCFDB:russian federation:machine building jsc msz fbr,"Machine - Building Plant ,JSC MSZ (FBR)",Russian Federation,,,,,,,,no donor
NFCFDB:russian federation:ural electrochemical intergrated jsc ueip,"Ural Electrochemical Intergrated Plant, JSC UEIP",Russian Federation,,,,,,,,no donor
NFCFDB:russian federation:rt 1,RT-1 Plant,Russian Federation,,,,,,,,no donor
NFCFDB:russian federation:high capacity snf reprocessing,High Capacity Plant (SNF reprocessing),Russian Federation,,,,,,,,no donor
NFCFDB:russian federation:kursk site,Kursk NPP Site,Russian Federation,,,,,,,,no donor
NFCFDB:russian federation:smolensk site,Smolensk NPP Site,Russian Federation,,,,,,,,no donor
NFCFDB:russian federation:vver 1000 snf wet storage,VVER-1000 SNF wet storage facility,Russian Federation,,,,,,,,no donor
NFCFDB:russian federation:priargunski krasnokamensk,Priargunski / Krasnokamensk,Russian Federation,,,,,,,,no donor
NFCFDB:russian federation:electrochemical jsc enrichment ecp jsc,"Electrochemical Plant, JSC (Enrichment) ECP, JSC",Russian Federation,,,,,,,,no donor
NFCFDB:russian federation:siberian chemical enrichment scp jsc,"Siberian Chemical Plant (Enrichment), SCP JSC",Russian Federation,,,,,,,,no donor
NFCFDB:russian federation:angarsk electrolysis chemical complex enrichment jsc aecc,"Angarsk Electrolysis Chemical Complex (Enrichment), JSC AECC",Russian Federation,,,,,,,,no donor
NFCFDB:russian federation:angarsk elecrolysis chemical complex conversion jsc aecc,"Angarsk Elecrolysis Chemical Complex (Conversion), JSC AECC",Russian Federation,,,,,,,,no donor
NFCFDB:russian federation:machine building jsc msz rbmk,"Machine - Building Plant, JSC MSZ (RBMK)",Russian Federation,,,,,,,,no donor
NFCFDB:russian federation:chepetski machine jsc,"Chepetski Machine Plant, JSC",Russian Federation,,,,,,,,no donor
NFCFDB:russian federation:novosibirsk chemical concentrates jcs nccp assembly,"Novosibirsk Chemical Concentrates Plant, JCS NCCP (Assembly)",Russian Federation,,,,,,,,no donor
NFCFDB:russian federation:rt 1 mayak reprocessing site,"RT-1, Mayak, Reprocessing Plant Site",Russian Federation,,,,,,,,no donor
NFCFDB:russian federation:mayak paket,Mayak - Paket,Russian Federation,,,,,,,,no donor
NFCFDB:russian federation:riar institute atomic reactors,RIAR (Research Institute of Atomic Reactors),Russian Federation,,,,,,,,no donor
NFCFDB:russian federation:dalur,Dalur,Russian Federation,,,,,,,,no donor
NFCFDB:russian federation:khiagda,Khiagda,Russian Federation,,,,,,,,no donor
NFCFDB:russian federation:riar institute atomic reactors,RIAR (Research Institute of Atomic Reactors),Russian Federation,,,,,,,,no donor
NFCFDB:russian federation:siberian chemical conversion scp jsc,"Siberian Chemical Plant (Conversion), SCP JSC",Russian Federation,,,,,,,,no donor
NFCFDB:russian federation:machine building jsc msz lwr,"Machine Building Plant, JSC MSZ (LWR)",Russian Federation,,,,,,,,no donor
NFCFDB:russian federation:novosibirsk chemical concentrates jsc nccp,"Novosibirsk Chemical Concentrates Plant, JSC NCCP",Russian Federation,,,,,,,,no donor
NFCFDB:russian federation:mining and chemical complex site stage i,"Mining and Chemical Complex Site, Stage I",Russian Federation,,,,,,,,no donor
NFCFDB:russian federation:rbmk 1000 snf dry storage,RBMK 1000 SNF dry storage facility,Russian Federation,,,,,,,,no donor
NFCFDB:russian federation:vver 1000 snf dry storage,VVER-1000 SNF dry storage Facility,Russian Federation,,,,,,,,no donor
NFCFDB:russian federation:rbmk 1000 snf dry storage,RBMK 1000 SNF dry storage facility,Russian Federation,,,,,,,,no donor
NFCFDB:russian federation:pilot demonstration centre pdc for vver 1000 snf reprocessing with chamber stage i,Pilot Demonstration Centre (PDC) for VVER-1000 SNF reprocessing with research chamber - Stage I,Russian Federation,,,,,,,,no donor
NFCFDB:russian federation:pilot demonstration for vver 1000 snf reprocessing phaseii,Pilot Demonstration facility for VVER-1000 SNF reprocessing-PhaseII,Russian Federation,,,,,,,,no donor
NFCFDB:russian federation:mox fuel fabrication,MOX fuel fabrication plant,Russian Federation,,,,,,,,no donor
NFCFDB:russian federation:electrochemical jsc deconversion ecp jsc,"Electrochemical Plant, JSC (Deconversion), ECP, JSC",Russian Federation,,,,,,,,no donor
NFCFDB:russian federation:fabrication refabrication module brest od 300,Fabrication-Refabrication module BREST-OD-300,Russian Federation,,,,,,,,no donor
NFCFDB:russian federation:mox fuel fabrication remix,MOX Fuel Fabrication Plant (REMIX),Russian Federation,,,,,,,,no donor
NFCFDB:russian federation:siberian chemical remix fuel scp jsc,"Siberian Chemical Plant (REMIX fuel), SCP JSC",Russian Federation,,,,,,,,no donor
NFCFDB:russian federation:reprocessing module at brest od 300 pilot demonstration complex,Reprocessing module at BREST-OD-300 pilot demonstration power complex,Russian Federation,,,,,,,,no donor
NFCFDB:serbia:kalna mine,KALNA Mine,Serbia,,,,,,,,no donor
NFCFDB:slovakia:bohunice site sfsf,Bohunice NPP Site SFSF,Slovakia,,,,,,,,no donor
NFCFDB:slovakia:bohumice site sfsf,Bohumice NPP Site SFSF,Slovakia,,,,,,,,no donor
NFCFDB:slovenia:rudnik zirovski vrh,Rudnik Zirovski VRH,Slovenia,,,,,,,,no donor
NFCFDB:slovenia:nuklearna elektrarna krsko,Nuklearna elektrarna Krško,Slovenia,,,,,,,,no donor
NFCFDB:south africa:beisa,Beisa,South Africa,,,,,,,,no donor
NFCFDB:south africa:blyvooruitzicht,Blyvooruitzicht,South Africa,,,,,,,,no donor
NFCFDB:south africa:buffelsfontein,Buffelsfontein,South Africa,,,,,,,,no donor
NFCFDB:south africa:driefontein,Driefontein,South Africa,,,,,,,,no donor
NFCFDB:south africa:east rand,East Rand,South Africa,,,,,,,,no donor
NFCFDB:south africa:freegold,Freegold,South Africa,,,,,,,,no donor
NFCFDB:south africa:harmony merriespruit,Harmony (Merriespruit),South Africa,,,,,,,,no donor
NFCFDB:south africa:hartebeestfontein,Hartebeestfontein,South Africa,,,,,,,,no donor
NFCFDB:south africa:fuels corporation nufcor,Nuclear Fuels Corporation (NUFCOR),South Africa,,,,,,,,no donor
NFCFDB:south africa:palabora,Palabora,South Africa,,,,,,,,no donor
NFCFDB:south africa:randfontein cooke,Randfontein (Cooke),South Africa,,,,,,,,no donor
NFCFDB:south africa:stilfontein,Stilfontein,South Africa,,,,,,,,no donor
NFCFDB:south africa:vaal reefs 1,Vaal Reefs - 1,South Africa,,,,,,,,no donor
NFCFDB:south africa:valindaba uf6,Valindaba (UF6),South Africa,,,,,,,,no donor
NFCFDB:south africa:valindaba z,Valindaba Z - Plant,South Africa,,,,,,,,no donor
NFCFDB:south africa:west rand consolidated,West Rand Consolidated,South Africa,,,,,,,,no donor
NFCFDB:south africa:western areas,Western Areas,South Africa,,,,,,,,no donor
NFCFDB:south africa:western deep levels,Western Deep Levels,South Africa,,,,,,,,no donor
NFCFDB:south africa:valindaba y,Valindaba Y - Plant,South Africa,,,,,,,,no donor
NFCFDB:south africa:valindaba laser,Valindaba (Laser),South Africa,,,,,,,,no donor
NFCFDB:south africa:beva,Beva,South Africa,,,,,,,,no donor
NFCFDB:south africa:pelindaba fuel fabrication,Pelindaba Fuel Fabrication,South Africa,,,,,,,,no donor
NFCFDB:south africa:pelindaba zircaloy tubing,Pelindaba Zircaloy Tubing,South Africa,,,,,,,,no donor
NFCFDB:south africa:vaal reefs 2,Vaal Reefs - 2,South Africa,,,,,,,,no donor
NFCFDB:south africa:uranium one,Uranium One,South Africa,,,,,,,,no donor
NFCFDB:south africa:doornfontain,Doornfontain,South Africa,,,,,,,,no donor
NFCFDB:south africa:daggafontain,Daggafontain,South Africa,,,,,,,,no donor
NFCFDB:south africa:president styne gold mine,President Styne Gold Mine,South Africa,,,,,,,,no donor
NFCFDB:south africa:president brand gold mine,President Brand Gold Mine,South Africa,,,,,,,,no donor
NFCFDB:south africa:beatrix gold mine,Beatrix Gold Mine,South Africa,,,,,,,,no donor
NFCFDB:south africa:millsite,Millsite,South Africa,,,,,,,,no donor
NFCFDB:south africa:lorraine gold mine,Lorraine Gold Mine,South Africa,,,,,,,,no donor
NFCFDB:south africa:luipaardsvlei gold mine,Luipaardsvlei Gold Mine,South Africa,,,,,,,,no donor
NFCFDB:south africa:vogelstruitbult gold mine,Vogelstruitbult Gold Mine,South Africa,,,,,,,,no donor
NFCFDB:south africa:virginia gold mine,Virginia Gold Mine,South Africa,,,,,,,,no donor
NFCFDB:south africa:freddies gold mine,Freddies Gold Mine,South Africa,,,,,,,,no donor
NFCFDB:south africa:saaiplaas gold mine,Saaiplaas Gold Mine,South Africa,,,,,,,,no donor
NFCFDB:south africa:uranium one,Uranium One,South Africa,,,,,,,,no donor
NFCFDB:south africa:mine waste solution,Mine Waste Solution,South Africa,,,,,,,,no donor
NFCFDB:south africa:ezulwini mining company,Ezulwini Mining Company,South Africa,,,,,,,,no donor
NFCFDB:spain:planta lobo g,Planta Lobo-G,Spain,,,,,,,,no donor
NFCFDB:spain:planta elefante,Planta Elefante,Spain,,,,,,,,no donor
NFCFDB:spain:fabrica de combustible juzbado,Fabrica de combustible(Juzbado),Spain,,,,,,,,no donor
NFCFDB:spain:planta quercus,Planta Quercus,Spain,,,,,,,,no donor
NFCFDB:spain:andujar,Andujar,Spain,,,,,,,,no donor
NFCFDB:spain:trillo,Trillo NPP,Spain,wikidata,Q1739484,40.70139,-2.62222,exact-name-country,,,
NFCFDB:spain:afr dry storage almaraz,"AFR Dry storage Facility, Almaraz",Spain,,,,,,,,no donor
NFCFDB:spain:afr dry storage jose cabrera,AFR dry storage facility-Jose Cabrera NPP,Spain,,,,,,,,no donor
NFCFDB:spain:afr dsf asco,AFR DSF-ASCO,Spain,,,,,,,,no donor
NFCFDB:spain:la virgen,La Virgen,Spain,,,,,,,,no donor
NFCFDB:spain:montealegre u mine,Montealegre U mine,Spain,,,,,,,,no donor
NFCFDB:spain:navalsano u mine,Navalsano U Mine,Spain,,,,,,,,no donor
NFCFDB:spain:cano u mine,Cano U mine,Spain,,,,,,,,no donor
NFCFDB:spain:trapero u mine,Trapero U Mine,Spain,,,,,,,,no donor
NFCFDB:spain:san vicente u mine,San Vicente U mine,Spain,,,,,,,,no donor
NFCFDB:spain:casilla de la flores u mine,Casilla de la Flores U mine,Spain,,,,,,,,no donor
NFCFDB:spain:vadellascon u mine,Vadellascon U mine,Spain,,,,,,,,no donor
NFCFDB:spain:viesgo ii u mine,Viesgo II U  mine,Spain,,,,,,,,no donor
NFCFDB:spain:sevillana u mine,Sevillana U mine,Spain,,,,,,,,no donor
NFCFDB:spain:carretona u mine,Carretona U mine,Spain,,,,,,,,no donor
NFCFDB:spain:ratones u mine,Ratones U mine,Spain,,,,,,,,no donor
NFCFDB:spain:broncana u mine,Broncana U mine,Spain,,,,,,,,no donor
NFCFDB:spain:cabra baja u mine,cabra baja U mine,Spain,,,,,,,,no donor
NFCFDB:spain:garguera,Garguera,Spain,,,,,,,,no donor
NFCFDB:spain:perdices,Perdices,Spain,,,,,,,,no donor
NFCFDB:spain:el sabio u mine,El Sabio U Mine,Spain,,,,,,,,no donor
NFCFDB:spain:zafrilla u mine,Zafrilla U mine,Spain,,,,,,,,no donor
NFCFDB:spain:pedregal u mine,Pedregal U mine,Spain,,,,,,,,no donor
NFCFDB:spain:maria lozano u mine,Maria Lozano U mine,Spain,,,,,,,,no donor
NFCFDB:spain:intermedia u mine,Intermedia U mine,Spain,,,,,,,,no donor
NFCFDB:spain:lobo u mine,Lobo U Mine,Spain,,,,,,,,no donor
NFCFDB:sweden:clab isf,Clab ISF,Sweden,,,,,,,,no donor
NFCFDB:sweden:sandvik materials technology,Sandvik Materials Technology,Sweden,,,,,,,,no donor
NFCFDB:sweden:westinghouse electric sweden ab,Westinghouse Electric Sweden AB,Sweden,,,,,,,,no donor
NFCFDB:sweden:ranstad mineral ab,Ranstad Mineral AB,Sweden,,,,,,,,no donor
NFCFDB:sweden:studsvik ab,Studsvik Nuclear AB,Sweden,,,,,,,,no donor
NFCFDB:sweden:sfr,SFR,Sweden,,,,,,,,no donor
NFCFDB:sweden:chalmers university technology,Chalmers university of Technology,Sweden,,,,,,,,no donor
NFCFDB:sweden:cyclife,Cyclife,Sweden,,,,,,,,no donor
NFCFDB:switzerland:zwilag,ZWILAG,Switzerland,,,,,,,,no donor
NFCFDB:switzerland:zwibez,ZWIBEZ,Switzerland,,,,,,,,no donor
NFCFDB:syrian arab republic:syrian fertilizers,Syrian fertilizers plant,Syrian Arab Republic,,,,,,,,no donor
NFCFDB:tajikistan:state unitary interprise tajik rare metals tajredmet,"State Unitary Interprise ""Tajik Rare metals-Tajredmet""",Tajikistan,,,,,,,,no donor
NFCFDB:thailand:trr 1 m1 spent fuel storage,TRR-1/M1 Spent fuel storage facility,Thailand,,,,,,,,no donor
NFCFDB:tunisia:gabes,Gabes,Tunisia,,,,,,,,no donor
NFCFDB:turkiye:cnrc fuel pilot conversion,CNRC Nuclear Fuel Pilot Plant - Conversion,Türkiye,,,,,,,,no donor
NFCFDB:turkiye:koprubasi pilot,Koprubasi Pilot Plant,Türkiye,,,,,,,,no donor
NFCFDB:turkiye:mta technology lab,MTA Technology Lab.,Türkiye,,,,,,,,no donor
NFCFDB:turkiye:mta technology lab tho2 recovery,MTA Technology Lab - ThO2 Recovery,Türkiye,,,,,,,,no donor
NFCFDB:turkiye:cnrc fuel pilot pellet production,CNRC Nuclear Fuel Pilot Plant - Pellet Production,Türkiye,,,,,,,,no donor
NFCFDB:turkiye:mta technology lab uranium ore processing,MTA Technology Lab - Uranium Ore Processing,Türkiye,,,,,,,,no donor
NFCFDB:turkiye:rwmf,RWMF,Türkiye,,,,,,,,no donor
NFCFDB:ukraine:dnieprodzerzynsk,Dnieprodzerzynsk,Ukraine,,,,,,,,no donor
NFCFDB:ukraine:chernobyl site,Chernobyl NPP Site,Ukraine,,,,,,,,no donor
NFCFDB:ukraine:zheltiye vody,Zheltiye Vody,Ukraine,,,,,,,,no donor
NFCFDB:ukraine:chernobyl site,Chernobyl NPP Site,Ukraine,,,,,,,,no donor
NFCFDB:ukraine:centralised spent fuel storage,Centralised  spent fuel storage facility,Ukraine,,,,,,,,no donor
NFCFDB:united kingdom:nda capenhurst gd,NDA Capenhurst (GD),United Kingdom,,,,,,,,no donor
NFCFDB:united kingdom:springfields main line chemical,Springfields Main Line Chemical Plant,United Kingdom,,,,,,,,no donor
NFCFDB:united kingdom:springfields agr fuel canning,Springfields AGR Fuel Canning Plant,United Kingdom,,,,,,,,no donor
NFCFDB:united kingdom:springfields magnox canning,Springfields Magnox Canning Plant,United Kingdom,,,,,,,,no donor
NFCFDB:united kingdom:springfields oxide fuel complex pwr,Springfields Oxide Fuel Complex (PWR),United Kingdom,,,,,,,,no donor
NFCFDB:united kingdom:springfields hex conversion,Springfields ( Hex Conversion),United Kingdom,,,,,,,,no donor
NFCFDB:united kingdom:springfields u metal,Springfields U Metal Plant,United Kingdom,,,,,,,,no donor
NFCFDB:united kingdom:nda sellafield magnox reprocessing,NDA Sellafield Magnox Reprocessing,United Kingdom,,,,,,,,no donor
NFCFDB:united kingdom:nda sellafield pond 3,NDA Sellafield Pond 3,United Kingdom,,,,,,,,no donor
NFCFDB:united kingdom:nda sellafield pond,NDA Sellafield Pond,United Kingdom,,,,,,,,no donor
NFCFDB:united kingdom:nda reprocessing mtr,"NDA Reprocessing Plant, MTR",United Kingdom,,,,,,,,no donor
NFCFDB:united kingdom:nda reprocessing mox,"NDA Reprocessing Plant, MOX",United Kingdom,,,,,,,,no donor
NFCFDB:united kingdom:springfields line 3 hex,Springfields Line 3 Hex Plant,United Kingdom,,,,,,,,no donor
NFCFDB:united kingdom:nda sellafield fuel handling,NDA Sellafield Fuel Handling Plant,United Kingdom,,,,,,,,no donor
NFCFDB:united kingdom:nda sellafield pond 4,NDA Sellafield Pond 4,United Kingdom,,,,,,,,no donor
NFCFDB:united kingdom:nda mox for fbr,NDA MOX For FBR,United Kingdom,,,,,,,,no donor
NFCFDB:united kingdom:nda sellafield mox smp,NDA Sellafield MOX Plant (SMP),United Kingdom,,,,,,,,no donor
NFCFDB:united kingdom:nda thorp rt and st 1 2,"NDA Thorp RT and ST-1,2",United Kingdom,,,,,,,,no donor
NFCFDB:united kingdom:nda sellafield thorp,NDA Sellafield Thorp,United Kingdom,,,,,,,,no donor
NFCFDB:united kingdom:urenco uk,Urenco UK,United Kingdom,,,,,,,,no donor
NFCFDB:united kingdom:nda sellafield mdf mox demonstration,NDA Sellafield MDF (MOX Demonstration Facility),United Kingdom,,,,,,,,no donor
NFCFDB:united kingdom:nda fuel fabrication,NDA Fuel Fabrication Plant,United Kingdom,,,,,,,,no donor
NFCFDB:united kingdom:dounreay fuel storage,DOUNREAY Fuel Storage Facility,United Kingdom,,,,,,,,no donor
NFCFDB:united kingdom:nda conversion,NDA Conversion Plant,United Kingdom,,,,,,,,no donor
NFCFDB:united kingdom:springfields line 4 hex,Springfields Line 4 Hex Plant,United Kingdom,,,,,,,,no donor
NFCFDB:united kingdom:springfields ofc agr line,Springfields OFC AGR Line,United Kingdom,,,,,,,,no donor
NFCFDB:united kingdom:springfields uo2 conversion,Springfields ( UO2 Conversion),United Kingdom,,,,,,,,no donor
NFCFDB:united kingdom:springfields ofc lwr line,Springfields OFC LWR Line,United Kingdom,,,,,,,,no donor
NFCFDB:united kingdom:springfields idr,Springfields IDR Plant,United Kingdom,,,,,,,,no donor
NFCFDB:united kingdom:miscellaneous pellet,Miscellaneous Pellet Plant,United Kingdom,,,,,,,,no donor
NFCFDB:united kingdom:springfields enr u residue recovery,Springfields Enr. U Residue Recovery Plant,United Kingdom,,,,,,,,no donor
NFCFDB:united kingdom:nda wylfa site,NDA Wylfa NPP Site,United Kingdom,,,,,,,,no donor
NFCFDB:united kingdom:nda plutonium finishing line iii,NDA Plutonium Finishing Line III,United Kingdom,,,,,,,,no donor
NFCFDB:united kingdom:nda fuel manufacturing winfrith,NDA Fuel Manufacturing Facility (Winfrith),United Kingdom,,,,,,,,no donor
NFCFDB:united kingdom:nda dry recovery,NDA Dry Recovery Plant,United Kingdom,,,,,,,,no donor
NFCFDB:united kingdom:nda coprecipitation,NDA Coprecipitation Plant,United Kingdom,,,,,,,,no donor
NFCFDB:united kingdom:nda magnox reprocessing pilot,NDA Magnox Reprocessing Pilot Plant,United Kingdom,,,,,,,,no donor
NFCFDB:united kingdom:nda uranium purification,NDA Uranium Purification Plant,United Kingdom,,,,,,,,no donor
NFCFDB:united kingdom:nda solvent regeneration,NDA Solvent Regeneration Plant,United Kingdom,,,,,,,,no donor
NFCFDB:united kingdom:nda pu residues recovery,NDA  Pu Residues Recovery Plant,United Kingdom,,,,,,,,no donor
NFCFDB:united kingdom:nda reprocessing,NDA  Reprocessing Plant,United Kingdom,,,,,,,,no donor
NFCFDB:united kingdom:nda plutonium operating corridors,NDA Plutonium Operating Corridors,United Kingdom,,,,,,,,no donor
NFCFDB:united kingdom:nda sellafield pond,NDA Sellafield Pond,United Kingdom,,,,,,,,no donor
NFCFDB:united kingdom:nda dry granulation production,NDA Dry Granulation Production,United Kingdom,,,,,,,,no donor
NFCFDB:united kingdom:nda thorp miniature pilot tmpp,NDA Thorp Miniature Pilot Plant (TMPP),United Kingdom,,,,,,,,no donor
NFCFDB:united kingdom:nda sellafield north group facilities,NDA Sellafield North Group Facilities,United Kingdom,,,,,,,,no donor
NFCFDB:united states america:allens park,Allens Park,United States of America,,,,,,,,no donor
NFCFDB:united states america:apollo,Apollo,United States of America,,,,,,,,no donor
NFCFDB:united states america:bear creek,Bear Creek,United States of America,,,,,,,,no donor
NFCFDB:united states america:bluewater,Bluewater,United States of America,,,,,,,,no donor
NFCFDB:united states america:bruni,Bruni,United States of America,,,,,,,,no donor
NFCFDB:united states america:burns,Burns,United States of America,,,,,,,,no donor
NFCFDB:united states america:canon city i,Canon City-I,United States of America,,,,,,,,no donor
NFCFDB:united states america:l bar,L-Bar,United States of America,,,,,,,,no donor
NFCFDB:united states america:christensen ranch,Christensen Ranch,United States of America,,,,,,,,no donor
NFCFDB:united states america:clay west,Clay West,United States of America,,,,,,,,no donor
NFCFDB:united states america:columbia fuel fabrication,Columbia Fuel Fabrication Facility,United States of America,,,,,,,,no donor
NFCFDB:united states america:faustina agrico,Faustina (Agrico),United States of America,,,,,,,,no donor
NFCFDB:united states america:falls city,Falls City,United States of America,,,,,,,,no donor
NFCFDB:united states america:gas hills american,Gas Hills / American Nuclear,United States of America,,,,,,,,no donor
NFCFDB:united states america:sequoyah,Sequoyah Facility,United States of America,,,,,,,,no donor
NFCFDB:united states america:hematite abb ce,Hematite (ABB-CE),United States of America,,,,,,,,no donor
NFCFDB:united states america:hobson,Hobson,United States of America,,,,,,,,no donor
NFCFDB:united states america:grants,Grants,United States of America,,,,,,,,no donor
NFCFDB:united states america:irigaray ranch,Irigaray Ranch,United States of America,,,,,,,,no donor
NFCFDB:united states america:split rock,Split Rock,United States of America,,,,,,,,no donor
NFCFDB:united states america:kennewick,Kennewick,United States of America,,,,,,,,no donor
NFCFDB:united states america:kingsville dome,Kingsville Dome,United States of America,,,,,,,,no donor
NFCFDB:united states america:las palmas,Las Palmas,United States of America,,,,,,,,no donor
NFCFDB:united states america:lisbon,Lisbon,United States of America,,,,,,,,no donor
NFCFDB:united states america:lucky mc pathfinder,Lucky Mc (Pathfinder),United States of America,,,,,,,,no donor
NFCFDB:united states america:lynchburg fc fuels,Lynchburg - FC Fuels,United States of America,,,,,,,,no donor
NFCFDB:united states america:mcbryde,McBryde,United States of America,,,,,,,,no donor
NFCFDB:united states america:metropolis conversion,Metropolis Conversion Facility,United States of America,,,,,,,,no donor
NFCFDB:united states america:moab,Moab,United States of America,,,,,,,,no donor
NFCFDB:united states america:morris reprocessing site wet,Morris Reprocessing Plant Site (Wet),United States of America,,,,,,,,no donor
NFCFDB:united states america:mt lucas,Mt. Lucas,United States of America,,,,,,,,no donor
NFCFDB:united states america:bartow module,Bartow Module,United States of America,,,,,,,,no donor
NFCFDB:united states america:gas hills umetco,Gas Hills / Umetco,United States of America,,,,,,,,no donor
NFCFDB:united states america:oak ridge k 25 y 12,"Oak Ridge K-25, Y-12",United States of America,,,,,,,,no donor
NFCFDB:united states america:paducah gaseous diffusion,Paducah Gaseous Diffusion,United States of America,,,,,,,,no donor
NFCFDB:united states america:palangana,Palangana,United States of America,,,,,,,,no donor
NFCFDB:united states america:panna maria,Panna Maria,United States of America,,,,,,,,no donor
NFCFDB:united states america:shirley basin pathfinder,Shirley Basin / Pathfinder,United States of America,,,,,,,,no donor
NFCFDB:united states america:city module,Plant City Module,United States of America,,,,,,,,no donor
NFCFDB:united states america:portsmouth gaseous diffusion,Portsmouth Gaseous Diffusion,United States of America,,,,,,,,no donor
NFCFDB:united states america:sweetwater,Sweetwater,United States of America,,,,,,,,no donor
NFCFDB:united states america:richland fuel fabrication,Richland Fuel Fabrication Plant,United States of America,,,,,,,,no donor
NFCFDB:united states america:rosita,Rosita,United States of America,,,,,,,,no donor
NFCFDB:united states america:smith ranch,Smith Ranch,United States of America,,,,,,,,no donor
NFCFDB:united states america:wah chang albany,Wah Chang - Albany,United States of America,,,,,,,,no donor
NFCFDB:united states america:gruy ranch satellite,Gruy Ranch (Satellite),United States of America,,,,,,,,no donor
NFCFDB:united states america:shirley basin petromics,Shirley Basin / Petromics,United States of America,,,,,,,,no donor
NFCFDB:united states america:shootering canyon,Shootering Canyon,United States of America,,,,,,,,no donor
NFCFDB:united states america:trevino,Trevino,United States of America,,,,,,,,no donor
NFCFDB:united states america:uncle sam,Uncle Sam,United States of America,,,,,,,,no donor
NFCFDB:united states america:uravan,Uravan,United States of America,,,,,,,,no donor
NFCFDB:united states america:wellpinit,Wellpinit,United States of America,,,,,,,,no donor
NFCFDB:united states america:western zirconium,Western Zirconium,United States of America,,,,,,,,no donor
NFCFDB:united states america:white mesa mill,White Mesa Mill,United States of America,,,,,,,,no donor
NFCFDB:united states america:wilmington,Wilmington,United States of America,,,,,,,,no donor
NFCFDB:united states america:wilmington,Wilmington,United States of America,,,,,,,,no donor
NFCFDB:united states america:zamzow,Zamzow,United States of America,,,,,,,,no donor
NFCFDB:united states america:lawrence livermore national laboratory,Lawrence Livermore National Laboratory,United States of America,,,,,,,,no donor
NFCFDB:united states america:rhone poulenc inc,"Rhone Poulenc, Inc.",United States of America,,,,,,,,no donor
NFCFDB:united states america:hansen,Hansen,United States of America,,,,,,,,no donor
NFCFDB:united states america:lamprecht,Lamprecht,United States of America,,,,,,,,no donor
NFCFDB:united states america:crow butte,Crow Butte,United States of America,,,,,,,,no donor
NFCFDB:united states america:highland,Highland,United States of America,,,,,,,,no donor
NFCFDB:united states america:midnite,Midnite,United States of America,,,,,,,,no donor
NFCFDB:united states america:holiday el mesquite,Holiday / El Mesquite,United States of America,,,,,,,,no donor
NFCFDB:united states america:marquez,Marquez,United States of America,,,,,,,,no donor
NFCFDB:united states america:west cole,West Cole,United States of America,,,,,,,,no donor
NFCFDB:united states america:ambrosia lake,Ambrosia Lake,United States of America,,,,,,,,no donor
NFCFDB:united states america:oak ridge,Oak Ridge,United States of America,,,,,,,,no donor
NFCFDB:united states america:ge morris,GE Morris,United States of America,,,,,,,,no donor
NFCFDB:united states america:west valley,West Valley,United States of America,,,,,,,,no donor
NFCFDB:united states america:barnwell,Barnwell,United States of America,,,,,,,,no donor
NFCFDB:united states america:new wales,New Wales Plant,United States of America,,,,,,,,no donor
NFCFDB:united states america:west valley reprocessing site,West Valley Reprocessing Plant Site,United States of America,,,,,,,,no donor
NFCFDB:united states america:alta mesa,Alta Mesa,United States of America,,,,,,,,no donor
NFCFDB:united states america:canon city,Canon City,United States of America,,,,,,,,no donor
NFCFDB:united states america:owl creek site,Owl Creek NPP Site,United States of America,,,,,,,,no donor
NFCFDB:united states america:arkansas no 1 site isfsi,Arkansas Nuclear No:1 NPP Site ISFSI,United States of America,,,,,,,,no donor
NFCFDB:united states america:peach bottom site isfsi,Peach Bottom NPP Site ISFSI,United States of America,,,,,,,,no donor
NFCFDB:united states america:prairie island site isfsi,Prairie Island NPP Site ISFSI,United States of America,,,,,,,,no donor
NFCFDB:united states america:fort st vrain site isfsi,Fort St. Vrain NPP Site ISFSI,United States of America,,,,,,,,no donor
NFCFDB:united states america:point beach site isfsi,Point Beach NPP Site ISFSI,United States of America,,,,,,,,no donor
NFCFDB:united states america:palisades site isfsi,Palisades NPP Site ISFSI,United States of America,,,,,,,,no donor
NFCFDB:united states america:davis besse site isfsi,Davis Besse NPP Site ISFSI,United States of America,,,,,,,,no donor
NFCFDB:united states america:calvert cliffs site,Calvert Cliffs NPP Site,United States of America,,,,,,,,no donor
NFCFDB:united states america:surry site isfsi,Surry NPP Site ISFSI,United States of America,,,,,,,,no donor
NFCFDB:united states america:h b robinson site isfsi,H.B. Robinson NPP Site ISFSI,United States of America,,,,,,,,no donor
NFCFDB:united states america:oconee site isfsi,Oconee NPP Site ISFSI,United States of America,,,,,,,,no donor
NFCFDB:united states america:claiborne enrichment center,Claiborne Enrichment Center,United States of America,,,,,,,,no donor
NFCFDB:united states america:big rock point site shutdown isfsi,Big Rock Point NPP Site (shutdown) ISFSI,United States of America,,,,,,,,no donor
NFCFDB:united states america:trojan site shutdown isfsi,Trojan NPP Site (shutdown) ISFSI,United States of America,,,,,,,,no donor
NFCFDB:united states america:mcguire site isfsi,McGuire NPP Site ISFSI,United States of America,,,,,,,,no donor
NFCFDB:united states america:los alamos plutonium,Los Alamos Plutonium Facility,United States of America,,,,,,,,no donor
NFCFDB:united states america:idaho cpp 603 ifsf cpp 749,"Idaho CPP-603 IFSF, CPP-749",United States of America,,,,,,,,no donor
NFCFDB:united states america:idaho cpp 603 cpp 666,"Idaho CPP-603, CPP-666",United States of America,,,,,,,,no donor
NFCFDB:united states america:savannah river srs,Savannah River (SRS),United States of America,,,,,,,,no donor
NFCFDB:united states america:actinide packaging and storage fac apsf,Actinide Packaging and Storage Fac. (APSF),United States of America,,,,,,,,no donor
NFCFDB:united states america:idaho chemical processing,Idaho Chemical Processing Plant,United States of America,,,,,,,,no donor
NFCFDB:united states america:hanford,Hanford,United States of America,,,,,,,,no donor
NFCFDB:united states america:hanford k basins,Hanford - K Basins,United States of America,,,,,,,,no donor
NFCFDB:united states america:hanford plutonium finishing,Hanford - Plutonium Finishing Plant,United States of America,,,,,,,,no donor
NFCFDB:united states america:hanford b,Hanford - B Plant,United States of America,,,,,,,,no donor
NFCFDB:united states america:hanford,Hanford,United States of America,,,,,,,,no donor
NFCFDB:united states america:hanford canister storage building,Hanford - Canister Storage Building,United States of America,,,,,,,,no donor
NFCFDB:united states america:fuels and materials examination fac fmef,Fuels and Materials Examination Fac. (FMEF),United States of America,,,,,,,,no donor
NFCFDB:united states america:green river,Green River,United States of America,,,,,,,,no donor
NFCFDB:united states america:idaho tan 607 demonstration,Idaho TAN-607 demonstration,United States of America,,,,,,,,no donor
NFCFDB:united states america:tmi 2 debris at idaho,"TMI-2, Debris at Idaho",United States of America,,,,,,,,no donor
NFCFDB:united states america:demox tomox,DeMOX - ToMOX,United States of America,,,,,,,,no donor
NFCFDB:united states america:private fuel storage isfsi,Private Fuel Storage ISFSI,United States of America,,,,,,,,no donor
NFCFDB:united states america:savannah river srs,Savannah River (SRS),United States of America,,,,,,,,no donor
NFCFDB:united states america:barnwell,Barnwell,United States of America,,,,,,,,no donor
NFCFDB:united states america:north anna site isfsi,North Anna NPP Site ISFSI,United States of America,,,,,,,,no donor
NFCFDB:united states america:portsmouth,Portsmouth,United States of America,,,,,,,,no donor
NFCFDB:united states america:paducah,Paducah,United States of America,,,,,,,,no donor
NFCFDB:united states america:dresden site,Dresden NPP Site,United States of America,,,,,,,,no donor
NFCFDB:united states america:oyster creek site,Oyster Creek NPP Site,United States of America,,,,,,,,no donor
NFCFDB:united states america:rancho seco site isfsi,Rancho Seco NPP Site ISFSI,United States of America,,,,,,,,no donor
NFCFDB:united states america:susquehanna site isfsi,Susquehanna NPP Site  ISFSI,United States of America,,,,,,,,no donor
NFCFDB:united states america:duane arnold site,Duane Arnold NPP Site,United States of America,,,,,,,,no donor
NFCFDB:united states america:7 hex reduction,Plant 7 (Hex Reduction Plant),United States of America,,,,,,,,no donor
NFCFDB:united states america:rmi extrusion,RMI Extrusion Plant,United States of America,,,,,,,,no donor
NFCFDB:united states america:dp west plutonium,DP West Plutonium Facility,United States of America,,,,,,,,no donor
NFCFDB:united states america:uranium manufacturing compton,Uranium Manufacturing Facility - Compton,United States of America,,,,,,,,no donor
NFCFDB:united states america:fuel fabrication attleboro,Fuel Fabrication Facility Attleboro,United States of America,,,,,,,,no donor
NFCFDB:united states america:uranium fuel fabrication,Uranium Fuel Fabrication Plant,United States of America,,,,,,,,no donor
NFCFDB:united states america:b212 plutonium glovebox,B212 Plutonium Glovebox,United States of America,,,,,,,,no donor
NFCFDB:united states america:plutonium fabrication building 350,Plutonium Fabrication Facility (Building 350),United States of America,,,,,,,,no donor
NFCFDB:united states america:uranium fuel fabrication san jose,Uranium Fuel Fabrication Plant - San Jose,United States of America,,,,,,,,no donor
NFCFDB:united states america:advanced fuel laboratory,Advanced Fuel Laboratory,United States of America,,,,,,,,no donor
NFCFDB:united states america:special metallurgical,Special Metallurgical Facility,United States of America,,,,,,,,no donor
NFCFDB:united states america:material development,Nuclear Material Development Facility,United States of America,,,,,,,,no donor
NFCFDB:united states america:fuel services,Nuclear Fuel Services,United States of America,,,,,,,,no donor
NFCFDB:united states america:weldon spring site,Weldon Spring Site,United States of America,,,,,,,,no donor
NFCFDB:united states america:lanl ta 21,LANL TA-21,United States of America,,,,,,,,no donor
NFCFDB:united states america:hanford t complex,Hanford T Plant Complex,United States of America,,,,,,,,no donor
NFCFDB:united states america:hanford redox,Hanford Redox Facility,United States of America,,,,,,,,no donor
NFCFDB:united states america:american centrifuge demonstration,American Centrifuge Demonstration Facility,United States of America,,,,,,,,no donor
NFCFDB:united states america:vasquez,Vasquez,United States of America,,,,,,,,no donor
NFCFDB:united states america:urenco usa,Urenco USA,United States of America,,,,,,,,no donor
NFCFDB:united states america:browns ferry site,Browns Ferry NPP Site,United States of America,,,,,,,,no donor
NFCFDB:united states america:columbia site isfsi,Columbia Generating Station NPP Site ISFSI,United States of America,,,,,,,,no donor
NFCFDB:united states america:farley site,Farley NPP Site,United States of America,,,,,,,,no donor
NFCFDB:united states america:fitzpatrick site,FitzPatrick NPP Site,United States of America,,,,,,,,no donor
NFCFDB:united states america:haddam neck site,Haddam Neck NPP Site,United States of America,,,,,,,,no donor
NFCFDB:united states america:hatch site,Hatch NPP Site,United States of America,,,,,,,,no donor
NFCFDB:united states america:maine yankee site shut down isfsi,Maine Yankee NPP Site (shut down) ISFSI,United States of America,,,,,,,,no donor
NFCFDB:united states america:millstone site,Millstone NPP Site,United States of America,,,,,,,,no donor
NFCFDB:united states america:palo verde site,Palo Verde NPP Site,United States of America,,,,,,,,no donor
NFCFDB:united states america:quad cities site,Quad Cities NPP Site,United States of America,,,,,,,,no donor
NFCFDB:united states america:rancho seco site,Rancho Seco NPP Site,United States of America,,,,,,,,no donor
NFCFDB:united states america:river bend site,River Bend NPP Site,United States of America,,,,,,,,no donor
NFCFDB:united states america:san onofre site,San Onofre NPP Site,United States of America,,,,,,,,no donor
NFCFDB:united states america:sequoyah site isfsi,Sequoyah NPP Site ISFSI,United States of America,,,,,,,,no donor
NFCFDB:united states america:yankee rowe site shutdown isfsi,Yankee Rowe NPP Site (shutdown) ISFSI,United States of America,,,,,,,,no donor
NFCFDB:united states america:bwx technology bwxt fuel,BWX Technology (BWXT) Fuel Facility,United States of America,,,,,,,,no donor
NFCFDB:united states america:american centrifuge,American Centrifuge Plant,United States of America,,,,,,,,no donor
NFCFDB:united states america:h canyon,H-Canyon,United States of America,,,,,,,,no donor
NFCFDB:united states america:church rock,Church Rock,United States of America,,,,,,,,no donor
NFCFDB:united states america:eagle enrichment,Eagle Enrichment Facility,United States of America,,,,,,,,no donor
NFCFDB:united states america:global laser enrichment gle,Global Laser Enrichment (GLE),United States of America,,,,,,,,no donor
NFCFDB:united states america:goliad uranium project,Goliad Uranium Project,United States of America,,,,,,,,no donor
NFCFDB:united states america:fluorine extraction process and depleted uranium deconversion fep dup,Fluorine Extraction Process and Depleted Uranium Deconversion Plant (FEP/DUP),United States of America,,,,,,,,no donor
NFCFDB:united states america:job and antelope,Job and Antelope,United States of America,,,,,,,,no donor
NFCFDB:united states america:la palangana,La Palangana,United States of America,,,,,,,,no donor
NFCFDB:united states america:lost creek,Lost Creek,United States of America,,,,,,,,no donor
NFCFDB:united states america:moore ranch,Moore Ranch,United States of America,,,,,,,,no donor
NFCFDB:united states america:mox fuel fabrication mfff,MOX Fuel Fabrication Facility (MFFF),United States of America,,,,,,,,no donor
NFCFDB:united states america:nichols ranch isl project,Nichols Ranch ISL Project,United States of America,,,,,,,,no donor
NFCFDB:united states america:pinon ridge mill,Pinon Ridge Mill,United States of America,,,,,,,,no donor
NFCFDB:united states america:nichols project,Nichols Project,United States of America,,,,,,,,no donor
NFCFDB:united states america:brunswick isfsi,Brunswick NPP ISFSI,United States of America,,,,,,,,no donor
NFCFDB:united states america:byron site x000d,Byron NPP Site_x000d_,United States of America,,,,,,,,no donor
NFCFDB:united states america:catawba isfsi x000d,Catawba NPP ISFSI_x000d_,United States of America,,,,,,,,no donor
NFCFDB:united states america:cooper isfsi x000d,Cooper Station ISFSI_x000d_,United States of America,,,,,,,,no donor
NFCFDB:united states america:diablo canyon site isfsi x000d,Diablo Canyon NPP Site ISFSI_x000d_,United States of America,,,,,,,,no donor
NFCFDB:united states america:fort calhoun site isfsi x000d,Fort Calhoun NPP Site ISFSI_x000d_,United States of America,,,,,,,,no donor
NFCFDB:united states america:ginna isfsi x000d,Ginna NPP ISFSI_x000d_,United States of America,,,,,,,,no donor
NFCFDB:united states america:grand gulf site isfsi x000d,Grand Gulf NPP Site ISFSI_x000d_,United States of America,,,,,,,,no donor
NFCFDB:united states america:hope creek salem combined isfsi x000d,Hope Creek/Salem (combined) ISFSI_x000d_,United States of America,,,,,,,,no donor
NFCFDB:united states america:humboldt bay x000d,Humboldt Bay_x000d_,United States of America,,,,,,,,no donor
NFCFDB:united states america:indian point isfsi x000d,Indian Point ISFSI_x000d_,United States of America,,,,,,,,no donor
NFCFDB:united states america:kewaunee isfsi x000d,Kewaunee NPP ISFSI_x000d_,United States of America,,,,,,,,no donor
NFCFDB:united states america:lacrosse shutdown isfsi x000d,Lacrosse NPP (shutdown) ISFSI_x000d_,United States of America,,,,,,,,no donor
NFCFDB:united states america:lasalle county isfsi x000d,LaSalle County ISFSI_x000d_,United States of America,,,,,,,,no donor
NFCFDB:united states america:limerick isfsi x000d,Limerick NPP ISFSI_x000d_,United States of America,,,,,,,,no donor
NFCFDB:united states america:seabrook isfsi x000d,Seabrook ISFSI_x000d_,United States of America,,,,,,,,no donor
NFCFDB:united states america:st lucie site x000d,St. Lucie NPP Site_x000d_,United States of America,,,,,,,,no donor
NFCFDB:united states america:vermont yankee isfsi x000d,Vermont Yankee NPP ISFSI_x000d_,United States of America,,,,,,,,no donor
NFCFDB:united states america:richland fuel fabrication,Richland Fuel Fabrication Plant,United States of America,,,,,,,,no donor
NFCFDB:united states america:consolidated interim storage,Consolidated Interim Storage facility,United States of America,,,,,,,,no donor
NFCFDB:united states america:consolidated interim storage cisf,Consolidated Interim Storage Facility (CISF),United States of America,,,,,,,,no donor
NFCFDB:united states america:triso x fuel fabrication,TRISO-X Fuel Fabrication Facility,United States of America,,,,,,,,no donor
NFCFDB:united states america:haleu demonstration,HALEU Demonstration Plant,United States of America,,,,,,,,no donor
NFCFDB:uzbekistan:navoi hydrometallurgical no 1,Navoi Hydrometallurgical Plant No.1,Uzbekistan,,,,,,,,no donor
RRDB:EG0002,ETRR-2,Egypt,wikidata,Q18208218,30.2931,31.409,exact-name-country,,,
RRDB:KZ0004,WWR-K CF,Kazakhstan,,,,,,,,no donor
RRDB:EG0001,ETRR-1,Egypt,,,,,,,,no donor
RRDB:RU0125,IZhSR,Russian Federation,,,,,,,,no donor
RRDB:CN0021,TMSR-LF1,China,,,,,,,,no donor
RRDB:US0308,PNNL-CML Critical Mass Lab,United States of America,,,,,,,,no donor
RRDB:NL006 ,PALLAS,"Netherlands, Kingdom of the",,,,,,,,no donor
RRDB:BR0005,RMB,Brazil,,,,,,,,no donor
RRDB:RU0048,IRV-M2,Russian Federation,,,,,,,,no donor
RRDB:UZ0001,WWR-SM Tashkent,Uzbekistan,,,,,,,,no donor
RRDB:BR0004,IPEN/MB-01,Brazil,,,,,,,,no donor
RRDB:PK0002,PARR-2,Pakistan,,,,,,,,no donor
RRDB:PK0001,PARR-1,Pakistan,,,,,,,,no donor
RRDB:NG0001,NIRR-1,Nigeria,,,,,,,,no donor
RRDB:MA0001,MA-R1,Morocco,,,,,,,,no donor
RRDB:CL0001,RECH-1,Chile,,,,,,,,no donor
RRDB:TH003 ,SUT MNSR,Thailand,,,,,,,,no donor
RRDB:GH0001,GHARR-1,Ghana,,,,,,,,no donor
RRDB:TR0002,"TR-2, Turkish Reactor 2",Türkiye,,,,,,,,no donor
RRDB:TH0001,TRR-1/M1,Thailand,,,,,,,,no donor
RRDB:BD0001,"BTRR, BAEC TRIGA Research Reactor",Bangladesh,,,,,,,,no donor
RRDB:NL0002,HOR,"Netherlands, Kingdom of the",,,,,,,,no donor
RRDB:BO0001,RB-01,"Bolivia, Plurinational State of",,,,,,,,no donor
RRDB:JM0001,UWI CNS SLOWPOKE,Jamaica,,,,,,,,no donor
RRDB:RU109 ,UV-2,Russian Federation,,,,,,,,no donor
RRDB:RU108 ,UV-1,Russian Federation,,,,,,,,no donor
RRDB:MY0001,TRIGA Puspati (RTP),Malaysia,,,,,,,,no donor
RRDB:SI0001,TRIGA- MARK II LJUBLJANA,Slovenia,,,,,,,,no donor
RRDB:BR0002,IPR-R1,Brazil,,,,,,,,no donor
RRDB:IT0015,SM-1 Subcritical Assembly,Italy,,,,,,,,no donor
RRDB:PE0002,RP-10,Peru,,,,,,,,no donor
RRDB:RU102 ,MBIR,Russian Federation,,,,,,,,no donor
RRDB:KZ0001,WWR-K Almaty,Kazakhstan,,,,,,,,no donor
RRDB:IT0005,"LENA, TRIGA II PAVIA",Italy,,,,,,,,no donor
RRDB:JP0017,YAYOI,Japan,,,,,,,,no donor
RRDB:MN0001,Planned Research Reactor,Mongolia,,,,,,,,no donor
RRDB:JP0009,Musashi Reactor,Japan,,,,,,,,no donor
RRDB:AU0004,OPAL,Australia,,,,,,,,no donor
RRDB:CA0011,"SLOWPOKE, Alberta",Canada,,,,,,,,no donor
RRDB:CZ0007,Subcritical assembly SR-0B,Czech Republic,,,,,,,,no donor
RRDB:DZ0003,AURES-1,Algeria,,,,,,,,no donor
RRDB:GR0003,GR-B Subcritical Assembly,Greece,,,,,,,,no donor
RRDB:US0001,ARRR,United States of America,,,,,,,,no donor
RRDB:CH0003,CROCUS,Switzerland,wikidata,Q1024300,46.52124,6.57036,exact-name-country,,,
RRDB:CA0008,"SLOWPOKE-2, Toronto",Canada,,,,,,,,no donor
RRDB:NL0001,LFR,"Netherlands, Kingdom of the",,,,,,,,no donor
RRDB:BE0002,BR-2,Belgium,,,,,,,,no donor
RRDB:FI0001,FIR-1,Finland,wikidata,Q65083710,60.1877,24.83095,exact-name-country,,,
RRDB:US0238,MARF,United States of America,,,,,,,,no donor
RRDB:NL0004,HFR,"Netherlands, Kingdom of the",,,,,,,,no donor
RRDB:RU0005,IRT-2000,Russian Federation,,,,,,,,no donor
RRDB:JP0024,STACY,Japan,,,,,,,,no donor
RRDB:JP0020,JOYO,Japan,,,,,,,,no donor
RRDB:CZ0006,VR-2,Czech Republic,,,,,,,,no donor
RRDB:IN0002,CIRUS,India,wikidata,Q3085713,19.00778,72.91861,exact-name-country,,,
RRDB:IN0005,Dhruva,India,,,,,,,,no donor
RRDB:KR0003,AGN-201K,"Korea, Republic of",,,,,,,,no donor
RRDB:RU0018,Argus,Russian Federation,,,,,,,,no donor
RRDB:IR0007,KHRR,"Iran, Islamic Republic of",,,,,,,,no donor
RRDB:IR0006,IRR-10,"Iran, Islamic Republic of",,,,,,,,no donor
RRDB:DE0004,FRG-1,Germany,,,,,,,,no donor
RRDB:DE0019,SUR Aachen,Germany,,,,,,,,no donor
RRDB:DE0013,FRG-2,Germany,,,,,,,,no donor
RRDB:DE0003,FRM,Germany,,,,,,,,no donor
RRDB:US0308,PNNL-CML Critical Mass Lab,United States of America,,,,,,,,no donor
RRDB:KR0004,HANARO,"Korea, Republic of",,,,,,,,no donor
RRDB:KR005 ,KJRR,"Korea, Republic of",,,,,,,,no donor
RRDB:CD0002,TRICO II,Democratic Republic of the Congo,,,,,,,,no donor
RRDB:DZ0001,NUR,Algeria,wikidata,Q3421929,36.72608,3.00559,exact-name-country,,,
RRDB:DZ0002,ES-SALAM,Algeria,wikidata,Q3454314,35.5832,3.12155,exact-name-country,,,
RRDB:CZ0006,VR-2,Czech Republic,,,,,,,,no donor
RRDB:DE0041,RFR,Germany,,,,,,,,no donor
RRDB:DE0043,RAKE,Germany,,,,,,,,no donor
RRDB:DE0042,RRR,Germany,,,,,,,,no donor
RRDB:DE0016,SNEAK,Germany,,,,,,,,no donor
RRDB:DE0047,SAR,Germany,,,,,,,,no donor
RRDB:DE0038,STARK,Germany,,,,,,,,no donor
RRDB:DE0052,SUA,Germany,,,,,,,,no donor
RRDB:DE0053,SUAK,Germany,,,,,,,,no donor
RRDB:DE0002,SUR Berlin,Germany,,,,,,,,no donor
RRDB:DE0025,SUR Bremen,Germany,,,,,,,,no donor
RRDB:DE0001,SUR Darmstadt,Germany,,,,,,,,no donor
RRDB:DE0020,SUR Hamburg,Germany,,,,,,,,no donor
RRDB:DE0034,SUR Hannover,Germany,,,,,,,,no donor
RRDB:DE0024,SUR Karlsruhe,Germany,,,,,,,,no donor
RRDB:DE0022,SUR Kiel,Germany,,,,,,,,no donor
RRDB:DE0011,SUR Munich,Germany,,,,,,,,no donor
RRDB:DE0046,TRIGA HD I,Germany,,,,,,,,no donor
RRDB:DE0015,TRIGA HD II,Germany,,,,,,,,no donor
RRDB:DE0045,ZLFR,Germany,,,,,,,,no donor
RRDB:DE0029,FRH,Germany,,,,,,,,no donor
RRDB:DE0005,FRJ-1 (MERLIN),Germany,,,,,,,,no donor
RRDB:DE0033,KAHTER,Germany,,,,,,,,no donor
RRDB:DE0017,NS Otto Hahn,Germany,,,,,,,,no donor
RRDB:DE0032,KEITER,Germany,,,,,,,,no donor
RRDB:DE0008,PR-10 AEG Prüfreaktor,Germany,,,,,,,,no donor
RRDB:DE0018,FMRB,Germany,,,,,,,,no donor
RRDB:DE0007,FR-2,Germany,,,,,,,,no donor
RRDB:DE0030,FRN,Germany,,,,,,,,no donor
RRDB:DE0048,BER-I,Germany,,,,,,,,no donor
RRDB:DE0036,FRF-2,Germany,,,,,,,,no donor
RRDB:DE0049,FRF-1,Germany,,,,,,,,no donor
RRDB:DE0051,FRM II,Germany,,,,,,,,no donor
RRDB:DE0006,FRJ-2 (DIDO),Germany,,,,,,,,no donor
RRDB:FR0016,Masurca,France,wikidata,Q16040244,43.6756,5.76917,exact-name-country,,,
RRDB:FR0015,Isis,France,,,,,,,,no donor
RRDB:RU0015,IRT-MEPhI,Russian Federation,,,,,,,,no donor
RRDB:RU0124,PIK,Russian Federation,,,,,,,,no donor
RRDB:RU0014,IRT-T,Russian Federation,,,,,,,,no donor
RRDB:PH0001,PRR-1,Philippines,,,,,,,,no donor
RRDB:FR0050,REACTOR JULES HOROWITZ,France,wikidata,Q6305890,43.6778,5.76851,exact-name-country,,,
RRDB:RU0091,Stend-7,Russian Federation,,,,,,,,no donor
RRDB:RU031 ,FS-2,Russian Federation,,,,,,,,no donor
RRDB:RU0008,WWR-M,Russian Federation,,,,,,,,no donor
RRDB:RU0025,PIK Physical Model,Russian Federation,,,,,,,,no donor
RRDB:RU0063,BFS-1,Russian Federation,,,,,,,,no donor
RRDB:RU0095,659-L,Russian Federation,,,,,,,,no donor
RRDB:RU0090,Stend-6,Russian Federation,,,,,,,,no donor
RRDB:RU0087,Stend-3,Russian Federation,,,,,,,,no donor
RRDB:RU0086,Stend-2,Russian Federation,,,,,,,,no donor
RRDB:RU0085,Stend-1,Russian Federation,,,,,,,,no donor
RRDB:RU0056,SGO,Russian Federation,,,,,,,,no donor
RRDB:RU059 ,RF-GS,Russian Federation,,,,,,,,no donor
RRDB:RU0061,COBRA,Russian Federation,,,,,,,,no donor
RRDB:RU0060,BR-1,Russian Federation,,,,,,,,no donor
RRDB:RU0058,AMBF-2,Russian Federation,,,,,,,,no donor
RRDB:RU0057,STRELA,Russian Federation,,,,,,,,no donor
RRDB:RU0064,BFS-2,Russian Federation,,,,,,,,no donor
RRDB:RU0040,BARS-6,Russian Federation,,,,,,,,no donor
RRDB:RU0055,FG-5,Russian Federation,,,,,,,,no donor
RRDB:RU0039,27/VT,Russian Federation,,,,,,,,no donor
RRDB:RU0037,TOPAZ,Russian Federation,,,,,,,,no donor
RRDB:RU0007,BR-10,Russian Federation,,,,,,,,no donor
RRDB:BE0006,VENUS-F,Belgium,,,,,,,,no donor
RRDB:RU0089,Stend-5,Russian Federation,,,,,,,,no donor
RRDB:RU0049,IIN-3M,Russian Federation,,,,,,,,no donor
RRDB:RU119 ,TOPAZ-II (YENISEY),Russian Federation,,,,,,,,no donor
RRDB:RU0088,Stend-4,Russian Federation,,,,,,,,no donor
RRDB:RU0028,AM-1,Russian Federation,,,,,,,,no donor
RRDB:RU0045,BARS-3M,Russian Federation,,,,,,,,no donor
RRDB:RU0038,27/VM,Russian Federation,,,,,,,,no donor
RRDB:BE0001,BR-1,Belgium,,,,,,,,no donor
RRDB:RU0094,659,Russian Federation,,,,,,,,no donor
RRDB:RU0097,1125,Russian Federation,,,,,,,,no donor
RRDB:JP0007,TCA Tank Critical Assembly,Japan,,,,,,,,no donor
RRDB:JP0014,FCA,Japan,,,,,,,,no donor
RRDB:RU0047,TIBR-1M,Russian Federation,,,,,,,,no donor
RRDB:RU0009,IFR (IBR-1),Russian Federation,,,,,,,,no donor
RRDB:RU0016,IBR-30,Russian Federation,,,,,,,,no donor
RRDB:RU0044,BARS-2,Russian Federation,,,,,,,,no donor
RRDB:RU0029,IR-50,Russian Federation,,,,,,,,no donor
RRDB:RU0019,WWR-TS,Russian Federation,,,,,,,,no donor
RRDB:RU0036,IBR-2M,Russian Federation,,,,,,,,no donor
RRDB:RU0046,BARS-4,Russian Federation,,,,,,,,no donor
RRDB:JP0025,TRACY,Japan,,,,,,,,no donor
RRDB:BG0001,IRT-Sofia,Bulgaria,,,,,,,,no donor
RRDB:AT0001,ASTRA,Austria,wikidata,Q352410,47.9594,16.51584,exact-name-country,,,
RRDB:AT0003,SAR-Graz,Austria,,,,,,,,no donor
RRDB:AT0002,TRIGA II VIENNA,Austria,,,,,,,,no donor
RRDB:IT0008,RSV TAPIRO,Italy,,,,,,,,no donor
RRDB:GR0001,Demokritos (GRR-1),Greece,,,,,,,,no donor
RRDB:CA0007,Ecole Polytechnique Subcritical Assembly,Canada,,,,,,,,no donor
RRDB:IT0003,RANA,Italy,,,,,,,,no donor
RRDB:CA0013,"SLOWPOKE-2, Kanata",Canada,,,,,,,,no donor
RRDB:CA0003,PTR,Canada,,,,,,,,no donor
RRDB:CA0010,"SLOWPOKE-2, Halifax",Canada,,,,,,,,no donor
RRDB:CA0006,WR-1,Canada,,,,,,,,no donor
RRDB:CA0017,ZEEP,Canada,,,,,,,,no donor
RRDB:CA0014,"SLOWPOKE-2, RMC",Canada,,,,,,,,no donor
RRDB:CA0002,NRU,Canada,,,,,,,,no donor
RRDB:CA0015,MAPLE 1,Canada,,,,,,,,no donor
RRDB:CA0018,MAPLE 2,Canada,,,,,,,,no donor
RRDB:CA0001,NRX,Canada,wikidata,Q1724378,46.05167,-77.36361,exact-name-country,,,
RRDB:CA0009,"SLOWPOKE-2, Montreal",Canada,,,,,,,,no donor
RRDB:IT0007,RB-3,Italy,,,,,,,,no donor
RRDB:CH0004,AGN 211 P,Switzerland,,,,,,,,no donor
RRDB:PT0001,RPI,Portugal,,,,,,,,no donor
RRDB:KZ0002,IGR,Kazakhstan,,,,,,,,no donor
RRDB:US0061,NIST,United States of America,,,,,,,,no donor
RRDB:CZ0004,VR-1,Czech Republic,,,,,,,,no donor
RRDB:CN0006,MNSR IAE,China,,,,,,,,no donor
RRDB:CN0019,IHNI-1,China,,,,,,,,no donor
RRDB:CL0002,RECH-2,Chile,,,,,,,,no donor
RRDB:CN0003,ZPR Fast,China,,,,,,,,no donor
RRDB:IN0009,PURNIMA-III,India,,,,,,,,no donor
RRDB:CN0015,MNSR-SH,China,,,,,,,,no donor
RRDB:CN0014,MNSR-SD,China,,,,,,,,no donor
RRDB:CN0002,HWRR-II,China,,,,,,,,no donor
RRDB:US0070,ATR,United States of America,,,,,,,,no donor
RRDB:IT0006,TRIGA RC-1,Italy,,,,,,,,no donor
RRDB:CN0022,VENUS-1,China,,,,,,,,no donor
RRDB:CN0017,CARR,China,,,,,,,,no donor
RRDB:CN0018,CEFR,China,,,,,,,,no donor
RRDB:CN0013,MNSR-SZ,China,,,,,,,,no donor
RRDB:CN0005,SPR IAE,China,,,,,,,,no donor
RRDB:UZ0002,IIN-3M,Uzbekistan,,,,,,,,no donor
RRDB:PL0004,MARIA,Poland,wikidata,Q1438119,52.12295,21.34418,exact-name-country,,,
RRDB:FR0022,Orphee,France,,,,,,,,no donor
RRDB:DE0031,BER-II,Germany,,,,,,,,no donor
RRDB:RU0024,SM-3,Russian Federation,,,,,,,,no donor
RRDB:US0151,OSURR Ohio State Univ.,United States of America,,,,,,,,no donor
RRDB:CA0012,"SRC SLOWPOKE, Saskatchewan",Canada,,,,,,,,no donor
RRDB:IR0002,ENTC LWSCR,"Iran, Islamic Republic of",,,,,,,,no donor
RRDB:IR0001,Tehran Research Reactor (TRR),"Iran, Islamic Republic of",,,,,,,,no donor
RRDB:IR0004,ENTC HWZPR,"Iran, Islamic Republic of",,,,,,,,no donor
RRDB:IR0005,ENTC MNSR,"Iran, Islamic Republic of",,,,,,,,no donor
RRDB:NO0002,JEEP II,Norway,,,,,,,,no donor
RRDB:US0204,MURR Univ. Missouri-Columbia,United States of America,,,,,,,,no donor
RRDB:UA0005,KIPT Experimental Neutron Source,Ukraine,,,,,,,,no donor
RRDB:IN0001,Apsara,India,,,,,,,,no donor
RRDB:RU0017,Gidra (Hydra),Russian Federation,,,,,,,,no donor
RRDB:AR008 ,RA-10,Argentina,,,,,,,,no donor
RRDB:IN0013,Apsara-U,India,,,,,,,,no donor
RRDB:AR0005,RA-4,Argentina,,,,,,,,no donor
RRDB:US0040,PLATR Pawling Lattice Test Rig,United States of America,,,,,,,,no donor
RRDB:LY0001,IRT-1,Libya,,,,,,,,no donor
RRDB:LY0002,TNRC Critical Facility,Libya,,,,,,,,no donor
RRDB:US0196,UFTR Univ. Florida,United States of America,,,,,,,,no donor
RRDB:US0291,LWBCC Light Water Breeder,United States of America,,,,,,,,no donor
RRDB:US0176,SR-305 Savannah River,United States of America,,,,,,,,no donor
RRDB:US0114,Clementine Fast Reactor,United States of America,,,,,,,,no donor
RRDB:US0021,AFSR Argonne Fast Source,United States of America,,,,,,,,no donor
RRDB:US0268,AETR Advanced Epithermal Thorium,United States of America,,,,,,,,no donor
RRDB:US0174,SP Standard Pile,United States of America,,,,,,,,no donor
RRDB:US0173,PDP Process Development Pile,United States of America,,,,,,,,no donor
RRDB:US0101,Planet,United States of America,,,,,,,,no donor
RRDB:US0041,PTF Proof Test Facility,United States of America,,,,,,,,no donor
RRDB:US0296,White Sands Fast Burst Reactor,United States of America,,,,,,,,no donor
RRDB:US0110,Mars,United States of America,,,,,,,,no donor
RRDB:US0036,Bettis PWR Flexible Assembly,United States of America,,,,,,,,no donor
RRDB:US0224,Westinghouse CRX Critical,United States of America,,,,,,,,no donor
RRDB:US0092,SL-1 Stationary Low Power,United States of America,,,,,,,,no donor
RRDB:US0237,D1G Destroyer Prototype,United States of America,,,,,,,,no donor
RRDB:US0019,TREAT,United States of America,,,,,,,,no donor
RRDB:JP0015,JMTR,Japan,,,,,,,,no donor
RRDB:US0032,Phrenic,United States of America,,,,,,,,no donor
RRDB:US0031,Schizo,United States of America,,,,,,,,no donor
RRDB:US0033,FS-1 Brookhaven Fast Source,United States of America,,,,,,,,no donor
RRDB:IN0011,High Flux RR,India,,,,,,,,no donor
RRDB:IN0010,Critical Facility for AHWR and PHWR,India,,,,,,,,no donor
RRDB:NO0001,HBWR,Norway,,,,,,,,no donor
RRDB:US0298,PMA Plastic Mockup Assembly,United States of America,,,,,,,,no donor
RRDB:FR0003,Minerve,France,wikidata,Q16040246,43.6836,5.76335,exact-name-country,,,
RRDB:FR0013,Éole,France,,,,,,,,no donor
RRDB:US0018,NRAD,United States of America,,,,,,,,no donor
RRDB:US0297,PPA Preliminary Pile Assembly,United States of America,,,,,,,,no donor
RRDB:US0243,L-85 Nuclear Examination,United States of America,,,,,,,,no donor
RRDB:FR030 ,Aquilon,France,,,,,,,,no donor
RRDB:GB0051,ZEUS,United Kingdom,,,,,,,,no donor
RRDB:GB0050,ZEPHYR,United Kingdom,,,,,,,,no donor
RRDB:US0198,Univ. Illinois Advanced TRIGA,United States of America,,,,,,,,no donor
RRDB:US0002,"CP-1, Chicago Pile 1",United States of America,,,,,,,,no donor
RRDB:US0013,ZPR-7 Argonne,United States of America,,,,,,,,no donor
RRDB:US0049,LAPRE I,United States of America,,,,,,,,no donor
RRDB:US0140,PCA Pool Critical Assembly,United States of America,,,,,,,,no donor
RRDB:US0142,TSR-II Tower Shielding,United States of America,,,,,,,,no donor
RRDB:US0141,TSR-1 Tower Shielding,United States of America,,,,,,,,no donor
RRDB:US0081,MTR,United States of America,,,,,,,,no donor
RRDB:US0082,ML-1 Mobile Low Power Reactor,United States of America,,,,,,,,no donor
RRDB:US0003,UTR-1,United States of America,,,,,,,,no donor
RRDB:US0030,BMRR Brookhaven Medical,United States of America,,,,,,,,no donor
RRDB:US0143,"ORR, ORNL Research Reactor",United States of America,,,,,,,,no donor
RRDB:US0148,"OSTR, Oregon State Univ.",United States of America,,,,,,,,no donor
RRDB:US0290,Sandia SPR CX,United States of America,,,,,,,,no donor
RRDB:US0201,UMLR Univ. Mass. Lowell,United States of America,,,,,,,,no donor
RRDB:US0202,MUTR Univ. Maryland,United States of America,,,,,,,,no donor
RRDB:US0192,NSCR Texas A&M Univ.,United States of America,,,,,,,,no donor
RRDB:US0262,CRCE Cavity Reactor Critical Exp,United States of America,,,,,,,,no donor
RRDB:US0170,SPR III,United States of America,,,,,,,,no donor
RRDB:US0260,PCA Plasma Core Assembly,United States of America,,,,,,,,no donor
RRDB:US0279,SHEBA,United States of America,,,,,,,,no donor
RRDB:US0241,L-47 Atomics International,United States of America,,,,,,,,no donor
RRDB:US0242,L-77 Rockwell International,United States of America,,,,,,,,no donor
RRDB:US0244,STIR Shield Test and Irradiation Reactor,United States of America,,,,,,,,no donor
RRDB:US0245,OMR Organic Moderated Reactor,United States of America,,,,,,,,no donor
RRDB:US0190,MCZPR Manhattan College,United States of America,,,,,,,,no donor
RRDB:US0240,KEWB Kinetic Experiment,United States of America,,,,,,,,no donor
RRDB:US0189,BMRC SUNY at Buffalo,United States of America,,,,,,,,no donor
RRDB:US0191,AGN-201 Texas A&M Univ.,United States of America,,,,,,,,no donor
RRDB:US0188,UC Irvine TRIGA,United States of America,,,,,,,,no donor
RRDB:US0185,AFRRI TRIGA,United States of America,,,,,,,,no donor
RRDB:US0186,Univ. Arizona TRIGA,United States of America,,,,,,,,no donor
RRDB:US0187,BRR UC Berkeley,United States of America,,,,,,,,no donor
RRDB:US0183,Veterans Affairs RR,United States of America,,,,,,,,no donor
RRDB:US0184,APRFR Army Pulse Radiation,United States of America,,,,,,,,no donor
RRDB:US0181,Cintichem Nuclear Reactor,United States of America,,,,,,,,no donor
RRDB:US0182,GSTR US Geological Survey,United States of America,,,,,,,,no donor
RRDB:US0223,TRIGA Mark II,United States of America,,,,,,,,no donor
RRDB:US0159,RINSC Rhode Island NSC,United States of America,,,,,,,,no donor
RRDB:US0160,AGN-211 Rice Univ.,United States of America,,,,,,,,no donor
RRDB:US0161,SPR Stanford Univ.,United States of America,,,,,,,,no donor
RRDB:US0154,L-77 Univ. Puerto Rico,United States of America,,,,,,,,no donor
RRDB:US0155,TRIGA Puerto Rico Nuclear Center,United States of America,,,,,,,,no donor
RRDB:US0156,PUR-1 Purdue Univ.,United States of America,,,,,,,,no donor
RRDB:US0157,RRR Reed College,United States of America,,,,,,,,no donor
RRDB:US0158,WRCF Rensselaer Polytechnic,United States of America,,,,,,,,no donor
RRDB:US0152,PSBR Penn St. Unv.,United States of America,,,,,,,,no donor
RRDB:US0153,AGN-201 Polytechnic Inst. of New York,United States of America,,,,,,,,no donor
RRDB:US0150,TRIGA Cornell Univ,United States of America,,,,,,,,no donor
RRDB:US0149,ZPR Cornell Zero Power,United States of America,,,,,,,,no donor
RRDB:US0144,AGN-201 Cal Poly State Univ,United States of America,,,,,,,,no donor
RRDB:US0145,AGN-201 Catholic Univ,United States of America,,,,,,,,no donor
RRDB:US0147,AGN-201 Oregon State Univ.,United States of America,,,,,,,,no donor
RRDB:US0146,AGN-201 Tuskegee Inst.,United States of America,,,,,,,,no donor
RRDB:US0128,IRL,United States of America,,,,,,,,no donor
RRDB:US0035,Bettis TRX CA,United States of America,,,,,,,,no donor
RRDB:US0037,HTTF Critical Assembly,United States of America,,,,,,,,no donor
RRDB:US0054,GETR General Electric Test Reactor,United States of America,,,,,,,,no donor
RRDB:US0055,EVESR Superheat Reactor,United States of America,,,,,,,,no donor
RRDB:US0053,Mixed Spectrum Superheat Crit Assembly,United States of America,,,,,,,,no donor
RRDB:US0096,AGN-201 Georgia Tech,United States of America,,,,,,,,no donor
RRDB:US0097,GTRR Georgia Tech,United States of America,,,,,,,,no donor
RRDB:US0095,ALRR Ames Laboratory,United States of America,,,,,,,,no donor
RRDB:US0269,Super Kukla,United States of America,,,,,,,,no donor
RRDB:US0271,SKUA Fast Burst,United States of America,,,,,,,,no donor
RRDB:US0272,TACS Training Assembly Crit Safety,United States of America,,,,,,,,no donor
RRDB:US0270,Little Eva,United States of America,,,,,,,,no donor
RRDB:US0216,BYU L-77 Brigham Young Univ,United States of America,,,,,,,,no donor
RRDB:US0120,KSU TRIGA Mark II,United States of America,,,,,,,,no donor
RRDB:US0217,L-77 Univ. Wyoming,United States of America,,,,,,,,no donor
RRDB:US0218,AGN-211 West Virginia Univ.,United States of America,,,,,,,,no donor
RRDB:US0219,LCWNR Worcester Polytechnic Inst.,United States of America,,,,,,,,no donor
RRDB:US0220,UT TRIGA Univ. Texas,United States of America,,,,,,,,no donor
RRDB:US0209,UTR-10  Iowa State Univ.,United States of America,,,,,,,,no donor
RRDB:US0221,TRIGA II Univ. Texas,United States of America,,,,,,,,no donor
RRDB:US0222,UC Davis/McClellan TRIGA,United States of America,,,,,,,,no donor
RRDB:US0230,BORAX-1,United States of America,,,,,,,,no donor
RRDB:US0231,BORAX-5,United States of America,,,,,,,,no donor
RRDB:US0232,BORAX-2;-3;-4,United States of America,,,,,,,,no donor
RRDB:US0246,SEFOR Southwest Exp Fast Oxide Rx,United States of America,,,,,,,,no donor
RRDB:US0051,Allis-Chalmers Critical Facility,United States of America,,,,,,,,no donor
RRDB:US0235,S5G Submarine Prototype,United States of America,,,,,,,,no donor
RRDB:US0234,S1W Submarine Prototype,United States of America,,,,,,,,no donor
RRDB:US0233,EBOR Beryllium Oxide Reactor,United States of America,,,,,,,,no donor
RRDB:US0258,DORF TRIGA Mark F,United States of America,,,,,,,,no donor
RRDB:US0259,WRRR L-54 Walter Reed,United States of America,,,,,,,,no donor
RRDB:DE0010,FRMZ,Germany,,,,,,,,no donor
RRDB:CZ0003,LVR-15 Rež,Czech Republic,,,,,,,,no donor
RRDB:US0123,TRIGA Mark I Michigan State Univ.,United States of America,,,,,,,,no donor
RRDB:US0122,MITR-II Masschusetts Inst. of Tech.,United States of America,,,,,,,,no donor
RRDB:US0129,RRR Raleigh Research Reactor,United States of America,,,,,,,,no donor
RRDB:US0119,Honeycomb,United States of America,,,,,,,,no donor
RRDB:US0288,MTS-626,United States of America,,,,,,,,no donor
RRDB:US0289,MTS-635,United States of America,,,,,,,,no donor
RRDB:US0109,Supercomet,United States of America,,,,,,,,no donor
RRDB:US0180,Dow TRIGA,United States of America,,,,,,,,no donor
RRDB:US0094,AGN-201 Idaho St. Univ.,United States of America,,,,,,,,no donor
RRDB:US0102,Topsy,United States of America,,,,,,,,no donor
RRDB:US0178,RER Radiation Effects Reactor,United States of America,,,,,,,,no donor
RRDB:US0093,A1W Prototype Reactor,United States of America,,,,,,,,no donor
RRDB:US0044,APFA-III Accel Pulsed Fast Crit Assem,United States of America,,,,,,,,no donor
RRDB:US0043,APFA Accelerator Pulsed Fast Crit Assemb,United States of America,,,,,,,,no donor
RRDB:ID0003,RSG-GAS,Indonesia,,,,,,,,no donor
RRDB:JP0010,Toshiba NCA,Japan,,,,,,,,no donor
RRDB:JP0012,JRR-4,Japan,,,,,,,,no donor
RRDB:JP0011,KUR,Japan,,,,,,,,no donor
RRDB:JP0018,KUCA,Japan,,,,,,,,no donor
RRDB:JP0023,HTTR,Japan,wikidata,Q5636149,36.26633,140.54744,exact-name-country,,,
RRDB:US0307,Plutonium Recycle Test Reactor,United States of America,,,,,,,,no donor
RRDB:US0310,HTLTR High Temp Lattice Test Reactor,United States of America,,,,,,,,no donor
RRDB:US0312,"FFTF, Fast Flux Test",United States of America,,,,,,,,no donor
RRDB:US0311,"NRF, Neutron Rad Facility",United States of America,,,,,,,,no donor
RRDB:US0308,PNNL-CML Critical Mass Lab,United States of America,,,,,,,,no donor
RRDB:US0309,PRCF Plutonium Recycle Critical,United States of America,,,,,,,,no donor
RRDB:US0304,HTR Hanford Test Reactor,United States of America,,,,,,,,no donor
RRDB:US0305,PCTR Physical Constants Test Reactor,United States of America,,,,,,,,no donor
RRDB:US0127,ZPR-II NASA,United States of America,,,,,,,,no donor
RRDB:US0062,NRR Naval Research Reactor,United States of America,,,,,,,,no donor
RRDB:US0126,ZPR-I NASA,United States of America,,,,,,,,no donor
RRDB:US0229,WTR Westinghouse Test Reactor,United States of America,,,,,,,,no donor
RRDB:US0226,WNTR Westinghouse Nuclear Training,United States of America,,,,,,,,no donor
RRDB:US0227,Westinghouse PAX Assembly,United States of America,,,,,,,,no donor
RRDB:US0228,Westinghouse FCX Assembly,United States of America,,,,,,,,no donor
RRDB:US0164,"TR, Tank Reservoir",United States of America,,,,,,,,no donor
RRDB:US0020,ZPPR Zero Power Physics Reactor,United States of America,,,,,,,,no donor
RRDB:US0015,Janus,United States of America,,,,,,,,no donor
RRDB:US0016,EBR-I,United States of America,,,,,,,,no donor
RRDB:US0017,EBR-II,United States of America,,,,,,,,no donor
RRDB:US0295,UTR Test Reactor,United States of America,,,,,,,,no donor
RRDB:US0039,GTR Ground Test Reactor,United States of America,,,,,,,,no donor
RRDB:SE0004,R-1,Sweden,,,,,,,,no donor
RRDB:US0034,HFBR,United States of America,,,,,,,,no donor
RRDB:US0138,LITR Low Intensity Test,United States of America,,,,,,,,no donor
RRDB:US0275,Tungsten Nuclear Rocket,United States of America,,,,,,,,no donor
RRDB:US0276,Thermionic Critical Experiment,United States of America,,,,,,,,no donor
RRDB:US0274,EBOR Critical Experiment,United States of America,,,,,,,,no donor
RRDB:RO0002,TRIGA II Pitesti - SS Core,Romania,,,,,,,,no donor
RRDB:MX0004,Nuclear Chicago Mod 9000,Mexico,,,,,,,,no donor
RRDB:MX0003,Chicago Modelo 9000,Mexico,,,,,,,,no donor
RRDB:US0028,Battelle Plastic Reactor Facility,United States of America,,,,,,,,no donor
RRDB:US0027,Battelle Variable Moderator CA,United States of America,,,,,,,,no donor
RRDB:US0026,Battelle GCRE CA,United States of America,,,,,,,,no donor
RRDB:US0025,Batttelle Reflector Control CA,United States of America,,,,,,,,no donor
RRDB:US0283,CX-19 Babcock & Wilcox,United States of America,,,,,,,,no donor
RRDB:US0282,CX-12 Babcock & Wilcox,United States of America,,,,,,,,no donor
RRDB:US0023,LPR Lynchburg Pool Reactor,United States of America,,,,,,,,no donor
RRDB:US0024,BRR Battelle Research Reactor,United States of America,,,,,,,,no donor
RRDB:US0281,CX-10 Babcock & Wilcox,United States of America,,,,,,,,no donor
RRDB:US0066,MPR Zero Power Test,United States of America,,,,,,,,no donor
RRDB:US0067,LFBR Liquid Fluidized Bed,United States of America,,,,,,,,no donor
RRDB:US0306,TTR-2 Thermal Test Reactor,United States of America,,,,,,,,no donor
RRDB:US0293,AMRR Army Material Research Reactor,United States of America,,,,,,,,no donor
RRDB:US0014,ZPR-9 Argonne,United States of America,,,,,,,,no donor
RRDB:US0007,ARR (L-8) Armour Foundation,United States of America,,,,,,,,no donor
RRDB:US0064,LAMPRE I,United States of America,,,,,,,,no donor
RRDB:US0050,LAPRE II,United States of America,,,,,,,,no donor
RRDB:US0048,LOPO Low Power Boiler,United States of America,,,,,,,,no donor
RRDB:US0255,SNAP 10 F-3,United States of America,,,,,,,,no donor
RRDB:US0254,SNAP CA-5,United States of America,,,,,,,,no donor
RRDB:US0256,SNAP TSF,United States of America,,,,,,,,no donor
RRDB:US0253,SNAP 8 Experimental Reactor,United States of America,,,,,,,,no donor
RRDB:US0257,SNAP 8 Demonstration Reactor,United States of America,,,,,,,,no donor
RRDB:US0251,SNAP CA-4B,United States of America,,,,,,,,no donor
RRDB:US0250,SNAP CA-4A,United States of America,,,,,,,,no donor
RRDB:US0252,SNAP CA-4C,United States of America,,,,,,,,no donor
RRDB:US0248,SNAP Experimental Reactor,United States of America,,,,,,,,no donor
RRDB:US0249,SNAP 2 Demonstration Reactor,United States of America,,,,,,,,no donor
RRDB:US0247,SGR CA Sodium Graphite,United States of America,,,,,,,,no donor
RRDB:US0300,ISSA Inherently Safe Subcrit,United States of America,,,,,,,,no donor
RRDB:ID0002,KARTINI-PSTA,Indonesia,,,,,,,,no donor
RRDB:US0179,Lockheed Critical Experiment Reactor,United States of America,,,,,,,,no donor
RRDB:VN0001,Dalat Research Reactor,Viet Nam,,,,,,,,no donor
RRDB:JO0002,JRTR,Jordan,,,,,,,,no donor
RRDB:GR0002,NTU,Greece,,,,,,,,no donor
RRDB:US0239,S8G Submarine Prototype,United States of America,,,,,,,,no donor
RRDB:US0236,S3G Submarine Prototype,United States of America,,,,,,,,no donor
RRDB:US0177,NTG Nuclear Test Gage,United States of America,,,,,,,,no donor
RRDB:US0175,HWCTR,United States of America,,,,,,,,no donor
RRDB:US0171,ACRR Annular Core RR,United States of America,,,,,,,,no donor
RRDB:US0206,WSUR Washington State Univ.,United States of America,,,,,,,,no donor
RRDB:US0199,UTR-10 VPI Virginia Tech,United States of America,,,,,,,,no donor
RRDB:US0167,BONUS Mockup Experiment,United States of America,,,,,,,,no donor
RRDB:US0166,NUSU Advanced Critical Experiment,United States of America,,,,,,,,no donor
RRDB:US0065,CANEL Critical Assembly,United States of America,,,,,,,,no donor
RRDB:US0005,ZPR-3 Argonne,United States of America,,,,,,,,no donor
RRDB:US0280,CX-1 Babcock & Wilcox,United States of America,,,,,,,,no donor
RRDB:SY0001,SRR-1,Syrian Arab Republic,,,,,,,,no donor
RRDB:RU104 ,IKAR-S,Russian Federation,,,,,,,,no donor
RRDB:RU052 ,BIGR,Russian Federation,,,,,,,,no donor
RRDB:RU103 ,GIR-2,Russian Federation,,,,,,,,no donor
RRDB:RU106 ,FKBN-2,Russian Federation,,,,,,,,no donor
RRDB:RU105 ,FKBN-2M,Russian Federation,,,,,,,,no donor
RRDB:ID0001,"TRIGA Mark II, Bandung",Indonesia,,,,,,,,no donor
RRDB:RO0004,TRIGA II Pitesti - Pulsed,Romania,,,,,,,,no donor
RRDB:US0107,Flattop,United States of America,,,,,,,,no donor
RRDB:FR0014,Osiris,France,wikidata,Q3357241,48.729,2.15366,exact-name-country,,,
RRDB:US0266,710 Fast Spectrum Refractory Metals,United States of America,,,,,,,,no donor
RRDB:US0264,630-A Marine Propulsion,United States of America,,,,,,,,no donor
RRDB:US0267,STR Split Table Reactor System,United States of America,,,,,,,,no donor
RRDB:US0063,UHTREX Ultra-High Temperature Experiment,United States of America,,,,,,,,no donor
RRDB:US0136,HPRR Health Physics Research,United States of America,,,,,,,,no donor
RRDB:US0213,UVAR Univ. Virginia,United States of America,,,,,,,,no donor
RRDB:US0215,UWNR Univ. Wisconsin,United States of America,,,,,,,,no donor
RRDB:US0214,UWNR Univ. Washington,United States of America,,,,,,,,no donor
RRDB:US0212,CAVALIER Univ. Virginia,United States of America,,,,,,,,no donor
RRDB:US0211,TRIGA Univ. Utah,United States of America,,,,,,,,no donor
RRDB:US0210,AGN-201 Univ. Utah,United States of America,,,,,,,,no donor
RRDB:US0208,AGN-211 Univ. Oklahoma,United States of America,,,,,,,,no donor
RRDB:US0205,MSTR Missouri Univ. of Science & Tech.,United States of America,,,,,,,,no donor
RRDB:US0203,Ford Nuclear Reactor Univ. Michigan,United States of America,,,,,,,,no donor
RRDB:US0200,KUTR Univ. Kansas,United States of America,,,,,,,,no donor
RRDB:US0201,UMLR Univ. Mass. Lowell,United States of America,,,,,,,,no donor
RRDB:US0197,LOPRA Univ. Illinois,United States of America,,,,,,,,no donor
RRDB:US0195,AGN-201 Univ. Delaware,United States of America,,,,,,,,no donor
RRDB:US0194,L-77 UCSB,United States of America,,,,,,,,no donor
RRDB:US0193,UCLA R1,United States of America,,,,,,,,no donor
RRDB:US0172,LTR Lattice Test,United States of America,,,,,,,,no donor
RRDB:US0169,SPR II Sandia Pulsed,United States of America,,,,,,,,no donor
RRDB:US0168,SER Sandia Engineering,United States of America,,,,,,,,no donor
RRDB:US0165,VST Vertical Split Table,United States of America,,,,,,,,no donor
RRDB:US0163,"SS, Solution System",United States of America,,,,,,,,no donor
RRDB:US0162,HST Horizontal Split Table,United States of America,,,,,,,,no donor
RRDB:US0139,"X-10 Pile, Oak Ridge Graphite",United States of America,,,,,,,,no donor
RRDB:US0137,HFIR,United States of America,,,,,,,,no donor
RRDB:US0133,BSR Bulk Shielding Reactor,United States of America,,,,,,,,no donor
RRDB:US0135,European-Asian Exhibit Program Reactor,United States of America,,,,,,,,no donor
RRDB:US0132,"TRIGA Mark F, Northrop",United States of America,,,,,,,,no donor
RRDB:US0131,R-3 North Carolina State Univ.,United States of America,,,,,,,,no donor
RRDB:US0130,PULSTAR North Carolina State Univ.,United States of America,,,,,,,,no donor
RRDB:US0125,PBR Plum Brook Reactor,United States of America,,,,,,,,no donor
RRDB:US0124,PBMUR Plum Brook Mockup Reactor,United States of America,,,,,,,,no donor
RRDB:US0118,OWR Omega West Reactor,United States of America,,,,,,,,no donor
RRDB:US0117,SUPO Super High Power Reactor,United States of America,,,,,,,,no donor
RRDB:US0116,HYPO High Power Reactor,United States of America,,,,,,,,no donor
RRDB:US0115,Hydro,United States of America,,,,,,,,no donor
RRDB:US0113,Kiwi-TNT,United States of America,,,,,,,,no donor
RRDB:US0112,Kinglet,United States of America,,,,,,,,no donor
RRDB:US0104,Jezebel,United States of America,,,,,,,,no donor
RRDB:US0108,Comet,United States of America,,,,,,,,no donor
RRDB:US0106,Godiva IV,United States of America,,,,,,,,no donor
RRDB:US0105,Parka,United States of America,,,,,,,,no donor
RRDB:US0103,Big Ten,United States of America,,,,,,,,no donor
RRDB:US0100,Fran,United States of America,,,,,,,,no donor
RRDB:US0099,LIWB Livermore Water Boiler,United States of America,,,,,,,,no donor
RRDB:US0098,LPTR Livermore Pool,United States of America,,,,,,,,no donor
RRDB:US0091,SPERT-4 Special Power Excursion Test,United States of America,,,,,,,,no donor
RRDB:US0090,SPERT-3 Special Power Excursion Test,United States of America,,,,,,,,no donor
RRDB:US0089,SPERT-2 Special Power Excursion Test,United States of America,,,,,,,,no donor
RRDB:US0088,SPERT-1 Special Power Excursion Test,United States of America,,,,,,,,no donor
RRDB:US0087,SNAPTRAN-3,United States of America,,,,,,,,no donor
RRDB:US0086,SNAPTRAN-2,United States of America,,,,,,,,no donor
RRDB:US0111,SNAPTRAN-1,United States of America,,,,,,,,no donor
RRDB:US0084,PBF Power Burst Facility,United States of America,,,,,,,,no donor
RRDB:US0083,OMRE Organic Moderated Reactor Experimen,United States of America,,,,,,,,no donor
RRDB:US0080,LOFT Loss of Fluid Test,United States of America,,,,,,,,no donor
RRDB:US0079,HOTCE,United States of America,,,,,,,,no donor
RRDB:US0078,HTRE-3,United States of America,,,,,,,,no donor
RRDB:US0077,HTRE-2,United States of America,,,,,,,,no donor
RRDB:US0076,HTRE-1,United States of America,,,,,,,,no donor
RRDB:US0075,"GCRE, Gas Cooled Reactor Experiment",United States of America,,,,,,,,no donor
RRDB:US0074,ETRC,United States of America,,,,,,,,no donor
RRDB:US0073,ETR Engineering Test Reactor,United States of America,,,,,,,,no donor
RRDB:US0072,CFRMF Couple Fast Reactivity Measurement,United States of America,,,,,,,,no donor
RRDB:US0071,ATRC,United States of America,,,,,,,,no donor
RRDB:US0069,ARMF-I Advanced Reactivity Measurement,United States of America,,,,,,,,no donor
RRDB:US0052,NTR General Electric,United States of America,,,,,,,,no donor
RRDB:US0261,S1C Prototype,United States of America,,,,,,,,no donor
RRDB:US0046,GA-TRIGA III,United States of America,,,,,,,,no donor
RRDB:US0038,ASTR Aerospace Systems Test,United States of America,,,,,,,,no donor
RRDB:US0029,BGRR Brookhaven Graphite RR,United States of America,,,,,,,,no donor
RRDB:US0011,EBWR,United States of America,,,,,,,,no donor
RRDB:US0010,CP-5 Chicago Pile,United States of America,,,,,,,,no donor
RRDB:US0009,CP-3 Chicago Pile 3,United States of America,,,,,,,,no donor
RRDB:US0008,CP-2 Chicago Pile 2,United States of America,,,,,,,,no donor
RRDB:CA0016,SDR SLOWPOKE Demo Reactor,Canada,,,,,,,,no donor
RRDB:TW0004,THAR,"Taiwan, China",,,,,,,,no donor
RRDB:US0004,Juggernaut,United States of America,,,,,,,,no donor
RRDB:US0121,AGN-201 Memphis St. Univ.,United States of America,,,,,,,,no donor
RRDB:US0012,ZPR-6 Argonne,United States of America,,,,,,,,no donor
RRDB:US0006,ATSR Argonne Thermal Source,United States of America,,,,,,,,no donor
RRDB:US0294,TTR-1 Thermal Test,United States of America,,,,,,,,no donor
RRDB:US0085,SNARE Sandia Nuclear Assembly,United States of America,,,,,,,,no donor
RRDB:US0292,Saxton Experimental Reactor,United States of America,,,,,,,,no donor
RRDB:US0056,SM-1 Stationary Medium Power,United States of America,,,,,,,,no donor
RRDB:US0287,RMF Reactivity Measurement Facility,United States of America,,,,,,,,no donor
RRDB:US0265,SCRCE Spherical Cavity Experiment,United States of America,,,,,,,,no donor
RRDB:US0286,Phoebus,United States of America,,,,,,,,no donor
RRDB:US0285,Pewee,United States of America,,,,,,,,no donor
RRDB:US0042,Curtiss-Wright RR,United States of America,,,,,,,,no donor
RRDB:US0284,NF-1 Nuclear Furnace,United States of America,,,,,,,,no donor
RRDB:US0022,BAWTR Babcock & Wilcox Test Reactor,United States of America,,,,,,,,no donor
RRDB:US0060,MSRE Molten Salt Reactor Experiment,United States of America,,,,,,,,no donor
RRDB:US0134,Latin American Demo Reactor,United States of America,,,,,,,,no donor
RRDB:UY0001,RU-1,Uruguay,,,,,,,,no donor
RRDB:US0278,HTMPR,United States of America,,,,,,,,no donor
RRDB:US0058,HRT Homogeneous Reactor Test,United States of America,,,,,,,,no donor
RRDB:US0057,HRE-1 Homogeneous Reactor Experiment,United States of America,,,,,,,,no donor
RRDB:US0277,HMRFSR,United States of America,,,,,,,,no donor
RRDB:HU0002,Budapest Research Reactor,Hungary,,,,,,,,no donor
RRDB:HU0001,Nuclear Training Reactor,Hungary,,,,,,,,no donor
RRDB:BR0003,Argonauta,Brazil,,,,,,,,no donor
RRDB:US0273,HTGR Critical Assembly,United States of America,,,,,,,,no donor
RRDB:US0059,ARE Aircraft Reactor Experiment,United States of America,,,,,,,,no donor
RRDB:RU0122,BR-1M,Russian Federation,,,,,,,,no donor
RRDB:RU0123,BR-K1,Russian Federation,,,,,,,,no donor
RRDB:RU0010,IVV-2M,Russian Federation,,,,,,,,no donor
RRDB:RU0101,Stend T-2,Russian Federation,,,,,,,,no donor
RRDB:RU0100,VRL-03,Russian Federation,,,,,,,,no donor
RRDB:RU0099,VRL-02,Russian Federation,,,,,,,,no donor
RRDB:RU0098,S111,Russian Federation,,,,,,,,no donor
RRDB:RU0096,1120,Russian Federation,,,,,,,,no donor
RRDB:RU0093,MER,Russian Federation,,,,,,,,no donor
RRDB:RU0092,G-1,Russian Federation,,,,,,,,no donor
RRDB:RU0083,FM SM-3,Russian Federation,,,,,,,,no donor
RRDB:RU0082,FM MIR.M1,Russian Federation,,,,,,,,no donor
RRDB:RU0081,Narciss-M2,Russian Federation,,,,,,,,no donor
RRDB:RU0080,SK Physical,Russian Federation,,,,,,,,no donor
RRDB:RU0078,Efir-2M,Russian Federation,,,,,,,,no donor
RRDB:RU0079,Delta,Russian Federation,,,,,,,,no donor
RRDB:RU0077,P,Russian Federation,,,,,,,,no donor
RRDB:RU0076,FM MR,Russian Federation,,,,,,,,no donor
RRDB:RU0075,Grog,Russian Federation,,,,,,,,no donor
RRDB:RU0074,B-1000,Russian Federation,,,,,,,,no donor
RRDB:RU0072,Kvant,Russian Federation,,,,,,,,no donor
RRDB:RU0073,Astra,Russian Federation,,,,,,,,no donor
RRDB:RU0071,SF-7,Russian Federation,,,,,,,,no donor
RRDB:RU0069,SF-3,Russian Federation,,,,,,,,no donor
RRDB:RU0070,SF-5,Russian Federation,,,,,,,,no donor
RRDB:RU0068,SF-1,Russian Federation,,,,,,,,no donor
RRDB:RU0067,Mayak,Russian Federation,,,,,,,,no donor
RRDB:RU0066,RBMK,Russian Federation,,,,,,,,no donor
RRDB:RU0065,UG,Russian Federation,,,,,,,,no donor
RRDB:RU0062,MATR-2,Russian Federation,,,,,,,,no donor
RRDB:RU0054,FS-1M,Russian Federation,,,,,,,,no donor
RRDB:RU0053,MAKET,Russian Federation,,,,,,,,no donor
RRDB:RU0051,Argus-2,Russian Federation,,,,,,,,no donor
RRDB:RU0050,U-3,Russian Federation,,,,,,,,no donor
RRDB:RU0042,Arbus (AST-1),Russian Federation,,,,,,,,no donor
RRDB:RU0043,VK-50,Russian Federation,,,,,,,,no donor
RRDB:RU0041,Gamma,Russian Federation,,,,,,,,no donor
RRDB:RU0035,FBR-L Fast Burst-Laser,Russian Federation,,,,,,,,no donor
RRDB:RU0034,YAGUAR (NHUAR),Russian Federation,,,,,,,,no donor
RRDB:RU0033,"IGRIK, Pulsed Homog",Russian Federation,,,,,,,,no donor
RRDB:RU0032,BARS-5 (FNRS),Russian Federation,,,,,,,,no donor
RRDB:RU0030,RG-1M,Russian Federation,wikidata,Q16656344,69.30327,88.24482,exact-name-country,,,
RRDB:RU0027,BOR-60,Russian Federation,,,,,,,,no donor
RRDB:RU0023,F-1,Russian Federation,wikidata,Q4479886,55.79611,37.47861,exact-name-country,,,
RRDB:RU0022,RBT-6,Russian Federation,,,,,,,,no donor
RRDB:RU0020,RBT-10/2,Russian Federation,,,,,,,,no donor
RRDB:RU0012,Romashka,Russian Federation,,,,,,,,no donor
RRDB:RU011 ,MR,Russian Federation,,,,,,,,no donor
RRDB:UA0001,WWR-M Kiev,Ukraine,,,,,,,,no donor
RRDB:RU0006,SBR-2,Russian Federation,,,,,,,,no donor
RRDB:RU0003,RPT,Russian Federation,,,,,,,,no donor
RRDB:RU0002,OR-M,Russian Federation,,,,,,,,no donor
RRDB:RU0001,TVR,Russian Federation,,,,,,,,no donor
RRDB:RU121 ,VVR-2,Russian Federation,,,,,,,,no donor
RRDB:RU084 ,VIR-2M,Russian Federation,,,,,,,,no donor
RRDB:RU120 ,VIR-2,Russian Federation,,,,,,,,no donor
RRDB:BY0001,IRT-M Minsk,Belarus,,,,,,,,no donor
RRDB:RU118 ,BR-5,Russian Federation,,,,,,,,no donor
RRDB:RU117 ,BR-2,Russian Federation,,,,,,,,no donor
RRDB:BE0007,MYRRHA,Belgium,,,,,,,,no donor
RRDB:IT012 ,ISPRA-1,Italy,,,,,,,,no donor
RRDB:TW0001,THOR,"Taiwan, China",,,,,,,,no donor
RRDB:TW0005,THMER,"Taiwan, China",,,,,,,,no donor
RRDB:TW0002,TRR,"Taiwan, China",,,,,,,,no donor
RRDB:TW0006,WBRL,"Taiwan, China",,,,,,,,no donor
RRDB:TW0003,ZPRL,"Taiwan, China",,,,,,,,no donor
RRDB:TR0003,ITU-TRR,Türkiye,,,,,,,,no donor
RRDB:TR0001,TR-1,Türkiye,,,,,,,,no donor
RRDB:SE0005,FR-0,Sweden,,,,,,,,no donor
RRDB:SE0003,KRITZ,Sweden,,,,,,,,no donor
RRDB:SE0002,R2-0,Sweden,,,,,,,,no donor
RRDB:SE0001,R-2,Sweden,,,,,,,,no donor
RRDB:TJ0001,Argus-FTI,Tajikistan,,,,,,,,no donor
RRDB:RO0005,HELEN,Romania,,,,,,,,no donor
RRDB:RO0001,VVR-S Bucharest,Romania,,,,,,,,no donor
RRDB:RO0003,RP-01,Romania,,,,,,,,no donor
RRDB:PL0006,HELENA,Poland,,,,,,,,no donor
RRDB:PL0003,AGATA,Poland,,,,,,,,no donor
RRDB:PL0002,PANNA,Poland,,,,,,,,no donor
RRDB:PL0005,MARYLA,Poland,,,,,,,,no donor
RRDB:PL0001,EWA,Poland,wikidata,Q1438102,52.12295,21.34418,exact-name-country,,,
RRDB:NO0004,NORA,Norway,,,,,,,,no donor
RRDB:NO0003,JEEP I,Norway,,,,,,,,no donor
RRDB:NL0009,KRITO,"Netherlands, Kingdom of the",,,,,,,,no donor
RRDB:NL0003,BARN,"Netherlands, Kingdom of the",,,,,,,,no donor
RRDB:NL0008,ATHENE,"Netherlands, Kingdom of the",,,,,,,,no donor
RRDB:NL0005,KSTR,"Netherlands, Kingdom of the",,,,,,,,no donor
RRDB:MX0001,TRIGA Mark III,Mexico,,,,,,,,no donor
RRDB:MX0002,SUR-100 UNAM,Mexico,,,,,,,,no donor
RRDB:LV0001,SRR Salaspils Research Reactor,Latvia,,,,,,,,no donor
RRDB:LV0002,RKS-25,Latvia,,,,,,,,no donor
RRDB:KZ0005,RA,Kazakhstan,,,,,,,,no donor
RRDB:KR0002,KRR-2,"Korea, Republic of",,,,,,,,no donor
RRDB:KR0001,KRR-1,"Korea, Republic of",,,,,,,,no donor
RRDB:JP0022,JRR-3,Japan,,,,,,,,no donor
RRDB:JP0019,NSRR,Japan,,,,,,,,no donor
RRDB:JP0016,DCA,Japan,,,,,,,,no donor
RRDB:JP0013,JMTRC,Japan,,,,,,,,no donor
RRDB:JP0008,JRR-3M,Japan,,,,,,,,no donor
RRDB:JP0006,TTR,Japan,,,,,,,,no donor
RRDB:JP0005,HTR,Japan,,,,,,,,no donor
RRDB:JP0004,Rikkyo University Research Reactor (RUR),Japan,,,,,,,,no donor
RRDB:JP0003,UTR KINKI,Japan,,,,,,,,no donor
RRDB:JP0001,JRR-2,Japan,,,,,,,,no donor
RRDB:JP0002,VHTRC,Japan,,,,,,,,no donor
RRDB:IT0014,ROSPO 2,Italy,,,,,,,,no donor
RRDB:IT0013,Struttura Sottocritica,Italy,,,,,,,,no donor
RRDB:IT0011,L-54M,Italy,,,,,,,,no donor
RRDB:IT0009,RB-2,Italy,,,,,,,,no donor
RRDB:IT0010,AGN-201 Costanza,Italy,wikidata,Q126285275,38.10639,13.35097,exact-name-country,,,
RRDB:IT0004,RITMO Reactor (RC-4),Italy,,,,,,,,no donor
RRDB:IT0002,ESSOR Nuclear Plant,Italy,,,,,,,,no donor
RRDB:IT0001,ECO (Orgel Critical Experiment),Italy,,,,,,,,no donor
RRDB:IT0016,Avogadro RS-1,Italy,,,,,,,,no donor
RRDB:IN0008,KAMINI,India,wikidata,Q3533376,12.55833,80.175,exact-name-country,,,
RRDB:IN0007,FBTR,India,,,,,,,,no donor
RRDB:IN0006,PURNIMA-II,India,,,,,,,,no donor
RRDB:IN0004,PURNIMA,India,,,,,,,,no donor
RRDB:IN0003,ZERLINA,India,,,,,,,,no donor
RRDB:GB0025,Dounreay Zero Energy ZETR,United Kingdom,,,,,,,,no donor
RRDB:GB0022,ERIC,United Kingdom,,,,,,,,no donor
RRDB:GB0024,Waterfall,United Kingdom,,,,,,,,no donor
RRDB:GB0023,Atlas,United Kingdom,,,,,,,,no donor
RRDB:GB0011,VIPER,United Kingdom,,,,,,,,no donor
RRDB:GB0035,BERKELEY Zero Energy,United Kingdom,,,,,,,,no donor
RRDB:GE0001,IRT-M Tbilisi,Georgia,,,,,,,,no donor
RRDB:GB0046,BEPO,United Kingdom,,,,,,,,no donor
RRDB:GB0049,LIDO,United Kingdom,,,,,,,,no donor
RRDB:GB0048,HAZEL,United Kingdom,,,,,,,,no donor
RRDB:GB0047,DAPHNE,United Kingdom,,,,,,,,no donor
RRDB:GB0044,ZENITH II,United Kingdom,,,,,,,,no donor
RRDB:GB0043,ZENITH I,United Kingdom,,,,,,,,no donor
RRDB:GB0042,JUNO,United Kingdom,,,,,,,,no donor
RRDB:GB0041,HERO,United Kingdom,,,,,,,,no donor
RRDB:GB0040,Windscale AGR,United Kingdom,,,,,,,,no donor
RRDB:GB0039,Dragon,United Kingdom,,,,,,,,no donor
RRDB:GB0038,Dounreay MTR,United Kingdom,,,,,,,,no donor
RRDB:GB0037,MERLIN,United Kingdom,wikidata,Q6715421,51.38,-1.1461,exact-name-country,,,
RRDB:GB0036,HORACE,United Kingdom,,,,,,,,no donor
RRDB:GB0034,DIMPLE,United Kingdom,,,,,,,,no donor
RRDB:GB0033,ICI TRIGA Reactor,United Kingdom,,,,,,,,no donor
RRDB:GB0032,Universities Research Reactor,United Kingdom,,,,,,,,no donor
RRDB:GB0031,CONSORT Imperial College,United Kingdom,,,,,,,,no donor
RRDB:GB0014,UTR-300,United Kingdom,,,,,,,,no donor
RRDB:GB0013,VERA Nuclear Assembly,United Kingdom,,,,,,,,no donor
RRDB:GB0012,VULCAN,United Kingdom,,,,,,,,no donor
RRDB:GB0010,Neptune,United Kingdom,,,,,,,,no donor
RRDB:GB0045,HECTOR,United Kingdom,,,,,,,,no donor
RRDB:GB0005,HERALD,United Kingdom,,,,,,,,no donor
RRDB:GB0006,NESTOR,United Kingdom,,,,,,,,no donor
RRDB:GB0008,ZEBRA,United Kingdom,,,,,,,,no donor
RRDB:GB0007,Jason,United Kingdom,,,,,,,,no donor
RRDB:GB0004,Dounreay Fast Reactor,United Kingdom,,,,,,,,no donor
RRDB:GB0003,PLUTO,United Kingdom,,,,,,,,no donor
RRDB:GB0002,DIDO,United Kingdom,,,,,,,,no donor
RRDB:GB0001,GLEEP,United Kingdom,,,,,,,,no donor
RRDB:GB0018,Toad,United Kingdom,,,,,,,,no donor
RRDB:GB0019,Panther,United Kingdom,,,,,,,,no donor
RRDB:GB0020,Puma,United Kingdom,,,,,,,,no donor
RRDB:GB0015,Phoenix,United Kingdom,,,,,,,,no donor
RRDB:GB0016,Sirius,United Kingdom,,,,,,,,no donor
RRDB:GB0017,Tessie,United Kingdom,,,,,,,,no donor
RRDB:GB0021,QMC Subcritical Assembly,United Kingdom,,,,,,,,no donor
RRDB:GB0030,QMC UTR-B,United Kingdom,,,,,,,,no donor
RRDB:FR0048,Ulysse,France,,,,,,,,no donor
RRDB:FR0047,Silene,France,,,,,,,,no donor
RRDB:FR0046,Mirene,France,,,,,,,,no donor
RRDB:FR0045,Strasbourg-Cronenbourg,France,,,,,,,,no donor
RRDB:FR0027,Pegase,France,,,,,,,,no donor
RRDB:FR0026,EL-2,France,,,,,,,,no donor
RRDB:FR0025,ZOE (EL-1),France,,,,,,,,no donor
RRDB:FR0024,Scarabee,France,,,,,,,,no donor
RRDB:FR0020,Phebus,France,,,,,,,,no donor
RRDB:FR0019,Cabri,France,,,,,,,,no donor
RRDB:FR0017,ILL High Flux Reactor,France,,,,,,,,no donor
RRDB:FR028 ,Harmonie,France,,,,,,,,no donor
RRDB:FR0011,Rapsodie,France,wikidata,Q999450,43.67659,5.77266,exact-name-country,,,
RRDB:FR0010,Siloette,France,,,,,,,,no donor
RRDB:FR0009,Cesar,France,,,,,,,,no donor
RRDB:FR0008,EL 4,France,,,,,,,,no donor
RRDB:FR0007,Siloe,France,,,,,,,,no donor
RRDB:FR0006,Nereide,France,,,,,,,,no donor
RRDB:FR0005,Marius,France,,,,,,,,no donor
RRDB:FR0004,Triton,France,,,,,,,,no donor
RRDB:FR0002,Melusine,France,wikidata,Q15968505,45.19862,5.70188,exact-name-country,,,
RRDB:FR0001,EL 3,France,,,,,,,,no donor
RRDB:FR0035,Proserpine,France,,,,,,,,no donor
RRDB:FR0036,Alecto,France,,,,,,,,no donor
RRDB:FR012 ,Peggy,France,,,,,,,,no donor
RRDB:FR031 ,Alizee,France,,,,,,,,no donor
RRDB:FI0002,SCA,Finland,,,,,,,,no donor
RRDB:ES0004,CORAL-I,Spain,,,,,,,,no donor
RRDB:ES0003,ARBI Reactor,Spain,,,,,,,,no donor
RRDB:ES0002,Argos Research Reactor,Spain,,,,,,,,no donor
RRDB:ES0001,JEN-1 Mod,Spain,,,,,,,,no donor
RRDB:DK0003,DR-3,Denmark,,,,,,,,no donor
RRDB:DK0001,DR-2,Denmark,,,,,,,,no donor
RRDB:DK0002,DR-1,Denmark,,,,,,,,no donor
RRDB:DE0050,ANEX,Germany,,,,,,,,no donor
RRDB:DE0044,AKR-2,Germany,wikidata,Q778029,51.0286,13.7269,exact-name-country,,,
RRDB:DE0035,SUR Furtwangen,Germany,,,,,,,,no donor
RRDB:DE0028,AEG Nullenergie Reaktor,Germany,,,,,,,,no donor
RRDB:DE0026,ADIBKA (L77A),Germany,,,,,,,,no donor
RRDB:DE0023,SUR Ulm,Germany,,,,,,,,no donor
RRDB:DE0014,SUR Stuttgart,Germany,,,,,,,,no donor
RRDB:CZ0002,SR-0,Czech Republic,,,,,,,,no donor
RRDB:CZ0001,TR-0,Czech Republic,,,,,,,,no donor
RRDB:CO0001,IAN-R1,Colombia,,,,,,,,no donor
RRDB:CN0023,CMRR (China Mianyang Research Reactor),China,,,,,,,,no donor
RRDB:CN0016,HTR-10,China,,,,,,,,no donor
RRDB:CN0012,MJTR,China,,,,,,,,no donor
RRDB:CN0011,ESR-901,China,,,,,,,,no donor
RRDB:CN0010,NHR-5,China,,,,,,,,no donor
RRDB:CN0009,SPRR-300,China,,,,,,,,no donor
RRDB:CN0008,HFETR Critical,China,,,,,,,,no donor
RRDB:CN0007,PPR PULSING,China,,,,,,,,no donor
RRDB:CN0004,HFETR,China,,,,,,,,no donor
RRDB:CN0001,Zero Power Reactor,China,,,,,,,,no donor
RRDB:CH0005,PROTEUS,Switzerland,,,,,,,,no donor
RRDB:CH0006,DIORIT,Switzerland,,,,,,,,no donor
RRDB:CH0002,AGN-201P,Switzerland,,,,,,,,no donor
RRDB:CH0001,SAPHIR,Switzerland,,,,,,,,no donor
RRDB:CA0005,ZED-2,Canada,,,,,,,,no donor
RRDB:CA0004,MNR McMaster University,Canada,,,,,,,,no donor
RRDB:BE0003,BR-3,Belgium,,,,,,,,no donor
RRDB:BE0005,"BR-02, Mock-up of BR2",Belgium,,,,,,,,no donor
RRDB:BE0004,THETIS RR-BN-1,Belgium,,,,,,,,no donor
RRDB:AU0003,CF,Australia,,,,,,,,no donor
RRDB:AU0001,HIFAR,Australia,,,,,,,,no donor
RRDB:AU0002,MOATA,Australia,,,,,,,,no donor
RRDB:AR0004,RA-2,Argentina,,,,,,,,no donor
RRDB:AR0007,RA-8,Argentina,,,,,,,,no donor
RRDB:AR0001,RA-1 Enrico Fermi Reactor,Argentina,,,,,,,,no donor
RRDB:VE0001,RV-1,"Venezuela, Bolivarian Republic of",,,,,,,,no donor
RRDB:CD0001,TRICO I,Democratic Republic of the Congo,,,,,,,,no donor
RRDB:IT0001,ECO (Orgel Critical Experiment),Italy,,,,,,,,no donor
RRDB:IT0002,ESSOR Nuclear Plant,Italy,,,,,,,,no donor
RRDB:BY0004,Kristal,Belarus,,,,,,,,no donor
RRDB:NG0002,Multipurpose Research Reactor,Nigeria,,,,,,,,no donor
RRDB:IN0012,Thermal RR,India,,,,,,,,no donor
RRDB:US0047,GA-TRIGA F,United States of America,,,,,,,,no donor
RRDB:US0045,GA-TRIGA I,United States of America,,,,,,,,no donor
RRDB:FR0018,RNG New Generation Reactor,France,,,,,,,,no donor
RRDB:US0068,UCNR Union Carbide,United States of America,,,,,,,,no donor
RRDB:ZA0001,SAFARI-1,South Africa,wikidata,Q7388510,-25.8,27.95,exact-name-country,,,
RRDB:KZ0003,IVG.1M,Kazakhstan,,,,,,,,no donor
RRDB:CN0024,TMSR-SF1,China,,,,,,,,no donor
RRDB:BR0001,IEA-R1,Brazil,,,,,,,,no donor
RRDB:RU0013,MIR.M1,Russian Federation,,,,,,,,no donor
RRDB:RU0004,IR-8,Russian Federation,,,,,,,,no donor
RRDB:RU110 ,UVPSh,Russian Federation,,,,,,,,no donor
RRDB:RU111 ,UG Subcritical,Russian Federation,,,,,,,,no donor
RRDB:RU114 ,UV,Russian Federation,,,,,,,,no donor
RRDB:FR0040,PHENIX,France,wikidata,Q113368,44.14333,4.71167,exact-name-country,,,
RRDB:FR029 ,G-1,France,,,,,,,,no donor
RRDB:JP0028,OCF Ozenji Critical Facility,Japan,,,,,,,,no donor
RRDB:JP0029,MCF,Japan,,,,,,,,no donor
RRDB:JP0026,JRR-1,Japan,,,,,,,,no donor
RRDB:JP0027,SCA,Japan,,,,,,,,no donor
RRDB:JP0021,AHCF,Japan,,,,,,,,no donor
RRDB:BY0002,YALINA-Thermal,Belarus,,,,,,,,no donor
RRDB:SA001 ,LPRR,Saudi Arabia,,,,,,,,no donor
RRDB:RU0021,RBT-10/1,Russian Federation,,,,,,,,no donor
RRDB:RU113 ,UG Rig,Russian Federation,,,,,,,,no donor
RRDB:RU107 ,VVER,Russian Federation,,,,,,,,no donor
RRDB:RS0003,RB,Serbia,,,,,,,,no donor
RRDB:FR033 ,Rachel,France,,,,,,,,no donor
RRDB:FR032 ,Rubeole,France,,,,,,,,no donor
RRDB:RU026 ,Aksamit,Russian Federation,,,,,,,,no donor
RRDB:RS0002,RA,Serbia,,,,,,,,no donor
RRDB:NL0007,Delphi,"Netherlands, Kingdom of the",,,,,,,,no donor
RRDB:VN0002,Multipurpose Research Reactor,Viet Nam,,,,,,,,no donor
RRDB:JO0001,JSA - Jordan Subcritical Assembly,Jordan,,,,,,,,no donor
RRDB:CN0020,TFHR Thorium Pebble Bed,China,,,,,,,,no donor
RRDB:US0263,Critical Experiment Tank,United States of America,,,,,,,,no donor
RRDB:IL0001,IRR-1,Israel,,,,,,,,no donor
RRDB:UA0004,Multipurpose RR,Ukraine,,,,,,,,no donor
RRDB:PE0001,RP-0,Peru,,,,,,,,no donor
RRDB:KP0001,IRT-DPRK,Dem. P.R. of Korea,,,,,,,,no donor
RRDB:AR0006,RA-6,Argentina,,,,,,,,no donor
RRDB:AR0003,RA-0,Argentina,,,,,,,,no donor
RRDB:AR0002,RA-3,Argentina,,,,,,,,no donor
RRDB:BY009 ,Giacint,Belarus,,,,,,,,no donor
RRDB:RU116 ,R-1,Russian Federation,,,,,,,,no donor
RRDB:RU115 ,SO-2M,Russian Federation,,,,,,,,no donor
RRDB:RU112 ,7KVD,Russian Federation,,,,,,,,no donor
RRDB:IR0003,ENTC GSCR,"Iran, Islamic Republic of",,,,,,,,no donor
RRDB:IQ0002,TAMMUZ-2,Iraq,,,,,,,,no donor
RRDB:IQ0001,IRT-5000,Iraq,,,,,,,,no donor
RRDB:ZA0002,Pelinduna-0,South Africa,,,,,,,,no donor
RRDB:IL0002,IRR-2,Israel,,,,,,,,no donor
RRDB:BY0003,YALINA-Booster,Belarus,,,,,,,,no donor
RRDB:UA0002,"SNI, IR-100",Ukraine,,,,,,,,no donor
RRDB:UA0003,SPh IR-100,Ukraine,,,,,,,,no donor
RRDB:HU0003,ZR-6M,Hungary,,,,,,,,no donor
RRDB:GB0045,HECTOR,United Kingdom,,,,,,,,no donor
